2012-01-04,179.210007,180.5,176.070007,177.509995,down
2012-01-05,175.940002,178.25,174.050003,177.610001,up
2012-01-06,178.070007,184.649994,177.5,182.610001,up
2012-01-09,182.759995,184.369995,177.0,178.559998,down
2012-01-10,181.100006,182.399994,177.100006,179.339996,up
2012-01-11,179.639999,180.770004,178.190002,178.899994,down
2012-01-12,179.419998,179.490005,175.75,175.929993,down
2012-01-13,175.809998,178.800003,173.5,178.419998,up
2012-01-17,180.149994,183.300003,178.509995,181.660004,up
2012-01-18,181.940002,190.25,181.119995,189.440002,up
2012-01-19,190.880005,195.940002,190.360001,194.449997,up
2012-01-20,190.710007,192.899994,189.039993,190.929993,down
2012-01-23,190.789993,191.729996,185.229996,186.089996,down
2012-01-24,185.0,188.410004,183.820007,187.0,up
2012-01-25,186.990005,188.169998,184.610001,187.800003,up
2012-01-26,189.300003,194.850006,188.729996,193.320007,up
2012-01-27,193.089996,196.5,192.330002,195.369995,up
2012-01-30,193.679993,195.0,190.130005,192.149994,down
2012-01-31,194.0,195.630005,189.699997,194.440002,up
2012-02-01,173.809998,179.949997,172.0,179.460007,down
2012-02-02,179.649994,181.940002,176.800003,181.720001,up
2012-02-03,182.830002,187.899994,181.889999,187.679993,up
2012-02-06,186.279999,186.559998,182.919998,183.139999,down
2012-02-07,182.649994,184.940002,182.059998,184.190002,up
2012-02-08,184.949997,186.490005,182.910004,185.479996,up
2012-02-09,184.5,185.690002,181.759995,184.979996,down
2012-02-10,183.419998,187.630005,182.520004,185.539993,up
2012-02-13,187.169998,192.5,185.679993,191.589996,up
2012-02-14,191.080002,193.570007,186.100006,191.300003,down
2012-02-15,191.289993,191.539993,183.259995,184.470001,down
2012-02-16,177.789993,181.679993,175.139999,179.929993,down
2012-02-17,180.089996,183.410004,179.360001,182.5,up
2012-02-21,182.649994,184.75,180.580002,182.259995,down
2012-02-22,181.949997,182.990005,180.289993,180.580002,down
2012-02-23,179.639999,180.75,176.960007,178.889999,down
2012-02-24,179.699997,180.740005,178.369995,179.130005,up
2012-02-27,177.539993,179.190002,176.5,178.529999,down
2012-02-28,178.899994,184.289993,177.949997,183.800003,up
2012-02-29,183.889999,184.0,179.009995,179.690002,down
2012-03-01,179.889999,180.490005,176.580002,180.039993,up
2012-03-02,179.479996,181.839996,178.919998,179.300003,down
2012-03-05,179.0,181.820007,178.179993,180.259995,up
2012-03-06,178.679993,183.5,178.039993,181.089996,up
2012-03-07,182.649994,185.5,182.399994,183.770004,up
2012-03-08,184.169998,188.380005,183.800003,187.639999,up
2012-03-09,186.789993,187.199997,183.440002,184.320007,down
2012-03-12,184.130005,185.399994,182.199997,183.389999,down
2012-03-13,183.919998,184.869995,180.770004,184.589996,up
2012-03-14,183.649994,184.320007,181.139999,182.259995,down
2012-03-15,182.020004,184.429993,180.300003,184.429993,up
2012-03-16,183.279999,185.679993,182.350006,185.050003,up
2012-03-19,183.449997,186.679993,183.0,185.520004,up
2012-03-20,184.880005,194.410004,182.880005,192.330002,up
2012-03-21,192.5,194.279999,191.259995,191.729996,down
2012-03-22,190.539993,194.059998,190.259995,192.399994,up
2012-03-23,192.009995,196.199997,191.800003,195.039993,up
2012-03-26,196.479996,202.970001,195.5,202.869995,up
2012-03-27,203.589996,209.850006,202.880005,205.440002,up
2012-03-28,206.139999,207.0,200.309998,201.160004,down
2012-03-29,201.279999,205.309998,200.630005,204.610001,up
2012-03-30,205.020004,206.850006,201.869995,202.509995,down
2012-04-02,198.020004,199.899994,197.0,198.050003,down
2012-04-03,198.240005,202.389999,197.5,199.660004,up
2012-04-04,196.949997,197.679993,192.360001,193.990005,down
2012-04-05,193.550003,196.029999,193.550003,194.389999,up
2012-04-09,192.020004,194.199997,190.5,191.869995,down
2012-04-10,192.75,193.520004,186.570007,186.979996,down
2012-04-11,189.630005,191.970001,186.789993,187.970001,up
2012-04-12,188.059998,192.259995,185.610001,190.690002,up
2012-04-13,189.899994,189.940002,186.259995,188.460007,down
2012-04-16,189.009995,189.470001,183.649994,185.5,down
2012-04-17,187.210007,190.039993,186.869995,188.389999,up
2012-04-18,188.820007,193.449997,188.740005,191.070007,up
2012-04-19,192.929993,194.550003,189.75,191.100006,up
2012-04-20,192.339996,193.479996,189.800003,189.979996,down
2012-04-23,188.990005,188.990005,185.509995,188.240005,down
2012-04-24,188.679993,190.699997,186.509995,190.330002,up
2012-04-25,191.669998,194.800003,191.600006,194.419998,up
2012-04-26,193.570007,196.360001,193.020004,195.990005,up
2012-04-27,224.830002,228.690002,220.220001,226.850006,up
2012-04-30,223.949997,233.839996,223.050003,231.899994,up
2012-05-01,229.399994,232.970001,228.399994,230.039993,down
2012-05-02,227.820007,231.440002,227.399994,230.25,up
2012-05-03,229.740005,232.529999,228.029999,229.449997,down
2012-05-04,227.800003,229.720001,223.740005,223.990005,down
2012-05-07,222.360001,226.869995,222.289993,225.160004,up
2012-05-08,223.149994,225.389999,218.199997,223.899994,down
2012-05-09,220.589996,225.779999,220.160004,222.979996,down
2012-05-10,223.910004,229.080002,221.949997,226.690002,up
2012-05-11,225.949997,230.679993,225.729996,227.679993,up
2012-05-14,225.600006,227.289993,222.509995,222.929993,down
2012-05-15,226.5,230.610001,223.0,224.389999,up
2012-05-16,225.0,228.0,222.5,224.059998,down
2012-05-17,225.050003,226.0,218.089996,218.360001,down
2012-05-18,219.410004,219.630005,212.809998,213.850006,down
2012-05-21,214.029999,219.979996,212.820007,218.110001,up
2012-05-22,218.309998,218.869995,213.960007,215.330002,down
2012-05-23,214.710007,217.550003,211.179993,217.279999,up
2012-05-24,216.979996,217.660004,212.699997,215.240005,down
2012-05-25,214.990005,215.979996,212.220001,212.889999,down
2012-05-29,214.300003,216.550003,212.289993,214.75,up
2012-05-30,212.139999,212.979996,207.75,209.229996,down
2012-05-31,209.479996,213.789993,207.110001,212.910004,up
2012-06-01,208.440002,211.229996,207.300003,208.220001,down
2012-06-04,207.399994,215.350006,206.369995,214.570007,up
2012-06-05,213.850006,216.860001,211.160004,213.210007,down
2012-06-06,214.630005,218.399994,214.520004,217.639999,up
2012-06-07,219.649994,221.490005,218.110001,218.800003,up
2012-06-08,218.610001,219.419998,216.660004,218.479996,down
2012-06-11,217.490005,220.869995,215.199997,216.5,down
2012-06-12,217.649994,218.0,214.520004,216.419998,down
2012-06-13,215.520004,217.380005,213.520004,214.729996,down
2012-06-14,215.259995,216.5,212.559998,214.449997,down
2012-06-15,215.289993,219.330002,214.460007,218.350006,up
2012-06-18,217.279999,223.759995,216.729996,222.660004,up
2012-06-19,223.259995,225.199997,221.660004,224.029999,up
2012-06-20,224.509995,224.740005,220.839996,223.020004,down
2012-06-21,223.839996,226.029999,220.520004,220.570007,down
2012-06-22,221.830002,222.509995,219.350006,222.160004,up
2012-06-25,220.300003,221.589996,218.0,220.070007,down
2012-06-26,221.449997,226.389999,221.449997,225.610001,up
2012-06-27,225.009995,227.5,223.300003,225.619995,up
2012-06-28,223.919998,224.619995,218.75,221.309998,down
2012-06-29,224.699997,228.350006,223.710007,228.350006,up
2012-07-02,229.300003,229.339996,226.339996,229.320007,up
2012-07-03,229.139999,229.529999,227.589996,229.529999,up
2012-07-05,228.619995,230.5,226.529999,227.059998,down
2012-07-06,226.350006,228.899994,224.179993,225.050003,down
2012-07-09,225.0,226.0,223.449997,225.050003,down
2012-07-10,226.25,227.139999,218.279999,219.5,down
2012-07-11,218.949997,221.740005,215.339996,218.369995,down
2012-07-12,216.610001,217.300003,212.610001,215.360001,down
2012-07-13,215.630005,219.309998,213.880005,218.389999,up
2012-07-16,216.600006,218.309998,214.460007,216.009995,down
2012-07-17,217.449997,217.940002,213.960007,216.929993,up
2012-07-18,216.149994,218.669998,215.710007,217.470001,up
2012-07-19,220.729996,227.5,220.690002,226.169998,up
2012-07-20,225.360001,229.389999,225.289993,228.289993,up
2012-07-23,224.720001,226.580002,221.539993,226.009995,down
2012-07-24,226.270004,226.610001,221.229996,223.039993,down
2012-07-25,222.0,222.5,215.910004,217.050003,down
2012-07-26,220.0,221.449997,214.949997,220.009995,up
2012-07-27,225.25,238.339996,224.5,237.320007,up
2012-07-30,237.0,240.740005,234.070007,236.089996,down
2012-07-31,235.100006,236.300003,231.610001,233.300003,down
2012-08-01,234.139999,234.380005,230.699997,232.089996,down
2012-08-02,230.559998,234.339996,228.660004,230.809998,down
2012-08-03,234.029999,236.490005,233.029999,234.970001,up
2012-08-06,235.559998,235.740005,233.809998,233.990005,down
2012-08-07,234.130005,238.0,233.25,236.559998,up
2012-08-08,235.289993,236.449997,233.589996,234.380005,down
2012-08-09,233.929993,235.990005,233.5,234.059998,down
2012-08-10,233.080002,234.850006,231.429993,232.75,down
2012-08-13,232.229996,234.369995,231.0,232.440002,down
2012-08-14,234.710007,236.720001,232.619995,233.190002,up
2012-08-15,232.259995,238.139999,232.25,237.419998,up
2012-08-16,237.720001,242.820007,236.199997,241.550003,up
2012-08-17,240.600006,243.350006,240.470001,241.169998,down
2012-08-20,241.369995,241.649994,238.199997,240.350006,down
2012-08-21,240.880005,243.850006,238.550003,239.449997,down
2012-08-22,239.399994,244.899994,238.800003,243.100006,up
2012-08-23,242.139999,243.479996,239.020004,241.199997,down
2012-08-24,241.679993,246.869995,241.360001,245.740005,up
2012-08-27,245.789993,247.5,243.119995,243.919998,down
2012-08-28,243.970001,246.779999,243.0,246.110001,up
2012-08-29,246.779999,247.610001,244.589996,247.119995,up
2012-08-30,246.990005,250.0,245.25,246.220001,down
2012-08-31,248.070007,249.449997,245.5,248.270004,up
2012-09-04,248.270004,251.0,244.660004,247.880005,down
2012-09-05,247.610001,248.610001,245.300003,246.220001,down
2012-09-06,248.229996,252.699997,247.199997,251.380005,up
2012-09-07,253.850006,259.420013,253.520004,259.140015,up
2012-09-10,259.0,260.0,256.820007,257.089996,down
2012-09-11,257.600006,257.600006,254.259995,255.669998,down
2012-09-12,256.5,257.779999,253.5,255.630005,down
2012-09-13,254.940002,262.0,253.800003,260.23999,up
2012-09-14,261.399994,264.109985,259.769989,261.269989,up
2012-09-17,261.25,261.25,257.0,258.0,down
2012-09-18,258.480011,260.5,257.0,258.75,up
2012-09-19,259.450012,262.839996,258.529999,261.679993,up
2012-09-20,260.029999,260.869995,258.0,260.809998,down
2012-09-21,261.73999,262.0,256.73999,257.470001,down
2012-09-24,255.220001,255.600006,253.0,254.800003,down
2012-09-25,256.329987,258.950012,251.029999,252.460007,down
2012-09-26,252.399994,254.610001,248.229996,249.669998,down
2012-09-27,250.539993,257.399994,250.520004,256.589996,up
2012-09-28,256.140015,257.0,253.199997,254.320007,down
2012-10-01,255.399994,256.160004,250.490005,252.009995,down
2012-10-02,252.800003,253.149994,249.029999,250.600006,down
2012-10-03,251.210007,256.100006,249.559998,255.919998,up
2012-10-04,256.01001,261.519989,255.869995,260.470001,up
2012-10-05,261.200012,261.899994,257.48999,258.51001,down
2012-10-08,257.670013,259.799988,255.559998,259.059998,up
2012-10-09,258.670013,259.350006,250.729996,250.960007,down
2012-10-10,252.0,252.460007,244.009995,244.990005,down
2012-10-11,248.0,249.300003,241.889999,244.220001,down
2012-10-12,243.179993,245.460007,241.910004,242.360001,down
2012-10-15,242.850006,244.779999,238.509995,244.179993,up
2012-10-16,244.869995,245.770004,242.080002,243.940002,down
2012-10-17,243.369995,248.800003,243.300003,247.490005,up
2012-10-18,247.770004,250.910004,242.699997,244.850006,down
2012-10-19,245.160004,246.820007,238.940002,240.0,down
2012-10-22,238.809998,238.949997,232.320007,233.779999,down
2012-10-23,231.050003,236.5,230.009995,234.309998,up
2012-10-24,235.880005,235.940002,227.949997,228.490005,down
2012-10-25,230.919998,230.919998,222.919998,222.919998,down
2012-10-26,228.600006,238.710007,226.690002,238.240005,up
2012-10-31,236.320007,238.699997,230.5,232.889999,down
2012-11-01,234.229996,234.550003,231.339996,232.139999,down
2012-11-02,234.009995,237.399994,232.110001,232.419998,up
2012-11-05,232.039993,234.830002,230.110001,234.330002,up
2012-11-06,235.410004,237.75,234.449997,237.559998,up
2012-11-07,235.649994,235.660004,229.419998,232.059998,down
2012-11-08,232.220001,233.449997,227.100006,227.350006,down
2012-11-09,226.259995,230.970001,224.600006,226.309998,down
2012-11-12,226.589996,229.220001,225.410004,226.470001,up
2012-11-13,225.119995,227.899994,224.710007,226.600006,up
2012-11-14,226.5,227.410004,222.509995,222.949997,down
2012-11-15,222.300003,225.160004,218.179993,220.600006,down
2012-11-16,221.309998,226.25,218.639999,225.229996,up
2012-11-19,228.320007,232.5,227.449997,229.710007,up
2012-11-20,230.0,233.820007,229.5,233.779999,up
2012-11-21,233.839996,238.669998,232.75,238.029999,up
2012-11-23,239.889999,240.0,236.479996,239.880005,up
2012-11-26,240.389999,244.320007,238.0,243.619995,up
2012-11-27,243.220001,245.669998,241.539993,243.399994,down
2012-11-28,242.449997,247.229996,241.5,247.110001,up
2012-11-29,248.050003,252.479996,247.5,251.270004,up
2012-11-30,250.380005,252.649994,248.270004,252.050003,up
2012-12-03,252.539993,254.160004,250.0,250.330002,down
2012-12-04,249.940002,253.0,248.660004,252.490005,up
2012-12-05,252.440002,255.550003,250.380005,253.960007,up
2012-12-06,253.0,255.169998,251.509995,253.369995,down
2012-12-07,254.139999,255.210007,252.009995,253.270004,down
2012-12-10,253.100006,254.779999,247.300003,247.770004,down
2012-12-11,248.5,253.479996,246.649994,250.690002,up
2012-12-12,251.070007,254.360001,250.059998,251.759995,up
2012-12-13,251.110001,254.539993,250.020004,251.25,down
2012-12-14,250.110001,251.899994,247.789993,249.190002,down
2012-12-17,249.809998,254.0,249.259995,253.860001,up
2012-12-18,254.570007,263.109985,254.570007,260.399994,up
2012-12-19,261.299988,261.670013,257.679993,257.98999,down
2012-12-20,258.359985,262.410004,256.540009,261.5,up
2012-12-21,257.820007,258.380005,255.740005,256.920013,down
2012-12-24,257.299988,259.5,256.959991,258.619995,up
2012-12-26,257.149994,257.420013,248.039993,248.630005,down
2012-12-27,248.279999,249.350006,242.860001,248.309998,down
2012-12-28,245.850006,247.440002,245.050003,245.179993,down
2012-12-31,243.75,252.410004,242.75,250.869995,up
2013-01-02,256.079987,258.100006,253.259995,257.309998,up
2013-01-03,257.269989,260.880005,256.369995,258.480011,up
2013-01-04,257.579987,259.799988,256.649994,259.149994,up
2013-01-07,262.970001,269.730011,262.670013,268.459991,up
2013-01-08,267.070007,268.980011,263.570007,266.380005,down
2013-01-09,268.170013,269.5,265.399994,266.350006,down
2013-01-10,268.540009,268.73999,262.299988,265.339996,down
2013-01-11,265.100006,268.429993,264.109985,267.940002,up
2013-01-14,268.0,274.26001,267.540009,272.730011,up
2013-01-15,270.679993,272.730011,269.299988,271.899994,down
2013-01-16,270.529999,271.23999,267.829987,268.929993,down
2013-01-17,271.5,271.970001,269.209991,270.480011,up
2013-01-18,270.829987,274.5,269.600006,272.119995,up
2013-01-22,271.619995,272.100006,269.230011,270.190002,down
2013-01-23,270.570007,271.089996,266.649994,268.109985,down
2013-01-24,269.369995,276.649994,269.369995,273.459991,up
2013-01-25,275.0,284.720001,274.399994,283.98999,up
2013-01-28,283.779999,284.480011,274.399994,276.040009,down
2013-01-29,275.350006,275.459991,258.350006,260.350006,down
2013-01-30,283.0,284.200012,267.109985,272.76001,up
2013-01-31,271.040009,275.940002,263.700012,265.5,down
2013-02-01,268.929993,268.929993,262.799988,265.0,down
2013-02-04,262.779999,264.679993,259.070007,259.980011,down
2013-02-05,262.0,268.029999,261.459991,266.890015,up
2013-02-06,265.160004,266.890015,261.109985,262.220001,down
2013-02-07,264.100006,264.100006,255.110001,260.230011,down
2013-02-08,261.399994,265.25,260.549988,261.950012,up
2013-02-11,263.200012,263.25,256.600006,257.209991,down
2013-02-12,259.190002,260.160004,257.0,258.700012,up
2013-02-13,261.529999,269.959991,260.299988,269.470001,up
2013-02-14,267.369995,270.649994,265.399994,269.23999,down
2013-02-15,267.630005,268.920013,263.109985,265.089996,down
2013-02-19,265.910004,270.109985,264.5,269.75,up
2013-02-20,270.200012,274.299988,266.369995,266.410004,down
2013-02-21,265.119995,269.480011,263.25,265.940002,down
2013-02-22,266.619995,267.109985,261.609985,265.420013,down
2013-02-25,266.940002,268.690002,259.649994,259.869995,down
2013-02-26,260.890015,262.040009,255.729996,259.359985,down
2013-02-27,259.399994,265.829987,256.859985,263.25,up
2013-02-28,261.809998,267.0,260.630005,264.269989,up
2013-03-01,263.269989,266.600006,261.040009,265.73999,up
2013-03-04,265.359985,273.299988,264.140015,273.109985,up
2013-03-05,274.0,276.679993,269.98999,275.589996,up
2013-03-06,275.76001,276.48999,271.829987,273.790009,down
2013-03-07,274.100006,274.799988,271.850006,273.880005,up
2013-03-08,275.0,275.440002,271.5,274.190002,up
2013-03-11,273.429993,273.98999,270.399994,271.23999,down
2013-03-12,271.0,277.399994,270.359985,274.130005,up
2013-03-13,275.23999,276.5,272.640015,275.100006,up
2013-03-14,269.670013,270.0,263.529999,265.73999,down
2013-03-15,264.980011,267.26001,260.049988,261.820007,down
2013-03-18,259.299988,261.48999,257.119995,257.890015,down
2013-03-19,258.399994,259.5,252.619995,256.410004,down
2013-03-20,258.049988,259.76001,254.550003,257.279999,up
2013-03-21,256.109985,257.0,252.679993,253.389999,down
2013-03-22,254.550003,257.769989,252.070007,257.75,up
2013-03-25,258.579987,259.429993,254.5,256.019989,down
2013-03-26,257.049988,261.480011,256.279999,260.309998,up
2013-03-27,258.75,265.929993,257.899994,265.299988,up
2013-03-28,265.820007,267.380005,264.059998,266.48999,up
2013-04-01,266.980011,267.399994,261.01001,261.609985,down
2013-04-02,262.399994,265.890015,260.549988,263.320007,up
2013-04-03,262.119995,263.670013,257.75,259.029999,down
2013-04-04,259.230011,260.410004,256.119995,259.079987,up
2013-04-05,255.720001,256.179993,253.669998,255.479996,down
2013-04-08,255.919998,259.679993,255.630005,258.950012,up
2013-04-09,258.850006,262.609985,257.0,261.140015,up
2013-04-10,261.779999,265.980011,259.320007,264.769989,up
2013-04-11,264.73999,270.970001,264.73999,269.850006,up
2013-04-12,270.119995,273.269989,267.019989,272.869995,up
2013-04-15,271.079987,275.119995,267.100006,267.720001,down
2013-04-16,269.309998,272.799988,268.059998,272.339996,up
2013-04-17,270.799988,270.850006,264.25,267.399994,down
2013-04-18,266.809998,266.98999,256.600006,259.420013,down
2013-04-19,258.160004,262.880005,257.5,260.320007,up
2013-04-22,259.350006,264.600006,258.029999,263.549988,up
2013-04-23,264.5,269.869995,264.5,268.899994,up
2013-04-24,269.5,271.470001,266.809998,268.779999,down
2013-04-25,271.529999,275.799988,270.5,274.700012,up
2013-04-26,269.970001,272.019989,252.809998,254.809998,down
2013-04-29,254.899994,257.01001,249.149994,249.740005,down
2013-04-30,249.369995,254.679993,248.559998,253.809998,up
2013-05-01,253.899994,254.199997,245.75,248.229996,down
2013-05-02,248.940002,252.929993,245.779999,252.550003,up
2013-05-03,256.140015,259.25,254.699997,258.049988,up
2013-05-06,258.089996,259.5,253.419998,255.720001,down
2013-05-07,256.309998,259.73999,252.910004,257.730011,up
2013-05-08,256.869995,260.299988,255.330002,258.679993,up
2013-05-09,258.730011,263.549988,256.880005,260.160004,up
2013-05-10,260.880005,263.649994,260.209991,263.630005,up
2013-05-13,262.769989,265.880005,262.0,264.51001,up
2013-05-14,264.5,269.399994,264.029999,268.329987,up
2013-05-15,267.070007,269.049988,264.559998,266.559998,down
2013-05-16,265.959991,268.429993,263.850006,264.119995,down
2013-05-17,265.829987,269.980011,265.0,269.899994,up
2013-05-20,269.0,271.790009,266.5,267.630005,down
2013-05-21,268.73999,270.769989,267.660004,268.859985,up
2013-05-22,267.390015,267.589996,260.799988,262.959991,down
2013-05-23,260.48999,263.170013,259.589996,261.799988,down
2013-05-24,259.850006,261.929993,258.339996,261.73999,down
2013-05-28,266.480011,271.100006,266.0,267.290009,up
2013-05-29,265.459991,268.25,264.839996,265.529999,down
2013-05-30,265.709991,268.570007,265.609985,266.829987,up
2013-05-31,266.0,271.910004,265.940002,269.200012,up
2013-06-03,268.959991,269.109985,262.950012,266.880005,down
2013-06-04,267.0,268.880005,263.019989,265.700012,down
2013-06-05,265.809998,271.660004,265.019989,267.170013,up
2013-06-06,267.75,270.5,264.209991,267.829987,up
2013-06-07,269.73999,280.100006,269.130005,276.869995,up
2013-06-10,276.679993,282.470001,275.23999,281.070007,up
2013-06-11,276.0,278.410004,274.23999,274.779999,down
2013-06-12,276.600006,276.799988,270.450012,271.670013,down
2013-06-13,271.5,276.799988,270.290009,275.790009,up
2013-06-14,275.0,277.070007,273.440002,273.98999,down
2013-06-17,276.350006,280.200012,275.649994,278.059998,up
2013-06-18,279.079987,282.910004,278.109985,281.76001,up
2013-06-19,281.26001,283.339996,277.869995,278.160004,down
2013-06-20,275.140015,278.600006,272.390015,273.440002,down
2013-06-21,274.570007,275.839996,269.790009,273.359985,down
2013-06-24,271.290009,273.160004,265.0,270.609985,down
2013-06-25,272.299988,273.470001,269.0,272.089996,up
2013-06-26,273.980011,277.980011,273.5,277.570007,up
2013-06-27,279.179993,280.200012,274.540009,277.549988,down
2013-06-28,276.190002,279.829987,276.190002,277.690002,up
2013-07-01,279.0,283.290009,277.160004,282.100006,up
2013-07-02,281.040009,286.579987,280.589996,283.730011,up
2013-07-03,282.0,285.399994,282.0,284.029999,up
2013-07-05,285.0,286.380005,282.070007,285.880005,up
2013-07-08,286.420013,291.670013,286.140015,290.589996,up
2013-07-09,291.0,292.570007,288.01001,291.529999,up
2013-07-10,291.410004,293.339996,289.399994,292.329987,up
2013-07-11,294.98999,300.690002,292.100006,299.660004,up
2013-07-12,298.690002,307.549988,298.5,307.549988,up
2013-07-15,307.269989,307.98999,304.350006,306.570007,down
2013-07-16,307.299988,309.390015,305.51001,306.869995,up
2013-07-17,306.970001,308.799988,305.690002,308.690002,up
2013-07-18,306.269989,306.339996,301.869995,304.109985,down
2013-07-19,304.390015,305.790009,301.910004,305.230011,up
2013-07-22,309.25,309.25,302.0,303.480011,down
2013-07-23,303.160004,305.059998,300.559998,301.059998,down
2013-07-24,303.019989,303.839996,298.040009,298.940002,down
2013-07-25,299.0,304.5,296.75,303.399994,up
2013-07-26,299.549988,313.619995,295.549988,312.01001,up
2013-07-29,311.070007,313.0,305.899994,306.100006,down
2013-07-30,307.720001,309.779999,301.570007,302.410004,down
2013-07-31,303.910004,305.149994,301.0,301.220001,down
2013-08-01,303.079987,306.209991,298.899994,305.570007,up
2013-08-02,304.630005,305.329987,301.5,304.209991,down
2013-08-05,303.399994,303.619995,298.299988,300.98999,down
2013-08-06,300.51001,301.359985,297.519989,300.75,down
2013-08-07,300.149994,300.98999,296.149994,296.910004,down
2013-08-08,298.519989,298.519989,292.549988,295.73999,down
2013-08-09,295.679993,299.269989,294.299988,297.26001,up
2013-08-12,295.790009,299.079987,295.26001,296.690002,down
2013-08-13,295.880005,296.369995,290.670013,293.970001,down
2013-08-14,294.290009,294.290009,290.540009,291.339996,down
2013-08-15,288.790009,289.299988,285.149994,286.470001,down
2013-08-16,286.549988,288.329987,284.5,284.820007,down
2013-08-19,285.190002,289.559998,283.480011,285.570007,up
2013-08-20,285.880005,289.51001,285.73999,287.089996,up
2013-08-21,285.089996,288.5,283.829987,284.570007,down
2013-08-22,284.799988,289.869995,284.799988,289.730011,up
2013-08-23,291.209991,291.5,287.899994,290.01001,up
2013-08-26,290.429993,291.049988,285.619995,286.209991,down
2013-08-27,283.869995,285.279999,279.73999,280.929993,down
2013-08-28,280.359985,283.0,279.329987,281.579987,up
2013-08-29,281.450012,285.980011,280.0,283.980011,up
2013-08-30,284.589996,284.869995,280.0,280.980011,down
2013-09-03,284.730011,291.390015,284.170013,288.799988,up
2013-09-04,288.329987,295.230011,287.579987,293.640015,up
2013-09-05,293.630005,297.0,292.709991,294.100006,up
2013-09-06,295.329987,298.880005,290.799988,295.859985,up
2013-09-09,297.220001,299.959991,296.600006,299.709991,up
2013-09-10,300.549988,301.0,297.220001,300.359985,up
2013-09-11,298.910004,301.859985,297.839996,299.640015,down
2013-09-12,299.390015,302.0,297.660004,298.859985,down
2013-09-13,300.140015,300.220001,296.200012,297.920013,down
2013-09-16,299.820007,301.0,295.26001,296.059998,down
2013-09-17,297.630005,304.649994,296.01001,304.170013,up
2013-09-18,304.059998,312.73999,302.910004,312.029999,up
2013-09-19,313.769989,314.540009,311.040009,312.059998,up
2013-09-20,312.540009,320.570007,312.410004,316.339996,up
2013-09-23,314.01001,315.899994,308.769989,311.48999,down
2013-09-24,312.429993,318.079987,311.279999,314.130005,up
2013-09-25,314.529999,316.709991,310.75,312.649994,down
2013-09-26,313.899994,319.369995,313.26001,318.119995,up
2013-09-27,316.920013,317.209991,313.350006,316.01001,down
2013-09-30,313.410004,315.309998,311.059998,312.640015,down
2013-10-01,314.220001,321.0,313.649994,320.950012,up
2013-10-02,318.040009,321.730011,317.519989,320.51001,down
2013-10-03,320.390015,322.920013,313.019989,314.76001,down
2013-10-04,315.130005,319.200012,312.619995,319.040009,up
2013-10-07,315.23999,315.339996,309.73999,310.029999,down
2013-10-08,311.5,311.549988,300.269989,303.230011,down
2013-10-09,303.420013,303.5,296.5,298.230011,down
2013-10-10,304.630005,306.700012,302.589996,305.170013,up
2013-10-11,304.769989,310.929993,303.839996,310.890015,up
2013-10-14,309.220001,311.649994,307.0,310.700012,down
2013-10-15,309.869995,310.790009,305.26001,306.399994,down
2013-10-16,308.380005,310.799988,305.549988,310.48999,up
2013-10-17,307.070007,311.0,305.23999,310.769989,up
2013-10-18,319.359985,331.890015,316.75,328.929993,up
2013-10-21,329.890015,330.0,323.799988,326.440002,down
2013-10-22,327.720001,337.109985,325.679993,332.540009,up
2013-10-23,330.839996,331.720001,324.059998,326.76001,down
2013-10-24,329.630005,332.649994,326.75,332.209991,up
2013-10-25,358.600006,368.399994,352.619995,363.390015,up
2013-10-28,359.920013,362.75,357.200012,358.160004,down
2013-10-29,358.959991,362.890015,356.290009,362.700012,up
2013-10-30,362.619995,365.0,358.649994,361.079987,down
2013-10-31,361.730011,366.0,359.0,364.029999,up
2013-11-01,365.630005,365.769989,356.100006,359.0,down
2013-11-04,360.119995,361.0,354.399994,358.73999,down
2013-11-05,356.779999,360.170013,354.839996,358.890015,up
2013-11-06,360.450012,362.869995,354.5,356.179993,down
2013-11-07,355.859985,357.899994,341.880005,343.559998,down
2013-11-08,345.950012,351.049988,344.040009,350.309998,up
2013-11-11,350.589996,355.369995,348.059998,354.380005,up
2013-11-12,352.98999,355.480011,347.279999,349.529999,down
2013-11-13,347.399994,356.220001,345.679993,356.220001,up
2013-11-14,357.390015,368.940002,356.429993,367.399994,up
2013-11-15,367.630005,372.899994,365.549988,369.170013,up
2013-11-18,370.279999,373.48999,364.670013,366.179993,down
2013-11-19,365.820007,368.779999,362.5,364.940002,down
2013-11-20,367.559998,367.559998,360.450012,362.570007,down
2013-11-21,364.049988,369.25,363.299988,368.920013,up
2013-11-22,370.0,374.5,366.309998,372.309998,up
2013-11-25,373.820007,377.790009,373.179993,376.640015,up
2013-11-26,377.609985,382.5,374.820007,381.369995,up
2013-11-27,383.5,387.0,382.609985,386.709991,up
2013-11-29,389.100006,394.100006,388.619995,393.619995,up
2013-12-02,399.0,399.0,389.100006,392.299988,down
2013-12-03,390.109985,390.950012,383.100006,384.660004,down
2013-12-04,383.5,389.690002,381.48999,385.959991,up
2013-12-05,386.649994,386.649994,381.369995,384.48999,down
2013-12-06,388.350006,388.350006,383.829987,386.950012,up
2013-12-09,388.109985,388.209991,382.570007,384.890015,down
2013-12-10,383.73999,389.059998,383.019989,387.779999,up
2013-12-11,387.339996,388.980011,382.0,382.190002,down
2013-12-12,381.26001,385.0,379.5,381.25,down
2013-12-13,385.320007,389.420013,383.799988,384.23999,up
2013-12-16,385.029999,391.700012,385.0,388.970001,up
2013-12-17,390.649994,391.359985,386.5,387.649994,down
2013-12-18,389.230011,396.299988,383.100006,395.959991,up
2013-12-19,394.269989,397.290009,392.600006,395.190002,down
2013-12-20,396.549988,404.720001,395.779999,402.200012,up
2013-12-23,403.690002,405.0,399.200012,402.920013,up
2013-12-24,402.519989,403.720001,396.369995,399.200012,down
2013-12-26,401.790009,404.519989,396.809998,404.390015,up
2013-12-27,404.649994,405.630005,396.25,398.079987,down
2013-12-30,399.410004,399.920013,392.450012,393.369995,down
2013-12-31,394.579987,398.829987,393.799988,398.790009,up
2014-01-02,398.799988,399.359985,394.019989,397.970001,down
2014-01-03,398.290009,402.709991,396.220001,396.440002,down
2014-01-06,395.850006,397.0,388.420013,393.630005,down
2014-01-07,395.040009,398.470001,394.290009,398.029999,up
2014-01-08,398.470001,403.0,396.040009,401.920013,up
2014-01-09,403.709991,406.890015,398.440002,401.01001,down
2014-01-10,402.529999,403.76001,393.799988,397.660004,down
2014-01-13,397.980011,399.779999,388.450012,390.980011,down
2014-01-14,392.130005,398.630005,391.290009,397.540009,up
2014-01-15,398.940002,399.309998,392.529999,395.869995,down
2014-01-16,393.679993,399.290009,389.410004,395.799988,down
2014-01-17,394.26001,403.48999,393.660004,399.609985,up
2014-01-21,403.0,407.799988,401.600006,407.049988,up
2014-01-22,408.0,408.059998,402.0,404.540009,down
2014-01-23,401.0,406.170013,397.790009,399.869995,down
2014-01-24,398.160004,400.200012,387.269989,387.600006,down
2014-01-27,390.5,394.100006,380.48999,386.279999,down
2014-01-28,387.399994,394.73999,387.119995,394.429993,up
2014-01-29,392.160004,392.850006,383.23999,384.200012,down
2014-01-30,393.769989,406.25,387.700012,403.01001,up
2014-01-31,371.76001,375.450012,357.76001,358.690002,down
2014-02-03,358.980011,360.850006,340.100006,346.149994,down
2014-02-04,349.589996,354.0,344.019989,347.950012,up
2014-02-05,346.0,349.369995,337.730011,346.450012,down
2014-02-06,347.399994,354.820007,347.399994,354.589996,up
2014-02-07,358.980011,361.799988,352.48999,361.079987,up
2014-02-10,361.609985,365.0,359.350006,360.869995,down
2014-02-11,361.839996,363.609985,356.25,361.790009,up
2014-02-12,356.429993,357.75,346.320007,349.25,down
2014-02-13,347.700012,357.200012,346.5,357.200012,up
2014-02-14,359.339996,359.339996,353.350006,357.350006,up
2014-02-18,355.279999,355.730011,349.450012,353.649994,down
2014-02-19,352.640015,354.540009,346.100006,347.380005,down
2014-02-20,348.799988,350.459991,344.380005,349.799988,up
2014-02-21,352.440002,354.140015,346.75,346.76001,down
2014-02-24,345.190002,353.0,343.290009,351.779999,up
2014-02-25,353.0,361.079987,351.579987,358.320007,up
2014-02-26,359.859985,364.75,357.170013,359.799988,up
2014-02-27,357.220001,360.589996,355.5,360.130005,up
2014-02-28,360.600006,365.869995,357.079987,362.100006,up
2014-03-03,358.73999,360.959991,354.480011,359.779999,down
2014-03-04,363.899994,365.679993,362.459991,363.899994,up
2014-03-05,364.130005,372.730011,363.899994,372.369995,up
2014-03-06,374.049988,375.329987,368.899994,372.160004,down
2014-03-07,374.579987,374.98999,369.529999,372.059998,down
2014-03-10,372.690002,372.730011,367.0,370.529999,down
2014-03-11,370.98999,372.799988,367.279999,368.820007,down
2014-03-12,366.399994,371.160004,363.609985,370.640015,up
2014-03-13,376.619995,383.109985,368.079987,371.51001,up
2014-03-14,372.799988,378.570007,371.549988,373.73999,up
2014-03-17,375.720001,378.850006,374.880005,375.040009,up
2014-03-18,377.320007,379.0,375.0,378.769989,up
2014-03-19,378.769989,379.0,369.420013,373.230011,down
2014-03-20,370.640015,373.0,366.220001,368.970001,down
2014-03-21,371.0,372.839996,358.399994,360.619995,down
2014-03-24,360.089996,361.5,348.600006,351.850006,down
2014-03-25,354.029999,358.970001,348.839996,354.709991,up
2014-03-26,357.130005,357.600006,343.399994,343.410004,down
2014-03-27,343.149994,344.0,330.880005,338.470001,down
2014-03-28,340.049988,347.0,336.079987,338.290009,down
2014-03-31,342.399994,346.290009,334.059998,336.369995,down
2014-04-01,338.089996,344.429993,338.0,342.98999,up
2014-04-02,345.98999,348.299988,340.380005,341.959991,down
2014-04-03,341.820007,342.5,328.459991,333.619995,down
2014-04-04,335.149994,335.440002,315.609985,323.0,down
2014-04-07,320.98999,324.940002,313.130005,317.76001,down
2014-04-08,321.880005,328.0,318.440002,327.070007,up
2014-04-09,328.470001,332.179993,322.5,331.809998,up
2014-04-10,330.600006,331.0,316.5,317.109985,down
2014-04-11,314.0,316.5,309.5,311.730011,down
2014-04-14,317.670013,320.480011,311.279999,315.910004,up
2014-04-15,316.700012,318.279999,305.5,316.079987,up
2014-04-16,321.170013,324.0,314.709991,323.679993,up
2014-04-17,319.76001,328.660004,319.76001,324.910004,up
2014-04-21,323.970001,331.149994,322.309998,330.869995,up
2014-04-22,332.0,337.5,328.940002,329.320007,down
2014-04-23,333.059998,333.130005,323.390015,324.579987,down
2014-04-24,329.670013,337.399994,322.950012,337.149994,up
2014-04-25,316.25,316.48999,302.709991,303.829987,down
2014-04-28,304.0,304.390015,288.0,296.579987,down
2014-04-29,296.440002,301.839996,290.450012,300.380005,up
2014-04-30,298.100006,304.559998,298.100006,304.130005,up
2014-05-01,304.130005,310.480011,304.0,307.890015,up
2014-05-02,310.420013,313.290009,304.309998,308.01001,up
2014-05-05,306.369995,310.230011,305.0,310.049988,up
2014-05-06,309.529999,309.809998,297.040009,297.380005,down
2014-05-07,295.559998,296.399994,286.679993,292.709991,down
2014-05-08,290.820007,295.880005,287.230011,288.320007,down
2014-05-09,290.570007,293.679993,284.380005,292.23999,up
2014-05-12,294.299988,303.339996,294.160004,302.859985,up
2014-05-13,302.600006,305.600006,300.75,304.640015,up
2014-05-14,302.5,304.640015,296.660004,297.619995,down
2014-05-15,298.019989,299.200012,290.380005,295.190002,down
2014-05-16,292.799988,298.880005,291.549988,297.700012,up
2014-05-19,295.76001,299.0,293.809998,296.76001,down
2014-05-20,297.100006,304.459991,296.75,301.190002,up
2014-05-21,302.209991,305.959991,301.519989,305.01001,up
2014-05-22,305.049988,308.540009,303.01001,304.910004,down
2014-05-23,305.459991,312.350006,304.899994,312.23999,up
2014-05-27,314.410004,314.630005,307.380005,310.820007,down
2014-05-28,309.5,313.820007,307.420013,310.160004,down
2014-05-29,310.420013,314.869995,310.200012,313.779999,up
2014-05-30,314.429993,314.649994,307.570007,312.549988,down
2014-06-02,312.589996,312.600006,307.0,308.839996,down
2014-06-03,305.75,307.920013,305.070007,307.190002,down
2014-06-04,306.850006,309.5,303.839996,306.779999,down
2014-06-05,308.100006,327.940002,306.899994,323.570007,up
2014-06-06,325.0,330.880005,324.929993,329.670013,up
2014-06-09,331.570007,333.0,325.649994,327.5,down
2014-06-10,327.649994,335.5,327.5,332.410004,up
2014-06-11,336.0,340.720001,333.880005,335.200012,up
2014-06-12,335.549988,335.549988,324.660004,325.910004,down
2014-06-13,327.049988,329.299988,323.529999,326.269989,up
2014-06-16,324.859985,328.690002,323.519989,327.619995,up
2014-06-17,327.540009,331.339996,325.230011,325.619995,down
2014-06-18,328.0,335.75,325.0,334.380005,up
2014-06-19,335.26001,338.899994,325.980011,327.0,down
2014-06-20,327.76001,328.220001,320.420013,324.200012,down
2014-06-23,323.329987,327.549988,321.410004,327.23999,up
2014-06-24,327.540009,329.730011,322.73999,324.160004,down
2014-06-25,324.329987,328.149994,321.73999,327.440002,up
2014-06-26,328.48999,328.649994,322.130005,325.690002,down
2014-06-27,325.880005,326.519989,323.269989,324.570007,down
2014-06-30,324.980011,326.980011,322.23999,324.779999,up
2014-07-01,325.859985,333.200012,325.100006,332.390015,up
2014-07-02,333.200012,336.76001,331.660004,332.850006,up
2014-07-03,334.829987,338.299988,333.079987,337.48999,up
2014-07-07,337.5,337.549988,332.519989,333.549988,down
2014-07-08,333.100006,333.73999,321.399994,323.809998,down
2014-07-09,324.709991,330.200012,323.149994,329.970001,up
2014-07-10,324.339996,329.980011,322.649994,327.920013,down
2014-07-11,334.709991,347.0,334.709991,346.200012,up
2014-07-14,347.029999,355.769989,345.359985,355.320007,up
2014-07-15,353.720001,355.589996,349.399994,354.440002,down
2014-07-16,355.619995,359.320007,353.0,355.899994,up
2014-07-17,353.440002,356.959991,351.380005,352.450012,down
2014-07-18,354.399994,359.679993,352.079987,358.660004,up
2014-07-21,358.100006,361.709991,356.720001,359.76001,up
2014-07-22,355.25,362.929993,355.25,360.839996,up
2014-07-23,359.049988,360.630005,356.619995,358.140015,down
2014-07-24,359.980011,364.850006,358.519989,358.609985,up
2014-07-25,317.299988,324.869995,314.76001,324.01001,down
2014-07-28,324.25,324.820007,316.5,320.410004,down
2014-07-29,321.980011,322.899994,319.5,320.0,down
2014-07-30,321.450012,322.730011,318.5,322.51001,up
2014-07-31,320.01001,320.679993,311.859985,312.98999,down
2014-08-01,313.690002,315.829987,304.589996,307.059998,down
2014-08-04,308.839996,316.179993,308.5,313.649994,up
2014-08-05,313.299988,314.549988,310.059998,312.320007,down
2014-08-06,310.829987,315.779999,310.200012,313.890015,up
2014-08-07,315.209991,315.880005,309.649994,311.450012,down
2014-08-08,311.940002,317.320007,310.660004,316.799988,up
2014-08-11,318.480011,320.380005,316.880005,318.329987,up
2014-08-12,318.890015,321.309998,316.950012,319.320007,up
2014-08-13,327.600006,331.720001,326.140015,326.279999,up
2014-08-14,327.799988,334.089996,326.709991,333.209991,up
2014-08-15,334.0,335.0,328.320007,333.630005,up
2014-08-18,335.480011,337.799988,333.769989,334.529999,up
2014-08-19,334.869995,335.809998,333.01001,335.130005,up
2014-08-20,334.679993,337.160004,334.019989,335.779999,up
2014-08-21,336.480011,336.579987,332.230011,332.910004,down
2014-08-22,332.98999,334.079987,330.799988,331.589996,down
2014-08-25,333.209991,336.769989,332.709991,334.019989,up
2014-08-26,337.0,344.359985,334.549988,341.829987,up
2014-08-27,342.089996,346.670013,341.339996,343.179993,up
2014-08-28,340.0,341.790009,338.799988,340.019989,down
2014-08-29,341.76001,341.820007,337.679993,339.040009,down
2014-09-02,339.980011,342.5,337.160004,342.380005,up
2014-09-03,342.540009,343.269989,337.549988,339.0,down
2014-09-04,343.690002,349.380005,343.579987,345.950012,up
2014-09-05,346.299988,346.829987,342.5,346.380005,up
2014-09-08,344.540009,345.809998,339.040009,342.339996,down
2014-09-09,341.609985,341.76001,329.179993,329.75,down
2014-09-10,334.299988,334.980011,328.820007,331.329987,up
2014-09-11,329.940002,333.01001,326.390015,330.519989,down
2014-09-12,329.559998,332.890015,328.790009,331.190002,up
2014-09-15,330.910004,331.329987,319.0,323.890015,down
2014-09-16,321.070007,329.480011,320.100006,327.76001,up
2014-09-17,327.76001,328.0,321.519989,324.0,down
2014-09-18,325.440002,327.100006,323.709991,325.0,up
2014-09-19,327.600006,332.76001,325.570007,331.320007,up
2014-09-22,328.48999,329.48999,321.059998,324.5,down
2014-09-23,322.459991,327.600006,321.25,323.630005,down
2014-09-24,324.170013,329.440002,319.559998,328.209991,up
2014-09-25,327.98999,328.540009,321.399994,321.929993,down
2014-09-26,320.600006,323.5,317.640015,323.209991,up
2014-09-29,320.5,323.75,319.0,321.820007,down
2014-09-30,321.359985,323.429993,318.51001,322.440002,up
2014-10-01,322.040009,322.170013,315.549988,317.459991,down
2014-10-02,316.920013,318.529999,311.309998,318.410004,up
2014-10-03,320.359985,325.160004,319.529999,322.73999,up
2014-10-06,323.5,324.130005,319.600006,322.200012,down
2014-10-07,319.429993,322.0,316.670013,316.980011,down
2014-10-08,316.579987,324.109985,314.140015,322.700012,up
2014-10-09,321.48999,322.269989,314.519989,315.369995,down
2014-10-10,314.019989,317.769989,311.380005,311.390015,down
2014-10-13,309.869995,313.200012,303.470001,306.450012,down
2014-10-14,308.0,312.23999,305.75,308.309998,up
2014-10-15,304.350006,307.899994,299.100006,305.970001,down
2014-10-16,293.829987,306.820007,293.829987,302.859985,down
2014-10-17,307.149994,309.200012,302.720001,303.640015,up
2014-10-20,302.950012,306.529999,302.019989,306.209991,up
2014-10-21,309.899994,315.640015,307.070007,315.329987,up
2014-10-22,315.429993,318.980011,312.640015,312.970001,down
2014-10-23,313.399994,316.799988,311.399994,313.179993,up
2014-10-24,284.399994,293.809998,284.0,287.059998,down
2014-10-27,285.700012,290.420013,285.019989,289.970001,up
2014-10-28,289.76001,298.0,289.76001,295.589996,up
2014-10-29,299.109985,299.609985,293.070007,294.119995,down
2014-10-30,293.980011,299.73999,292.359985,299.070007,up
2014-10-31,305.149994,305.720001,301.5,305.459991,up
2014-11-03,306.23999,308.01001,303.23999,305.720001,up
2014-11-04,303.98999,304.25,300.170013,302.809998,down
2014-11-05,303.01001,304.0,294.160004,296.519989,down
2014-11-06,296.690002,297.0,292.290009,296.640015,up
2014-11-07,297.820007,299.98999,296.290009,299.859985,up
2014-11-10,300.0,305.799988,300.0,305.109985,up
2014-11-11,305.940002,312.380005,303.649994,312.01001,up
2014-11-12,310.75,312.579987,308.790009,311.51001,down
2014-11-13,312.0,317.890015,311.51001,316.480011,up
2014-11-14,317.119995,332.880005,316.399994,327.820007,up
2014-11-17,326.440002,328.0,318.029999,323.049988,down
2014-11-18,323.98999,329.559998,323.25,324.929993,up
2014-11-19,327.25,328.399994,324.019989,326.540009,up
2014-11-20,324.0,332.670013,323.329987,330.540009,up
2014-11-21,335.420013,338.329987,331.470001,332.630005,up
2014-11-24,334.779999,337.390015,333.600006,335.640015,up
2014-11-25,335.269989,336.329987,331.279999,335.040009,down
2014-11-26,333.779999,334.649994,331.75,333.570007,down
2014-11-28,336.029999,341.26001,336.029999,338.640015,up
2014-12-01,338.119995,340.640015,325.929993,326.0,down
2014-12-02,327.5,327.929993,323.25,326.309998,up
2014-12-03,325.730011,326.769989,314.359985,316.5,down
2014-12-04,315.529999,318.589996,313.470001,316.929993,up
2014-12-05,316.799988,316.929993,310.839996,312.630005,down
2014-12-08,311.570007,316.559998,304.820007,306.640015,down
2014-12-09,302.98999,313.640015,301.140015,312.5,up
2014-12-10,312.0,313.190002,304.679993,305.839996,down
2014-12-11,307.890015,312.640015,306.01001,307.359985,up
2014-12-12,303.98999,310.640015,303.01001,307.320007,down
2014-12-15,308.869995,310.859985,302.149994,306.070007,down
2014-12-16,304.350006,304.48999,295.01001,295.059998,down
2014-12-17,296.369995,299.670013,293.029999,298.880005,up
2014-12-18,304.01001,304.5,293.25,297.730011,down
2014-12-19,296.910004,301.540009,295.519989,299.899994,up
2014-12-22,301.940002,307.359985,301.940002,306.540009,up
2014-12-23,306.980011,307.48999,303.25,306.290009,down
2014-12-24,306.380005,307.0,302.880005,303.029999,down
2014-12-26,305.0,310.779999,303.809998,309.089996,up
2014-12-29,307.850006,314.269989,306.579987,312.040009,up
2014-12-30,309.910004,313.940002,309.339996,310.299988,down
2014-12-31,311.549988,312.980011,310.01001,310.350006,up
2015-01-02,312.579987,314.75,306.959991,308.519989,down
2015-01-05,307.01001,308.380005,300.850006,302.190002,down
2015-01-06,302.23999,303.0,292.380005,295.290009,down
2015-01-07,297.5,301.279999,295.329987,298.420013,up
2015-01-08,300.320007,303.140015,296.109985,300.459991,up
2015-01-09,301.480011,302.869995,296.679993,296.929993,down
2015-01-12,297.559998,298.51001,289.279999,291.410004,down
2015-01-13,297.480011,301.5,293.230011,294.73999,up
2015-01-14,291.929993,295.910004,286.5,293.269989,down
2015-01-15,294.0,296.0,286.820007,286.950012,down
2015-01-16,286.279999,290.790009,285.25,290.73999,up
2015-01-20,292.589996,293.359985,286.390015,289.440002,down
2015-01-21,289.640015,306.0,287.26001,297.25,up
2015-01-22,300.0,312.25,300.0,310.320007,up
2015-01-23,308.079987,316.929993,307.720001,312.390015,up
2015-01-26,311.820007,313.0,307.519989,309.660004,down
2015-01-27,306.299988,310.23999,302.630005,306.75,down
2015-01-28,309.809998,311.51001,303.799988,303.910004,down
2015-01-29,304.730011,312.799988,299.329987,311.779999,up
2015-01-30,346.320007,359.5,340.73999,354.529999,up
2015-02-02,350.049988,365.0,350.01001,364.470001,up
2015-02-03,360.290009,367.820007,360.209991,363.549988,down
2015-02-04,358.380005,367.5,358.230011,364.75,up
2015-02-05,366.0,378.799988,365.899994,373.890015,up
2015-02-06,374.869995,375.98999,371.01001,374.279999,up
2015-02-09,371.0,374.410004,367.200012,370.559998,down
2015-02-10,371.190002,374.299988,368.51001,373.0,up
2015-02-11,371.230011,377.100006,371.100006,375.140015,up
2015-02-12,375.100006,378.51001,373.149994,377.170013,up
2015-02-13,378.410004,383.0,377.01001,381.829987,up
2015-02-17,377.720001,379.98999,372.670013,375.429993,down
2015-02-18,373.779999,376.73999,372.850006,373.369995,down
2015-02-19,373.48999,381.880005,373.429993,379.0,up
2015-02-20,378.619995,383.700012,375.839996,383.660004,up
2015-02-23,383.440002,384.540009,378.0,380.140015,down
2015-02-24,378.649994,380.480011,376.160004,378.589996,down
2015-02-25,377.269989,387.850006,376.540009,385.369995,up
2015-02-26,384.070007,389.369995,383.279999,384.799988,down
2015-02-27,384.0,385.98999,379.790009,380.160004,down
2015-03-02,380.850006,385.899994,379.480011,385.660004,up
2015-03-03,383.950012,386.100006,381.600006,384.609985,down
2015-03-04,385.709991,387.899994,382.190002,382.720001,down
2015-03-05,385.609985,388.420013,383.890015,387.829987,up
2015-03-06,385.519989,387.0,378.880005,380.089996,down
2015-03-09,378.399994,379.329987,375.279999,378.559998,down
2015-03-10,377.450012,377.769989,369.179993,369.51001,down
2015-03-11,370.609985,373.350006,366.26001,366.369995,down
2015-03-12,368.820007,375.5,367.519989,374.23999,up
2015-03-13,371.519989,373.98999,366.679993,370.579987,down
2015-03-16,370.380005,373.940002,366.720001,373.350006,up
2015-03-17,371.109985,374.5,369.640015,371.920013,down
2015-03-18,369.970001,375.98999,366.700012,375.140015,up
2015-03-19,373.869995,377.109985,372.190002,373.23999,down
2015-03-20,376.290009,379.369995,375.920013,378.48999,up
2015-03-23,378.070007,381.769989,374.940002,375.109985,down
2015-03-24,373.98999,375.23999,372.269989,374.089996,down
2015-03-25,375.170013,380.5,370.290009,370.959991,down
2015-03-26,369.589996,371.399994,365.649994,367.350006,down
2015-03-27,367.109985,373.170013,366.570007,370.559998,up
2015-03-30,371.869995,376.119995,371.549988,374.589996,up
2015-03-31,373.23999,377.700012,371.51001,372.100006,down
2015-04-01,372.100006,373.160004,368.339996,370.26001,down
2015-04-02,370.5,373.279999,369.0,372.25,up
2015-04-06,370.100006,380.200012,369.359985,377.040009,up
2015-04-07,376.149994,379.309998,374.029999,374.410004,down
2015-04-08,374.660004,381.579987,374.649994,381.200012,up
2015-04-09,380.660004,384.420013,378.799988,383.540009,up
2015-04-10,384.309998,387.119995,381.320007,382.649994,down
2015-04-13,383.529999,385.279999,380.140015,382.359985,down
2015-04-14,383.51001,387.809998,381.209991,385.109985,up
2015-04-15,384.649994,385.779999,381.640015,383.450012,down
2015-04-16,383.690002,387.450012,383.549988,386.040009,up
2015-04-17,382.630005,383.559998,374.399994,375.559998,down
2015-04-20,378.549988,391.940002,377.0,389.51001,up
2015-04-21,391.309998,394.600006,386.799988,391.179993,up
2015-04-22,391.910004,394.279999,388.0,389.799988,down
2015-04-23,390.209991,391.880005,386.149994,389.98999,up
2015-04-24,439.0,452.649994,439.0,445.100006,up
2015-04-27,443.859985,446.98999,437.410004,438.559998,down
2015-04-28,438.51001,439.0,428.040009,429.309998,down
2015-04-29,426.75,434.23999,426.029999,429.369995,up
2015-04-30,427.109985,431.75,419.23999,421.779999,down
2015-05-01,423.820007,425.640015,416.0,422.869995,up
2015-05-04,424.799988,429.769989,422.420013,423.040009,up
2015-05-05,422.850006,427.51001,421.019989,421.190002,down
2015-05-06,421.429993,422.720001,414.549988,419.100006,down
2015-05-07,424.149994,428.5,422.850006,426.880005,up
2015-05-08,430.75,435.200012,430.170013,433.690002,up
2015-05-11,432.51001,439.0,431.369995,432.850006,down
2015-05-12,431.079987,433.25,426.709991,431.019989,down
2015-05-13,429.980011,433.529999,425.799988,426.869995,down
2015-05-14,429.450012,433.0,427.01001,432.279999,up
2015-05-15,428.0,430.399994,424.299988,426.0,down
2015-05-18,426.0,427.269989,421.459991,425.23999,down
2015-05-19,424.869995,428.23999,420.630005,421.709991,down
2015-05-20,420.600006,427.100006,418.359985,423.859985,up
2015-05-21,428.0,436.899994,428.0,431.630005,up
2015-05-22,431.549988,432.440002,427.609985,427.630005,down
2015-05-26,426.200012,427.0,422.0,425.470001,down
2015-05-27,427.450012,431.850006,425.01001,431.420013,up
2015-05-28,429.709991,431.350006,425.470001,426.570007,down
2015-05-29,427.230011,432.5,427.230011,429.230011,up
2015-06-01,430.399994,433.160004,426.200012,430.920013,up
2015-06-02,430.070007,433.230011,426.25,430.98999,up
2015-06-03,434.399994,438.390015,432.75,436.589996,up
2015-06-04,434.399994,436.76001,429.26001,430.779999,down
2015-06-05,429.660004,430.799988,426.5,426.950012,down
2015-06-08,425.619995,426.799988,421.429993,423.5,down
2015-06-09,422.959991,427.48999,419.140015,425.480011,up
2015-06-10,426.459991,432.200012,425.660004,430.769989,up
2015-06-11,432.290009,438.890015,431.470001,432.970001,up
2015-06-12,431.25,432.359985,428.26001,429.920013,down
2015-06-15,427.660004,428.049988,422.640015,423.670013,down
2015-06-16,424.149994,427.970001,422.670013,427.26001,up
2015-06-17,428.359985,431.350006,424.75,427.809998,up
2015-06-18,430.299988,439.730011,429.410004,439.390015,up
2015-06-19,440.26001,444.98999,433.23999,434.920013,down
2015-06-22,437.0,439.23999,434.179993,436.290009,up
2015-06-23,435.589996,447.040009,433.690002,445.98999,up
2015-06-24,444.970001,446.470001,440.230011,440.839996,down
2015-06-25,438.070007,443.470001,436.390015,440.100006,down
2015-06-26,441.76001,443.48999,435.059998,438.100006,down
2015-06-29,434.980011,437.0,429.0,429.859985,down
2015-06-30,434.200012,435.570007,430.459991,434.089996,up
2015-07-01,439.350006,440.0,435.579987,437.390015,up
2015-07-02,437.0,438.200012,433.480011,437.709991,up
2015-07-06,435.230011,439.730011,433.519989,436.040009,down
2015-07-07,435.679993,437.730011,425.570007,436.720001,up
2015-07-08,434.350006,435.98999,428.829987,429.700012,down
2015-07-09,434.899994,438.720001,434.149994,434.390015,up
2015-07-10,440.48999,444.720001,439.0,443.51001,up
2015-07-13,448.290009,457.869995,447.540009,455.570007,up
2015-07-14,462.320007,469.600006,458.160004,465.570007,up
2015-07-15,463.040009,464.700012,460.200012,461.190002,down
2015-07-16,465.5,475.880005,464.799988,475.480011,up
2015-07-17,477.700012,485.420013,477.25,483.01001,up
2015-07-20,492.570007,493.200012,485.399994,488.100006,up
2015-07-21,487.899994,488.880005,482.549988,488.0,down
2015-07-22,485.98999,492.5,484.899994,488.269989,up
2015-07-23,491.660004,491.660004,475.700012,482.179993,down
2015-07-24,578.98999,580.570007,529.349976,529.419983,up
2015-07-27,527.75,544.950012,526.599976,531.409973,up
2015-07-28,536.0,536.390015,523.119995,526.030029,down
2015-07-29,530.919983,532.969971,525.02002,529.0,up
2015-07-30,527.650024,539.200012,524.289978,536.76001,up
2015-07-31,539.090027,542.840027,534.52002,536.150024,down
2015-08-03,537.450012,540.440002,529.359985,535.030029,down
2015-08-04,529.690002,536.950012,529.159973,531.900024,down
2015-08-05,538.799988,539.140015,534.119995,537.01001,up
2015-08-06,539.299988,542.73999,527.52002,529.460022,down
2015-08-07,529.159973,529.460022,518.210022,522.619995,down
2015-08-10,528.52002,532.280029,523.0,524.0,up
2015-08-11,523.650024,528.97998,522.0,527.460022,up
2015-08-12,523.75,527.5,513.059998,525.909973,down
2015-08-13,527.369995,534.659973,525.48999,529.659973,up
2015-08-14,528.25,534.109985,528.25,531.52002,up
2015-08-17,531.289978,538.73999,527.119995,535.219971,up
2015-08-18,535.039978,539.48999,533.0,535.02002,down
2015-08-19,533.73999,537.25,529.0,532.919983,down
2015-08-20,530.390015,533.25,515.77002,515.780029,down
2015-08-21,507.359985,512.330017,494.470001,494.470001,down
2015-08-24,463.579987,476.579987,451.0,463.369995,down
2015-08-25,487.48999,489.440002,466.25,466.369995,up
2015-08-26,484.019989,503.720001,478.76001,500.769989,up
2015-08-27,513.710022,522.690002,507.26001,518.369995,up
2015-08-28,517.5,521.5,513.039978,518.01001,down
2015-08-31,516.440002,519.409973,509.070007,512.890015,down
2015-09-01,499.140015,510.0,493.429993,496.540009,down
2015-09-02,505.089996,510.859985,497.720001,510.549988,up
2015-09-03,514.5,515.840027,502.570007,504.720001,down
2015-09-04,497.649994,502.850006,495.640015,499.0,down
2015-09-08,508.690002,518.349976,508.51001,517.539978,up
2015-09-09,524.0,529.950012,515.059998,516.890015,down
2015-09-10,515.150024,526.130005,514.780029,522.23999,up
2015-09-11,521.070007,529.440002,520.609985,529.440002,up
2015-09-14,529.440002,532.450012,518.580017,521.380005,down
2015-09-15,523.25,527.919983,517.200012,522.369995,up
2015-09-16,521.97998,528.299988,518.52002,527.390015,up
2015-09-17,526.97998,546.969971,526.570007,538.869995,up
2015-09-18,534.619995,546.23999,531.349976,540.26001,up
2015-09-21,544.330017,549.780029,539.590027,548.390015,up
2015-09-22,539.710022,543.549988,532.659973,538.400024,down
2015-09-23,538.299988,541.210022,534.0,536.070007,down
2015-09-24,530.549988,534.559998,522.869995,533.75,down
2015-09-25,542.570007,542.799988,521.400024,524.25,down
2015-09-28,520.02002,520.280029,494.329987,504.059998,down
2015-09-29,506.0,511.480011,490.5,496.070007,down
2015-09-30,505.440002,512.799988,501.670013,511.890015,up
2015-10-01,511.0,520.799988,506.0,520.719971,up
2015-10-02,512.98999,532.599976,508.100006,532.539978,up
2015-10-05,536.98999,545.909973,536.0,543.679993,up
2015-10-06,545.5,551.5,533.330017,537.47998,down
2015-10-07,541.789978,542.0,529.0,541.940002,up
2015-10-08,536.710022,539.390015,519.890015,533.159973,down
2015-10-09,534.47998,541.789978,530.27002,539.799988,up
2015-10-12,539.960022,550.820007,539.799988,550.190002,up
2015-10-13,546.26001,553.200012,543.099976,548.900024,down
2015-10-14,551.340027,552.25,539.679993,544.830017,down
2015-10-15,547.75,563.0,547.0,562.440002,up
2015-10-16,565.27002,570.940002,560.309998,570.76001,up
2015-10-19,570.76001,579.0,567.380005,573.150024,up
2015-10-20,572.0,573.0,555.280029,560.880005,down
2015-10-21,563.869995,565.25,552.52002,555.77002,down
2015-10-22,562.700012,569.150024,556.669983,563.909973,up
2015-10-23,617.679993,619.450012,595.359985,599.030029,up
2015-10-26,602.299988,609.849976,596.289978,608.609985,up
2015-10-27,608.599976,614.710022,605.530029,611.01001,up
2015-10-28,612.299988,617.22998,609.5,617.099976,up
2015-10-29,617.700012,627.539978,615.390015,626.549988,up
2015-10-30,626.01001,630.719971,625.280029,625.900024,down
2015-11-02,627.130005,628.630005,620.409973,628.349976,up
2015-11-03,629.530029,629.890015,622.0,625.309998,down
2015-11-04,627.76001,645.929993,627.349976,640.950012,up
2015-11-05,647.099976,657.0,643.090027,655.650024,up
2015-11-06,655.0,662.26001,652.0,659.369995,up
2015-11-09,658.650024,661.960022,647.849976,655.48999,down
2015-11-10,651.01001,660.0,647.26001,659.679993,up
2015-11-11,663.25,675.960022,663.25,673.25,up
2015-11-12,673.0,675.640015,664.219971,665.599976,down
2015-11-13,663.570007,667.0,640.450012,642.349976,down
2015-11-16,640.919983,649.98999,622.289978,647.809998,up
2015-11-17,650.650024,653.25,641.0,643.299988,down
2015-11-18,646.51001,664.880005,646.369995,663.539978,up
2015-11-19,664.98999,672.859985,659.0,661.27002,down
2015-11-20,667.940002,668.869995,657.570007,668.450012,up
2015-11-23,671.5,682.77002,670.119995,678.98999,up
2015-11-24,674.140015,675.799988,661.210022,671.150024,down
2015-11-25,675.0,679.700012,671.23999,675.340027,up
2015-11-27,680.799988,680.98999,672.099976,673.26001,down
2015-11-30,675.900024,681.289978,664.599976,664.799988,down
2015-12-01,673.75,681.0,667.859985,679.059998,up
2015-12-02,681.0,684.820007,674.25,676.01001,down
2015-12-03,679.440002,682.789978,661.47998,666.25,down
2015-12-04,666.0,674.780029,661.400024,672.640015,up
2015-12-07,674.73999,675.460022,660.5,669.830017,down
2015-12-08,663.130005,679.98999,659.789978,677.330017,up
2015-12-09,678.0,679.0,655.679993,664.789978,down
2015-12-10,665.590027,668.530029,659.559998,662.320007,down
2015-12-11,651.22998,657.880005,639.619995,640.150024,down
2015-12-14,641.75,658.590027,635.27002,657.909973,up
2015-12-15,665.030029,671.5,657.349976,658.640015,up
2015-12-16,663.559998,677.349976,659.320007,675.77002,up
2015-12-17,680.0,682.5,670.650024,670.650024,down
2015-12-18,668.650024,676.840027,664.130005,664.140015,down
2015-12-21,668.5,669.900024,658.929993,664.51001,up
2015-12-22,666.830017,668.48999,659.26001,663.150024,down
2015-12-23,666.5,666.599976,656.630005,663.700012,up
2015-12-24,663.349976,664.679993,660.599976,662.789978,down
2015-12-28,665.559998,675.5,665.5,675.200012,up
2015-12-29,677.97998,696.440002,677.890015,693.969971,up
2015-12-30,691.890015,695.48999,686.380005,689.070007,down
2015-12-31,686.080017,687.75,675.890015,675.890015,down
2016-01-04,656.289978,657.719971,627.51001,636.98999,down
2016-01-05,646.859985,646.909973,627.650024,633.789978,down
2016-01-06,622.0,639.789978,620.309998,632.650024,down
2016-01-07,621.799988,630.0,605.210022,607.940002,down
2016-01-08,619.659973,624.140015,606.0,607.049988,down
2016-01-11,612.47998,619.849976,598.570007,617.73999,up
2016-01-12,625.25,625.98999,612.23999,617.890015,up
2016-01-13,620.880005,620.880005,579.159973,581.809998,down
2016-01-14,580.25,602.25,569.880005,593.0,up
2016-01-15,572.23999,584.619995,565.299988,570.179993,down
2016-01-19,577.090027,584.0,566.450012,574.47998,up
2016-01-20,564.359985,578.450012,547.179993,571.77002,down
2016-01-21,573.580017,588.809998,568.219971,575.02002,up
2016-01-22,588.72998,600.099976,584.109985,596.380005,up
2016-01-25,597.98999,608.5,594.559998,596.530029,up
2016-01-26,603.450012,604.5,590.380005,601.25,up
2016-01-27,601.98999,603.390015,578.780029,583.349976,down
2016-01-28,608.369995,638.059998,597.549988,635.349976,up
2016-01-29,571.97998,593.0,570.0,587.0,down
2016-02-01,578.150024,581.799988,570.309998,574.809998,down
2016-02-02,570.0,571.559998,550.090027,552.099976,down
2016-02-03,553.5,556.0,521.900024,531.070007,down
2016-02-04,525.0,538.98999,519.219971,536.26001,up
2016-02-05,529.280029,529.450012,499.190002,502.130005,down
2016-02-08,486.470001,493.5,475.209991,488.100006,down
2016-02-09,478.01001,498.380005,474.0,482.070007,down
2016-02-10,491.76001,504.660004,486.0,490.480011,up
2016-02-11,491.170013,509.299988,484.0,503.820007,up
2016-02-12,510.700012,516.75,501.48999,507.079987,up
2016-02-16,519.47998,524.450012,511.660004,521.099976,up
2016-02-17,528.73999,537.47998,519.390015,534.099976,up
2016-02-18,541.190002,541.200012,523.72998,525.0,down
2016-02-19,520.710022,535.950012,515.349976,534.900024,up
2016-02-22,542.200012,560.650024,541.080017,559.5,up
2016-02-23,555.549988,556.909973,545.330017,552.940002,down
2016-02-24,545.75,554.27002,533.150024,554.039978,up
2016-02-25,555.52002,559.390015,545.289978,555.150024,up
2016-02-26,560.119995,562.5,553.169983,555.22998,up
2016-02-29,554.0,564.809998,552.51001,552.52002,down
2016-03-01,556.289978,579.25,556.0,579.039978,up
2016-03-02,581.75,585.0,573.700012,580.210022,up
2016-03-03,577.960022,579.869995,573.109985,577.48999,down
2016-03-04,581.070007,581.400024,571.070007,575.140015,down
2016-03-07,573.539978,573.630005,555.549988,562.799988,down
2016-03-08,557.869995,571.349976,554.73999,560.26001,down
2016-03-09,559.559998,560.349976,550.130005,559.469971,down
2016-03-10,566.73999,567.0,547.900024,558.929993,down
2016-03-11,566.950012,570.059998,562.72998,569.609985,up
2016-03-14,567.0,576.890015,563.049988,573.369995,up
2016-03-15,571.0,581.52002,567.0,577.02002,up
2016-03-16,576.640015,581.320007,571.140015,574.27002,down
2016-03-17,569.51001,571.400024,555.01001,559.440002,down
2016-03-18,560.940002,562.330017,546.090027,552.080017,down
2016-03-21,548.909973,555.23999,538.580017,553.97998,up
2016-03-22,545.109985,562.76001,545.049988,560.47998,up
2016-03-23,561.0,572.47998,558.099976,569.630005,up
2016-03-24,567.109985,583.549988,567.080017,582.950012,up
2016-03-28,584.400024,584.75,575.559998,579.869995,down
2016-03-29,580.150024,595.849976,576.5,593.859985,up
2016-03-30,596.710022,603.23999,595.0,598.690002,up
2016-03-31,599.280029,600.75,592.210022,593.640015,down
2016-04-01,590.48999,599.030029,588.299988,598.5,up
2016-04-04,599.0,599.5,590.549988,593.190002,down
2016-04-05,590.77002,593.469971,585.25,586.140015,down
2016-04-06,587.52002,602.390015,587.5,602.080017,up
2016-04-07,598.76001,599.599976,589.080017,591.429993,down
2016-04-08,594.320007,597.859985,589.0,594.599976,up
2016-04-11,596.140015,604.0,594.909973,595.929993,up
2016-04-12,598.400024,604.059998,592.309998,603.169983,up
2016-04-13,607.679993,616.809998,605.289978,614.820007,up
2016-04-14,615.070007,624.380005,615.070007,620.75,up
2016-04-15,621.919983,626.77002,618.109985,625.890015,up
2016-04-18,625.349976,637.640015,624.960022,635.349976,up
2016-04-19,637.140015,638.01001,620.799988,627.900024,down
2016-04-20,630.0,636.549988,623.0,632.98999,up
2016-04-21,631.0,637.820007,628.5,631.0,down
2016-04-22,624.469971,628.25,611.559998,620.5,down
2016-04-25,616.609985,626.97998,616.25,626.200012,up
2016-04-26,626.169983,626.75,614.880005,616.880005,down
2016-04-27,611.799988,615.950012,601.280029,606.570007,down
2016-04-28,615.539978,626.799988,599.200012,602.0,down
2016-04-29,666.0,669.97998,654.0,659.590027,up
2016-05-02,663.919983,685.5,662.030029,683.849976,up
2016-05-03,677.359985,680.299988,670.429993,671.320007,down
2016-05-04,662.590027,674.0,662.140015,670.900024,down
2016-05-05,673.309998,676.48999,656.0,659.090027,down
2016-05-06,656.049988,676.950012,656.01001,673.950012,up
2016-05-09,673.950012,686.97998,671.409973,679.75,up
2016-05-10,694.0,704.549988,693.5,703.070007,up
2016-05-11,705.789978,719.0,701.650024,713.22998,up
2016-05-12,717.380005,722.450012,711.51001,717.929993,up
2016-05-13,714.640015,719.25,706.51001,709.919983,down
2016-05-16,710.130005,713.25,700.280029,710.659973,up
2016-05-17,709.900024,714.469971,693.909973,695.27002,down
2016-05-18,689.559998,702.539978,688.76001,697.450012,up
2016-05-19,691.880005,699.400024,689.559998,698.52002,up
2016-05-20,701.049988,707.23999,700.0,702.799988,up
2016-05-23,704.25,706.0,696.419983,696.75,down
2016-05-24,698.01001,707.5,698.0,704.200012,up
2016-05-25,708.0,710.859985,705.52002,708.349976,up
2016-05-26,708.330017,715.0,707.289978,714.909973,up
2016-05-27,715.0,716.599976,711.099976,712.23999,down
2016-05-31,712.330017,724.22998,711.320007,722.789978,up
2016-06-01,720.900024,726.429993,718.219971,719.440002,down
2016-06-02,720.969971,728.280029,715.5,728.23999,up
2016-06-03,726.73999,727.0,718.429993,725.539978,down
2016-06-06,726.5,731.5,724.419983,726.72998,up
2016-06-07,729.890015,730.0,720.549988,723.73999,down
2016-06-08,726.400024,729.419983,721.599976,726.640015,up
2016-06-09,723.099976,728.909973,722.299988,727.650024,up
2016-06-10,722.349976,724.97998,714.210022,717.909973,down
2016-06-13,714.01001,721.98999,711.159973,715.23999,down
2016-06-14,712.330017,720.809998,712.27002,719.299988,up
2016-06-15,722.0,722.559998,713.349976,714.26001,down
2016-06-16,712.049988,718.0,705.299988,717.51001,up
2016-06-17,718.190002,718.200012,699.179993,706.390015,down
2016-06-20,713.5,721.309998,710.809998,714.01001,up
2016-06-21,715.719971,718.400024,712.719971,715.820007,up
2016-06-22,716.580017,717.0,707.570007,710.599976,down
2016-06-23,715.5,722.119995,712.5,722.080017,up
2016-06-24,693.0,712.530029,692.200012,698.960022,down
2016-06-27,692.01001,696.820007,682.119995,691.359985,down
2016-06-28,700.0,708.0,698.169983,707.950012,up
2016-06-29,715.75,719.5,713.539978,715.599976,up
2016-06-30,717.200012,719.369995,712.539978,715.619995,up
2016-07-01,717.320007,728.0,716.539978,725.679993,up
2016-07-05,722.799988,729.559998,719.609985,728.099976,up
2016-07-06,725.710022,737.77002,722.580017,737.609985,up
2016-07-07,739.330017,739.549988,731.630005,736.570007,down
2016-07-08,740.140015,746.099976,738.0,745.809998,up
2016-07-11,750.0,755.900024,747.0,753.780029,up
2016-07-12,756.859985,757.340027,740.330017,748.210022,down
2016-07-13,746.76001,756.869995,741.25,742.630005,down
2016-07-14,748.859985,749.039978,739.02002,741.200012,down
2016-07-15,746.549988,746.549988,734.049988,735.440002,down
2016-07-18,735.48999,741.599976,728.719971,736.070007,up
2016-07-19,732.5,743.330017,732.309998,739.950012,up
2016-07-20,744.0,746.25,740.700012,745.719971,up
2016-07-21,747.5,749.359985,742.789978,744.429993,down
2016-07-22,747.789978,751.280029,743.530029,744.859985,up
2016-07-25,746.549988,748.5,735.349976,739.609985,down
2016-07-26,742.710022,743.130005,732.75,735.590027,down
2016-07-27,737.969971,740.940002,733.859985,736.669983,up
2016-07-28,745.97998,753.359985,739.700012,752.609985,up
2016-07-29,765.0,766.0,755.0,758.809998,up
2016-08-01,759.869995,770.5,757.059998,767.73999,up
2016-08-02,763.809998,765.01001,757.02002,760.580017,down
2016-08-03,757.059998,758.890015,752.25,754.640015,down
2016-08-04,753.700012,765.0,750.349976,760.77002,up
2016-08-05,764.809998,768.469971,763.090027,765.97998,up
2016-08-08,766.809998,767.0,761.02002,766.559998,up
2016-08-09,767.390015,772.599976,766.900024,768.309998,up
2016-08-10,769.799988,772.099976,766.190002,768.559998,up
2016-08-11,769.940002,773.75,769.119995,771.23999,up
2016-08-12,768.460022,773.150024,768.419983,772.559998,up
2016-08-15,771.900024,772.039978,767.710022,768.48999,down
2016-08-16,768.619995,768.72998,763.820007,764.039978,down
2016-08-17,764.409973,765.219971,759.200012,764.630005,up
2016-08-18,764.0,765.169983,760.599976,764.460022,down
2016-08-19,761.900024,762.48999,756.890015,757.309998,down
2016-08-22,757.5,759.849976,752.099976,759.47998,up
2016-08-23,763.309998,764.700012,761.0,762.450012,up
2016-08-24,763.0,763.409973,755.359985,757.25,down
2016-08-25,756.0,760.559998,754.73999,759.219971,up
2016-08-26,760.049988,770.0,759.799988,769.0,up
2016-08-29,768.719971,774.97998,768.599976,771.289978,up
2016-08-30,771.049988,771.840027,765.559998,767.580017,down
2016-08-31,766.599976,769.640015,764.0,769.159973,up
2016-09-01,770.900024,772.039978,766.75,770.619995,up
2016-09-02,774.109985,776.0,771.700012,772.440002,up
2016-09-06,774.039978,789.47998,770.219971,788.869995,up
2016-09-07,789.530029,790.789978,784.330017,784.47998,down
2016-09-08,783.890015,786.5,781.440002,784.059998,down
2016-09-09,779.359985,781.0,760.109985,760.140015,down
2016-09-12,757.349976,772.659973,756.0,771.48999,up
2016-09-13,768.77002,769.890015,759.049988,761.01001,down
2016-09-14,762.200012,767.5,758.849976,761.090027,up
2016-09-15,762.0,770.869995,757.580017,769.690002,up
2016-09-16,773.280029,780.460022,771.659973,778.52002,up
2016-09-19,779.969971,781.940002,771.0,775.099976,down
2016-09-20,776.0,781.369995,776.0,780.219971,up
2016-09-21,783.25,790.690002,779.01001,789.73999,up
2016-09-22,794.27002,805.890015,794.27002,804.700012,up
2016-09-23,803.130005,807.75,802.119995,805.75,up
2016-09-26,801.799988,805.929993,797.150024,799.159973,down
2016-09-27,801.849976,816.640015,801.109985,816.109985,up
2016-09-28,818.0,830.140015,817.030029,828.719971,up
2016-09-29,828.26001,837.5,824.630005,829.049988,up
2016-09-30,832.609985,839.950012,832.400024,837.309998,up
2016-10-03,836.0,839.859985,831.25,836.73999,down
2016-10-04,840.909973,842.369995,830.26001,834.030029,down
2016-10-05,838.0,845.669983,836.119995,844.359985,up
2016-10-06,843.700012,847.210022,840.599976,841.659973,down
2016-10-07,845.789978,845.950012,837.450012,839.429993,down
2016-10-10,843.25,845.200012,840.27002,841.710022,up
2016-10-11,841.02002,841.289978,828.349976,831.0,down
2016-10-12,834.0,837.669983,830.099976,834.090027,up
2016-10-13,829.0,831.799988,821.210022,829.280029,down
2016-10-14,835.080017,835.73999,822.960022,822.960022,down
2016-10-17,821.5,822.0,811.679993,812.950012,down
2016-10-18,822.109985,823.26001,815.02002,817.650024,up
2016-10-19,820.400024,820.669983,815.169983,817.690002,up
2016-10-20,813.98999,815.710022,803.099976,810.320007,down
2016-10-21,809.359985,819.419983,809.0,818.98999,up
2016-10-24,824.950012,838.299988,822.210022,838.090027,up
2016-10-25,839.299988,843.090027,833.219971,835.179993,down
2016-10-26,832.76001,833.440002,820.0,822.590027,down
2016-10-27,831.23999,831.719971,815.429993,818.359985,down
2016-10-28,782.0,789.48999,774.609985,776.320007,down
2016-10-31,781.030029,793.700012,780.109985,789.820007,up
2016-11-01,799.0,800.840027,776.710022,785.409973,down
2016-11-02,783.929993,784.75,763.549988,765.559998,down
2016-11-03,765.049988,777.0,764.0,767.030029,up
2016-11-04,762.789978,766.0,753.22998,755.049988,down
2016-11-07,771.640015,787.72998,770.940002,784.929993,up
2016-11-08,784.969971,791.73999,779.099976,787.75,up
2016-11-09,764.0,777.5,760.090027,771.880005,down
2016-11-10,778.809998,778.830017,717.700012,742.380005,down
2016-11-11,735.72998,743.26001,728.900024,739.01001,down
2016-11-14,745.51001,746.0,710.099976,719.070007,down
2016-11-15,730.0,746.780029,725.98999,743.23999,up
2016-11-16,739.880005,749.869995,735.609985,746.48999,up
2016-11-17,749.320007,757.5,748.0,756.400024,up
2016-11-18,761.0,767.73999,757.640015,760.159973,up
2016-11-21,766.0,780.349976,765.109985,780.0,up
2016-11-22,788.169983,792.400024,781.0,785.330017,up
2016-11-23,781.72998,781.75,773.119995,780.119995,down
2016-11-25,786.5,786.75,777.900024,780.369995,up
2016-11-28,776.98999,777.0,764.23999,766.77002,down
2016-11-29,768.0,769.890015,761.320007,762.52002,down
2016-11-30,762.0,768.090027,750.25,750.570007,down
2016-12-01,752.409973,753.369995,738.030029,743.650024,down
2016-12-02,743.400024,748.48999,736.700012,740.340027,down
2016-12-05,745.0,761.48999,742.0,759.359985,up
2016-12-06,763.98999,768.23999,757.25,764.719971,up
2016-12-07,764.549988,770.419983,755.820007,770.419983,up
2016-12-08,771.869995,773.789978,765.190002,767.330017,down
2016-12-09,770.0,770.25,765.340027,768.659973,up
2016-12-12,766.400024,766.890015,757.200012,760.119995,down
2016-12-13,764.960022,782.460022,762.0,774.340027,up
2016-12-14,778.25,780.859985,762.809998,768.820007,down
2016-12-15,766.280029,769.099976,760.309998,761.0,down
2016-12-16,765.0,765.130005,754.0,757.77002,down
2016-12-19,758.890015,770.5,756.159973,766.0,up
2016-12-20,768.650024,774.390015,767.710022,771.219971,up
2016-12-21,770.0,771.219971,765.700012,770.599976,down
2016-12-22,768.119995,771.210022,763.02002,766.340027,down
2016-12-23,764.549988,766.5,757.98999,760.590027,down
2016-12-27,763.400024,774.650024,761.200012,771.400024,up
2016-12-28,776.25,780.0,770.5,772.130005,up
2016-12-29,772.400024,773.400024,760.849976,765.150024,down
2016-12-30,766.469971,767.400024,748.280029,749.869995,down
2017-01-03,757.919983,758.76001,747.700012,753.669983,up
2017-01-04,758.390015,759.679993,754.200012,757.179993,up
2017-01-05,761.549988,782.400024,760.26001,780.450012,up
2017-01-06,782.359985,799.440002,778.47998,795.98999,up
2017-01-09,798.0,801.77002,791.77002,796.919983,up
2017-01-10,796.599976,798.0,789.539978,795.900024,down
2017-01-11,793.659973,799.5,789.51001,799.02002,up
2017-01-12,800.309998,814.130005,799.5,813.640015,up
2017-01-13,814.320007,821.650024,811.400024,817.140015,up
2017-01-17,815.700012,816.0,803.440002,809.719971,down
2017-01-18,809.5,811.72998,804.27002,807.47998,down
2017-01-19,810.0,813.51001,807.320007,809.039978,up
2017-01-20,815.280029,816.02002,806.26001,808.330017,down
2017-01-23,806.799988,818.5,805.080017,817.880005,up
2017-01-24,822.0,823.98999,814.5,822.440002,up
2017-01-25,825.789978,837.419983,825.289978,836.52002,up
2017-01-26,835.530029,843.840027,833.0,839.150024,up
2017-01-27,839.0,839.700012,829.440002,835.77002,down
2017-01-30,833.0,833.5,816.380005,830.380005,down
2017-01-31,823.75,826.98999,819.559998,823.47998,down
2017-02-01,829.210022,833.780029,824.940002,832.349976,up
2017-02-02,836.590027,842.48999,828.26001,839.950012,up
2017-02-03,806.719971,818.299988,804.0,810.200012,down
2017-02-06,809.799988,810.719971,803.0,807.640015,down
2017-02-07,809.309998,816.159973,807.5,812.5,up
2017-02-08,812.690002,821.47998,812.5,819.710022,up
2017-02-09,821.599976,825.0,819.710022,821.359985,up
2017-02-10,823.820007,828.0,822.849976,827.460022,up
2017-02-13,831.619995,843.0,828.549988,836.530029,up
2017-02-14,837.0,838.309998,831.450012,836.390015,down
2017-02-15,834.0,842.809998,832.820007,842.700012,up
2017-02-16,841.840027,845.0,839.380005,844.140015,up
2017-02-17,842.0,847.27002,840.72998,845.070007,up
2017-02-21,848.840027,857.97998,847.25,856.440002,up
2017-02-22,856.950012,858.429993,852.179993,855.609985,down
2017-02-23,857.570007,860.859985,848.0,852.190002,down
2017-02-24,844.690002,845.809998,837.75,845.23999,down
2017-02-27,842.380005,852.5,839.669983,848.640015,up
2017-02-28,851.450012,854.090027,842.049988,845.039978,down
2017-03-01,853.049988,854.830017,849.01001,853.080017,up
2017-03-02,853.080017,854.820007,847.280029,848.909973,down
2017-03-03,847.200012,851.98999,846.27002,849.880005,up
2017-03-06,845.22998,848.48999,841.119995,846.609985,down
2017-03-07,845.47998,848.460022,843.75,846.02002,down
2017-03-08,848.0,853.070007,846.789978,850.5,up
2017-03-09,851.0,856.400024,850.309998,853.0,up
2017-03-10,857.0,857.349976,851.719971,852.460022,down
2017-03-13,851.77002,855.690002,851.710022,854.590027,up
2017-03-14,853.549988,853.75,847.549988,852.530029,down
2017-03-15,854.330017,854.450012,847.109985,852.969971,up
2017-03-16,855.299988,855.5,850.51001,853.419983,up
2017-03-17,853.48999,853.830017,850.640015,852.309998,down
2017-03-20,851.51001,857.799988,851.01001,856.969971,up
2017-03-21,858.840027,862.799988,841.309998,843.200012,down
2017-03-22,840.429993,849.369995,839.049988,848.059998,up
2017-03-23,848.200012,850.890015,844.799988,847.380005,down
2017-03-24,851.679993,851.799988,843.530029,845.609985,down
2017-03-27,838.070007,850.299988,833.5,846.820007,up
2017-03-28,851.75,858.460022,850.099976,856.0,up
2017-03-29,859.049988,876.440002,859.02002,874.320007,up
2017-03-30,874.950012,877.059998,871.659973,876.340027,up
2017-03-31,877.0,890.349976,876.650024,886.539978,up
2017-04-03,888.0,893.48999,885.419983,891.51001,up
2017-04-04,891.5,908.539978,890.280029,906.830017,up
2017-04-05,910.820007,923.719971,905.619995,909.280029,up
2017-04-06,913.799988,917.190002,894.48999,898.280029,down
2017-04-07,899.650024,900.090027,889.309998,894.880005,down
2017-04-10,899.630005,908.51001,899.0,907.039978,up
2017-04-11,907.039978,911.23999,897.5,902.359985,down
2017-04-12,903.090027,904.090027,895.25,896.22998,down
2017-04-13,891.450012,894.969971,884.48999,884.669983,down
