2012-01-04,15.79,16.030001,15.69,13.881538,up
2012-01-05,15.85,16.360001,15.72,14.133771,up
2012-01-06,16.450001,16.610001,16.23,14.394702,up
2012-01-09,16.59,16.620001,16.33,14.359912,down
2012-01-10,16.75,16.83,16.68,14.620842,up
2012-01-11,16.75,16.879999,16.66,14.559958,down
2012-01-12,16.76,16.870001,16.43,14.490377,down
2012-01-13,16.59,16.59,15.94,14.177259,down
2012-01-17,16.25,16.42,15.78,13.925026,down
2012-01-18,16.01,16.15,15.79,13.994608,up
2012-01-19,16.129999,16.85,16.1,14.59475,up
2012-01-20,16.76,17.07,16.74,14.829587,up
2012-01-23,17.02,17.43,17.02,15.125309,up
2012-01-24,17.219999,17.43,17.07,14.916564,down
2012-01-25,17.15,17.4,16.700001,14.612144,down
2012-01-26,16.76,16.780001,16.309999,14.238144,down
2012-01-27,16.27,16.379999,16.139999,14.203353,down
2012-01-30,16.1,16.17,15.99,14.020027,down
2012-01-31,16.120001,16.209999,15.92,14.063677,up
2012-02-01,16.209999,16.440001,16.17,14.325569,up
2012-02-02,16.450001,16.629999,16.290001,14.412868,up
2012-02-03,16.77,17.49,16.700001,15.250926,up
2012-02-06,17.35,17.559999,17.280001,15.294576,up
2012-02-07,17.48,17.48,16.99,14.893005,down
2012-02-08,17.0,17.219999,16.91,14.796978,down
2012-02-09,16.950001,17.1,16.9,14.849357,up
2012-02-10,16.82,17.01,16.799999,14.849357,down
2012-02-13,17.08,17.41,17.08,15.102519,up
2012-02-14,17.24,17.360001,17.110001,15.102519,down
2012-02-15,17.34,17.440001,17.120001,15.137439,up
2012-02-16,17.200001,17.620001,17.18,15.364414,up
2012-02-17,17.6,17.620001,17.459999,15.303305,down
2012-02-21,17.549999,17.66,17.469999,15.399332,up
2012-02-22,17.6,17.620001,17.48,15.294576,down
2012-02-23,17.530001,17.84,17.48,15.565198,up
2012-02-24,17.82,18.08,17.68,15.652496,up
2012-02-27,17.84,17.959999,17.73,15.652496,down
2012-02-28,17.92,18.120001,17.76,15.748524,up
2012-02-29,18.07,18.75,18.01,16.2985,up
2012-03-01,18.690001,18.85,18.67,16.438176,up
2012-03-02,18.870001,18.9,18.530001,16.246122,down
2012-03-05,18.549999,18.75,18.450001,16.31596,up
2012-03-06,18.43,18.5,18.26,16.027877,down
2012-03-07,18.530001,18.77,18.469999,16.32469,up
2012-03-08,18.85,18.93,18.690001,16.394528,up
2012-03-09,18.83,19.1,18.780001,16.560393,up
2012-03-12,18.950001,19.07,18.83,16.508014,down
2012-03-13,19.049999,19.57,18.959999,17.08418,up
2012-03-14,19.66,19.73,19.41,17.197668,up
2012-03-15,19.809999,20.49,19.719999,17.86986,up
2012-03-16,20.1,20.4,19.92,17.546859,down
2012-03-19,20.200001,20.309999,19.93,17.520669,down
2012-03-20,20.02,20.309999,19.879999,17.660345,up
2012-03-21,20.200001,20.59,20.200001,17.93097,up
2012-03-22,20.35,20.389999,19.969999,17.485751,down
2012-03-23,20.059999,20.219999,19.77,17.389722,down
2012-03-26,20.129999,20.540001,20.059999,17.89605,up
2012-03-27,20.5,20.5,20.09,17.564319,down
2012-03-28,20.110001,20.139999,19.65,17.328614,down
2012-03-29,19.77,19.82,19.370001,17.005612,down
2012-03-30,19.690001,19.85,19.540001,17.232586,up
2012-04-02,19.77,20.02,19.6,17.363533,up
2012-04-03,19.889999,20.17,19.709999,17.442101,up
2012-04-04,19.76,19.93,19.52,17.06672,down
2012-04-05,19.51,19.6,19.41,16.979423,down
2012-04-09,19.15,19.290001,18.92,16.665151,down
2012-04-10,19.040001,19.139999,18.59,16.246122,down
2012-04-11,18.940001,19.139999,18.799999,16.673881,up
2012-04-12,19.07,19.530001,19.030001,17.031802,up
2012-04-13,19.4,19.459999,18.75,16.464366,down
2012-04-16,18.950001,19.18,18.6,16.394528,down
2012-04-17,18.65,19.0,18.6,16.359608,down
2012-04-18,18.610001,18.66,18.24,16.071525,down
2012-04-19,18.370001,18.540001,18.15,16.010417,down
2012-04-20,18.41,18.469999,18.33,16.097715,up
2012-04-23,18.209999,18.360001,18.049999,15.984227,down
2012-04-24,18.299999,18.469999,18.219999,16.045335,up
2012-04-25,18.52,18.67,18.4,16.211202,up
2012-04-26,18.52,18.780001,18.48,16.2985,up
2012-04-27,18.73,18.84,18.549999,16.447385,up
2012-04-30,18.59,18.790001,18.52,16.456143,up
2012-05-01,18.74,19.01,18.629999,16.351047,down
2012-05-02,18.459999,18.610001,18.35,16.202162,down
2012-05-03,18.290001,18.6,18.24,16.123341,down
2012-05-04,18.26,18.370001,18.18,16.044519,down
2012-05-07,18.26,18.57,18.25,16.114583,up
2012-05-08,18.23,18.299999,17.84,15.781782,down
2012-05-09,17.780001,17.93,17.610001,15.597865,down
2012-05-10,17.91,18.139999,17.709999,15.527802,down
2012-05-11,17.690001,18.09,17.34,15.720477,up
2012-05-14,17.780001,17.780001,17.51,15.335128,down
2012-05-15,17.51,17.58,17.35,15.230032,down
2012-05-16,17.5,17.559999,17.24,15.098664,down
2012-05-17,17.200001,17.309999,17.049999,15.011084,down
2012-05-18,17.18,17.23,16.91,14.932263,down
2012-05-21,17.129999,17.309999,17.01,15.159969,up
2012-05-22,17.27,17.65,17.190001,15.142454,down
2012-05-23,17.25,17.25,16.719999,14.932263,down
2012-05-24,17.15,17.18,16.91,14.932263,down
2012-05-25,17.040001,17.26,17.02,15.098664,up
2012-05-29,17.450001,17.540001,17.219999,15.361402,up
2012-05-30,17.360001,17.379999,16.940001,14.853441,down
2012-05-31,16.940001,17.190001,16.790001,15.0286,up
2012-06-01,16.93,16.940001,16.459999,14.424303,down
2012-06-04,16.24,16.49,16.09,14.222871,down
2012-06-05,16.24,16.6,16.190001,14.520641,up
2012-06-06,16.809999,17.0,16.58,14.870957,up
2012-06-07,17.01,17.17,16.73,14.660767,down
2012-06-08,16.74,16.799999,16.5,14.6958,up
2012-06-11,16.92,17.02,16.719999,14.660767,down
2012-06-12,16.85,16.969999,16.68,14.827168,up
2012-06-13,16.85,16.969999,16.6,14.56443,down
2012-06-14,16.65,16.860001,16.610001,14.722073,up
2012-06-15,16.84,17.139999,16.799999,14.941021,up
2012-06-18,17.07,17.139999,16.74,14.984811,up
2012-06-19,17.209999,17.440001,17.120001,15.151211,up
2012-06-20,17.360001,17.4,17.1,15.124938,down
2012-06-21,17.26,17.309999,16.65,14.669525,down
2012-06-22,16.790001,16.870001,16.73,14.660767,down
2012-06-25,16.549999,16.59,16.23,14.319209,down
2012-06-26,16.34,16.57,16.34,14.424303,up
2012-06-27,16.48,16.690001,16.440001,14.538157,up
2012-06-28,16.58,16.690001,16.459999,14.581946,up
2012-06-29,16.99,17.200001,16.9,14.888474,up
2012-07-02,17.08,17.139999,16.870001,14.888474,down
2012-07-03,17.0,17.16,16.950001,14.932263,up
2012-07-05,17.040001,17.08,16.879999,14.81841,down
2012-07-06,16.719999,16.9,16.67,14.713314,down
2012-07-09,16.370001,16.549999,16.040001,14.362998,down
2012-07-10,16.549999,16.700001,16.219999,14.257904,down
2012-07-11,16.299999,16.549999,16.26,14.450577,up
2012-07-12,16.43,16.440001,15.91,14.073986,down
2012-07-13,16.09,16.4,16.08,14.327967,up
2012-07-16,16.34,16.469999,16.190001,14.362998,up
2012-07-17,16.59,16.799999,15.89,14.249145,down
2012-07-18,16.190001,16.32,16.1,14.170324,down
2012-07-19,16.209999,16.309999,16.01,14.065228,down
2012-07-20,16.030001,16.049999,15.69,13.749943,down
2012-07-23,15.5,15.52,15.09,13.452173,down
2012-07-24,15.34,15.37,15.09,13.320805,down
2012-07-25,15.36,15.76,15.22,13.557268,up
2012-07-26,15.69,15.92,15.58,13.907586,up
2012-07-27,15.85,16.129999,15.66,14.136155,up
2012-07-30,16.139999,16.18,15.98,14.109781,down
2012-07-31,16.030001,16.049999,15.81,13.995497,down
2012-08-01,15.93,16.01,15.16,13.793301,down
2012-08-02,15.62,15.63,15.15,13.511984,down
2012-08-03,15.39,16.09,15.39,14.127364,up
2012-08-06,16.129999,16.280001,16.040001,14.136155,up
2012-08-07,16.09,16.68,16.09,14.522966,up
2012-08-08,16.4,16.57,16.360001,14.426263,down
2012-08-09,16.43,16.959999,16.370001,14.804282,up
2012-08-10,16.83,16.83,16.48,14.575713,down
2012-08-13,16.57,16.77,16.5,14.707579,up
2012-08-14,16.77,16.950001,16.52,14.55813,down
2012-08-15,16.6,16.85,16.540001,14.7867,up
2012-08-16,16.82,16.98,16.799999,14.883403,up
2012-08-17,16.91,16.940001,16.75,14.804282,down
2012-08-20,16.83,16.889999,16.73,14.769117,down
2012-08-21,16.83,17.049999,16.76,14.7867,up
2012-08-22,16.809999,16.950001,16.700001,14.760327,down
2012-08-23,16.809999,16.85,16.559999,14.610878,down
2012-08-24,16.58,16.82,16.459999,14.725162,up
2012-08-27,16.790001,16.790001,16.559999,14.566921,down
2012-08-28,16.559999,16.790001,16.51,14.654833,up
2012-08-29,16.65,16.91,16.629999,14.813074,up
2012-08-30,16.84,16.879999,16.67,14.769117,down
2012-08-31,16.82,17.15,16.780001,15.041644,up
2012-09-04,17.07,17.120001,16.799999,14.892194,down
2012-09-05,16.969999,17.120001,16.92,14.944941,up
2012-09-06,17.120001,17.530001,17.08,15.340543,up
2012-09-07,17.559999,17.6,17.440001,15.384498,up
2012-09-10,17.5,17.58,17.24,15.164719,down
2012-09-11,17.27,17.469999,17.17,15.331751,up
2012-09-12,17.540001,17.59,17.389999,15.419663,up
2012-09-13,17.530001,17.809999,17.370001,15.577902,up
2012-09-14,17.790001,18.0,17.35,15.349332,down
2012-09-17,17.43,17.559999,16.860001,14.86582,down
2012-09-18,16.940001,16.940001,16.629999,14.663624,down
2012-09-19,16.74,16.74,16.23,14.294396,down
2012-09-20,16.24,16.290001,15.89,14.004289,down
2012-09-21,16.1,16.23,15.98,14.109781,up
2012-09-24,15.91,16.15,15.79,14.188902,up
2012-09-25,16.15,16.200001,15.69,13.828465,down
2012-09-26,15.69,15.76,15.44,13.714181,down
2012-09-27,15.62,15.87,15.36,13.547149,down
2012-09-28,15.38,15.39,15.14,13.511984,down
2012-10-01,15.45,15.67,15.41,13.687807,up
2012-10-02,15.6,15.7,15.39,13.775719,up
2012-10-03,15.69,15.77,15.58,13.846048,up
2012-10-04,15.76,16.0,15.76,14.021871,up
2012-10-05,15.85,16.07,15.82,13.969124,down
2012-10-08,15.86,15.89,15.75,13.93396,down
2012-10-09,15.86,15.87,15.72,13.872421,down
2012-10-10,15.74,15.78,15.52,13.819675,down
2012-10-11,15.85,16.01,15.77,14.013079,up
2012-10-12,15.85,15.93,15.52,13.679017,down
2012-10-15,15.59,15.79,15.32,13.714181,up
2012-10-16,15.71,16.16,15.67,14.127364,up
2012-10-17,16.059999,16.469999,16.059999,14.452637,up
2012-10-18,16.370001,16.41,16.1,14.215276,down
2012-10-19,16.16,16.17,15.65,13.854839,down
2012-10-22,15.75,15.84,15.64,13.854839,down
2012-10-23,15.58,15.66,15.4,13.687807,down
2012-10-24,15.61,15.67,15.42,13.591105,down
2012-10-25,15.65,15.71,15.5,13.810883,up
2012-10-26,15.69,15.91,15.6,13.960333,up
2012-10-31,15.88,15.88,15.51,13.793301,down
2012-11-01,15.7,16.08,15.58,14.118573,up
2012-11-02,16.07,16.17,16.0,14.074618,down
2012-11-05,16.030001,16.459999,15.92,14.399889,up
2012-11-06,16.309999,16.540001,16.299999,14.514175,up
2012-11-07,16.16,16.219999,15.76,13.93078,down
2012-11-08,15.76,15.92,15.61,13.798189,down
2012-11-09,15.6,15.76,15.52,13.736314,down
2012-11-12,15.58,15.75,15.49,13.807029,up
2012-11-13,15.61,15.72,15.48,13.683278,down
2012-11-14,15.51,15.58,15.22,13.488813,down
2012-11-15,15.27,15.46,15.2,13.621403,up
2012-11-16,15.38,15.44,15.21,13.53301,down
2012-11-19,15.46,15.55,15.39,13.65676,up
2012-11-20,15.48,15.57,15.38,13.745154,up
2012-11-21,15.57,15.82,15.55,13.939619,up
2012-11-23,15.79,15.92,15.76,14.05453,up
2012-11-26,15.89,15.89,15.78,14.001494,down
2012-11-27,15.85,15.87,15.75,13.992655,down
2012-11-28,15.8,16.4,15.72,14.416942,up
2012-11-29,16.34,16.41,16.09,14.293192,down
2012-11-30,16.190001,16.27,16.15,14.319711,up
2012-12-03,16.219999,16.33,16.120001,14.302032,down
2012-12-04,16.209999,16.309999,16.129999,14.275513,down
2012-12-05,16.16,16.309999,16.129999,14.363907,up
2012-12-06,16.23,16.290001,16.139999,14.390425,up
2012-12-07,16.299999,16.58,16.290001,14.655604,up
2012-12-10,16.620001,16.620001,16.309999,14.443461,down
2012-12-11,16.370001,16.65,16.360001,14.646765,up
2012-12-12,16.58,16.67,16.379999,14.523015,down
2012-12-13,16.43,16.6,16.33,14.664444,up
2012-12-14,16.59,16.610001,16.43,14.646765,down
2012-12-17,16.58,16.9,16.559999,14.920783,up
2012-12-18,16.9,17.24,16.889999,15.239,up
2012-12-19,17.01,17.01,16.73,15.375549,up
2012-12-20,16.91,16.969999,16.73,15.402859,up
2012-12-21,16.610001,16.870001,16.610001,15.357343,down
2012-12-24,16.85,16.860001,16.76,15.293618,down
2012-12-26,16.84,16.84,16.74,15.275413,down
2012-12-27,16.809999,16.809999,16.58,15.248102,down
2012-12-28,16.74,16.780001,16.639999,15.157069,down
2012-12-31,16.629999,16.860001,16.58,15.302722,up
2013-01-02,17.08,17.360001,17.07,15.794303,up
2013-01-03,17.299999,17.49,17.23,15.903543,up
2013-01-04,17.48,18.15,17.459999,16.431536,up
2013-01-07,17.969999,18.120001,17.870001,16.449744,up
2013-01-08,18.059999,18.139999,17.77,16.404228,down
2013-01-09,18.0,18.129999,17.98,16.376917,down
2013-01-10,18.17,18.24,18.07,16.568088,up
2013-01-11,18.139999,18.52,18.110001,16.640915,up
2013-01-14,18.25,18.25,18.1,16.558984,down
2013-01-15,17.84,18.200001,17.790001,16.558984,down
2013-01-16,18.18,18.290001,18.059999,16.449744,down
2013-01-17,18.16,18.33,18.059999,16.568088,up
2013-01-18,18.24,18.48,18.219999,16.795672,up
2013-01-22,18.700001,19.42,18.59,17.323666,up
2013-01-23,18.57,18.879999,18.57,16.95953,down
2013-01-24,18.65,19.129999,18.65,17.141598,up
2013-01-25,18.84,19.299999,18.809999,17.505731,up
2013-01-28,19.219999,19.450001,19.209999,17.560353,up
2013-01-29,19.35,19.709999,19.35,17.751522,up
2013-01-30,19.34,19.41,19.190001,17.678359,down
2013-01-31,19.35,19.48,19.139999,17.733232,up
2013-02-01,19.459999,19.719999,19.4,18.007599,up
2013-02-04,19.57,19.57,19.290001,17.714942,down
2013-02-05,19.459999,19.77,19.42,17.989308,up
2013-02-06,19.629999,19.719999,19.5,17.870416,down
2013-02-07,19.549999,19.76,19.370001,17.989308,up
2013-02-08,19.700001,19.82,19.6,18.007599,up
2013-02-11,19.639999,19.799999,19.58,18.007599,down
2013-02-12,19.74,20.040001,19.74,18.327694,up
2013-02-13,20.07,20.190001,19.99,18.309403,down
2013-02-14,20.030001,20.209999,19.940001,18.43744,up
2013-02-15,20.200001,20.219999,19.99,18.400858,down
2013-02-19,20.110001,20.299999,20.059999,18.391713,down
2013-02-20,20.049999,20.17,19.709999,18.062472,down
2013-02-21,19.65,19.65,19.07,17.559467,down
2013-02-22,19.360001,19.629999,19.26,17.897852,up
2013-02-25,19.700001,19.73,19.08,17.468011,down
2013-02-26,19.219999,19.32,18.77,17.330828,down
2013-02-27,18.940001,19.200001,18.9,17.486303,up
2013-02-28,19.1,19.25,18.950001,17.385701,down
2013-03-01,18.92,19.17,18.66,17.440574,up
2013-03-04,19.07,19.52,19.059999,17.815542,up
2013-03-05,19.610001,20.049999,19.52,18.117345,up
2013-03-06,19.92,20.219999,19.870001,18.391713,up
2013-03-07,20.1,20.42,19.99,18.656933,up
2013-03-08,20.5,20.959999,20.469999,19.068484,up
2013-03-11,20.84,21.08,20.700001,19.24225,up
2013-03-12,20.959999,21.030001,20.84,19.187375,down
2013-03-13,20.99,21.41,20.92,19.580634,up
2013-03-14,21.24,21.559999,21.040001,19.324558,down
2013-03-15,21.139999,21.139999,20.85,19.214812,down
2013-03-18,20.68,20.950001,20.52,18.967882,down
2013-03-19,20.82,20.959999,20.48,18.903863,down
2013-03-20,20.74,21.08,20.74,19.233104,up
2013-03-21,20.889999,21.15,20.74,19.022755,down
2013-03-22,20.84,20.98,20.559999,18.84899,down
2013-03-25,20.77,20.889999,20.41,18.711806,down
2013-03-26,20.610001,20.629999,20.43,18.858136,up
2013-03-27,20.450001,20.49,20.030001,18.68437,down
2013-03-28,20.370001,20.68,20.370001,18.858136,up
2013-04-01,20.629999,20.75,20.15,18.51975,down
2013-04-02,20.299999,20.33,20.120001,18.492313,down
2013-04-03,20.23,20.33,19.620001,18.007599,down
2013-04-04,19.73,19.93,19.6,18.025889,up
2013-04-05,19.35,19.360001,19.030001,17.669213,down
2013-04-08,19.309999,19.6,19.24,17.906998,up
2013-04-09,19.58,19.85,19.549999,18.035035,up
2013-04-10,19.83,20.379999,19.83,18.410002,up
2013-04-11,20.1,20.41,20.1,18.611206,up
2013-04-12,20.190001,20.309999,19.889999,18.291111,down
2013-04-15,19.84,20.15,19.42,17.77896,down
2013-04-16,19.709999,19.870001,19.16,17.824687,up
2013-04-17,19.26,19.370001,18.9,17.440574,down
2013-04-18,19.059999,19.16,18.790001,17.431428,down
2013-04-19,19.16,19.299999,19.01,17.632632,up
2013-04-22,19.32,19.33,19.01,17.495447,down
2013-04-23,19.23,19.469999,19.16,17.733232,up
2013-04-24,19.360001,19.66,19.280001,17.897852,up
2013-04-25,19.690001,19.889999,19.49,17.971016,up
2013-04-26,19.58,19.67,19.360001,17.870416,down
2013-04-29,19.48,19.65,19.450001,18.008234,up
2013-04-30,19.620001,19.91,19.530001,18.293057,up
2013-05-01,19.780001,19.91,19.15,17.622343,down
2013-05-02,19.26,19.58,19.120001,17.989858,up
2013-05-03,19.860001,21.0,19.860001,19.083215,up
2013-05-06,20.690001,20.969999,20.66,19.257783,up
2013-05-07,20.99,21.040001,20.639999,19.119966,down
2013-05-08,20.75,20.99,20.57,19.285348,up
2013-05-09,20.85,21.389999,20.85,19.395603,up
2013-05-10,21.09,22.0,21.09,20.158196,up
2013-05-13,21.84,22.290001,21.77,20.286826,up
2013-05-14,22.049999,22.889999,21.99,20.893226,up
2013-05-15,22.450001,22.51,21.940001,20.580838,down
2013-05-16,22.34,22.540001,22.08,20.534899,down
2013-05-17,22.540001,22.82,22.440001,20.911602,up
2013-05-20,22.48,22.74,22.35,20.737032,down
2013-05-21,22.6,22.629999,22.290001,20.534899,down
2013-05-22,22.379999,22.879999,22.25,20.590026,up
2013-05-23,22.01,22.4,21.84,20.507335,down
2013-05-24,22.16,22.4,22.08,20.57165,up
2013-05-28,22.77,23.77,22.700001,21.729322,up
2013-05-29,23.360001,24.07,23.34,21.821201,up
2013-05-30,23.780001,24.01,23.66,21.977395,up
2013-05-31,23.889999,24.0,23.440001,21.536378,down
2013-06-03,23.690001,23.709999,22.780001,21.315869,down
2013-06-04,23.25,23.51,22.74,21.168863,down
2013-06-05,22.98,23.07,22.360001,20.663529,down
2013-06-06,22.450001,23.309999,22.370001,21.39856,up
2013-06-07,23.49,24.059999,23.459999,22.060086,up
2013-06-10,24.18,24.200001,23.809999,22.004959,down
2013-06-11,23.73,24.01,23.469999,21.710946,down
2013-06-12,23.85,23.85,23.389999,21.637443,down
2013-06-13,23.450001,23.93,23.450001,21.885516,up
2013-06-14,23.83,23.9,23.379999,21.591504,down
2013-06-17,23.73,24.01,23.610001,22.050898,up
2013-06-18,24.030001,24.030001,23.879999,22.014146,down
2013-06-19,23.940001,24.43,23.809999,22.04171,up
2013-06-20,23.75,24.290001,23.620001,21.802825,down
2013-06-21,23.92,23.969999,23.32,21.674195,down
2013-06-24,23.440001,23.85,23.200001,21.710946,up
2013-06-25,23.889999,24.1,23.719999,21.903892,up
2013-06-26,24.110001,24.200001,23.879999,22.078462,up
2013-06-27,24.16,24.5,24.139999,22.464353,up
2013-06-28,24.33,24.51,24.120001,22.317347,down
2013-07-01,24.57,24.790001,24.469999,22.565419,up
2013-07-02,24.58,24.860001,24.17,22.537856,down
2013-07-03,24.469999,24.809999,24.309999,22.785927,up
2013-07-05,25.0,25.43,24.950001,23.364764,up
2013-07-08,25.860001,26.07,25.700001,23.888473,up
2013-07-09,26.26,26.370001,26.02,24.191673,up
2013-07-10,26.290001,26.48,26.02,24.035479,down
2013-07-11,26.5,26.540001,25.120001,23.456643,down
2013-07-12,25.629999,25.959999,25.459999,23.842534,up
2013-07-15,26.129999,26.16,25.860001,24.026291,up
2013-07-16,26.1,26.110001,25.59,23.704715,down
2013-07-17,25.76,25.9,25.43,23.438267,down
2013-07-18,25.639999,26.26,25.620001,23.9436,up
2013-07-19,26.139999,26.200001,25.76,24.017103,up
2013-07-22,25.75,26.09,25.68,23.934412,down
2013-07-23,26.92,27.5,26.58,24.991019,up
2013-07-24,27.65,27.65,26.629999,24.559187,down
2013-07-25,26.83,27.440001,26.65,25.036957,up
2013-07-26,27.15,27.26,26.969999,24.825637,down
2013-07-29,27.01,27.15,26.59,24.531625,down
2013-07-30,26.700001,27.15,26.700001,24.91882,up
2013-07-31,27.059999,27.549999,27.030001,24.91882,down
2013-08-01,27.48,27.870001,27.360001,25.518051,up
2013-08-02,27.559999,27.73,27.360001,25.342891,down
2013-08-05,27.469999,27.879999,27.33,25.296797,down
2013-08-06,27.43,27.65,27.08,25.066323,down
2013-08-07,27.120001,27.389999,26.93,25.186169,up
2013-08-08,27.530001,27.690001,27.209999,25.213826,up
2013-08-09,27.200001,27.74,27.200001,25.25992,up
2013-08-12,27.219999,27.26,26.32,24.338025,down
2013-08-13,26.57,27.5,26.530001,25.287578,up
2013-08-14,27.32,27.5,26.82,24.798973,down
2013-08-15,26.68,26.76,26.139999,24.282712,down
2013-08-16,26.299999,27.049999,26.280001,24.688346,up
2013-08-19,26.75,26.98,26.620001,24.660689,down
2013-08-20,26.73,27.120001,26.49,24.909601,up
2013-08-21,26.99,27.07,26.5,24.688346,down
2013-08-22,26.85,27.219999,26.690001,24.808192,up
2013-08-23,26.91,27.0,26.65,24.872724,up
2013-08-26,26.9,27.299999,26.85,24.845068,down
2013-08-27,26.5,26.57,25.190001,23.471444,down
2013-08-28,25.48,25.92,25.290001,23.6927,up
2013-08-29,25.719999,26.299999,25.629999,24.024581,up
2013-08-30,26.030001,26.08,25.52,23.665042,down
2013-09-03,26.110001,26.379999,25.77,23.913954,up
2013-09-04,26.02,26.690001,25.91,24.457873,up
2013-09-05,26.65,27.0,26.59,24.725221,up
2013-09-06,26.940001,27.0,26.34,24.522405,down
2013-09-09,26.700001,26.85,26.559999,24.669908,up
2013-09-10,26.82,27.809999,26.82,25.545707,up
2013-09-11,27.700001,27.790001,27.49,25.508832,down
2013-09-12,27.58,27.82,27.549999,25.591803,up
2013-09-13,27.84,27.9,27.440001,25.508832,down
2013-09-16,27.940001,27.940001,27.299999,25.453519,down
2013-09-17,27.719999,28.120001,27.700001,25.859151,up
2013-09-18,28.049999,28.07,26.42,24.82663,down
2013-09-19,27.17,27.17,26.25,24.365683,down
2013-09-20,26.4,26.9,26.379999,24.476309,up
2013-09-23,26.530001,26.57,26.07,24.21818,down
2013-09-24,26.379999,26.68,26.290001,24.338025,up
2013-09-25,26.450001,26.540001,25.93,24.310369,down
2013-09-26,26.51,26.799999,26.32,24.347244,up
2013-09-27,26.24,26.49,26.02,24.227399,down
2013-09-30,26.059999,26.48,25.92,24.135209,down
2013-10-01,26.18,26.709999,26.1,24.494747,up
2013-10-02,26.23,26.49,26.07,24.236618,down
2013-10-03,26.309999,26.42,25.92,24.12599,down
2013-10-04,26.33,26.639999,26.16,24.448653,up
2013-10-07,26.17,26.309999,25.98,24.098332,down
2013-10-08,26.02,26.280001,25.469999,23.572853,down
2013-10-09,25.950001,26.1,25.5,23.665042,up
2013-10-10,26.15,26.559999,26.0,24.393338,up
2013-10-11,26.370001,26.719999,26.24,24.586937,up
2013-10-14,26.469999,27.030001,26.360001,24.881943,up
2013-10-15,27.190001,28.139999,27.1,25.213826,up
2013-10-16,27.51,28.17,27.450001,25.61946,up
2013-10-17,27.549999,28.07,27.52,25.840715,up
2013-10-18,28.200001,28.68,28.09,26.430727,up
2013-10-21,28.629999,28.66,28.120001,26.098844,down
2013-10-22,28.26,28.41,27.790001,26.108064,up
2013-10-23,28.129999,28.27,27.799999,25.794619,down
2013-10-24,27.92,28.030001,27.629999,25.490394,down
2013-10-25,27.77,27.98,27.57,25.739306,up
2013-10-28,27.99,28.120001,27.66,25.748525,up
2013-10-29,28.379999,28.440001,27.35,25.490394,down
2013-10-30,27.809999,28.059999,27.280001,25.232264,down
2013-10-31,27.280001,27.530001,27.15,25.130855,down
2013-11-01,27.200001,27.77,27.200001,25.499613,up
2013-11-04,27.709999,27.879999,27.559999,25.628678,up
2013-11-05,27.620001,27.66,27.389999,25.462018,down
2013-11-06,27.629999,27.85,27.49,25.693491,up
2013-11-07,27.780001,27.860001,27.379999,25.36017,down
2013-11-08,27.52,28.34,27.450001,26.230508,up
2013-11-11,28.780001,29.16,28.370001,26.878633,up
2013-11-12,28.99,29.25,28.83,26.804562,down
2013-11-13,28.74,29.200001,28.49,27.017517,up
2013-11-14,29.18,29.309999,28.940001,26.89715,down
2013-11-15,29.049999,29.15,28.870001,26.878633,down
2013-11-18,29.01,29.360001,28.889999,26.813819,down
2013-11-19,28.959999,29.4,28.91,26.943445,up
2013-11-20,29.110001,29.389999,28.93,27.036035,up
2013-11-21,29.27,29.629999,29.200001,27.313802,up
2013-11-22,29.620001,29.92,29.5,27.554534,up
2013-11-25,29.84,29.84,29.49,27.360095,down
2013-11-26,29.549999,29.790001,29.549999,27.406391,up
2013-11-27,29.690001,29.690001,29.33,27.33232,down
2013-11-29,29.139999,29.290001,28.74,27.106277,down
2013-12-02,28.83,29.27,28.620001,27.209879,up
2013-12-03,28.76,28.959999,28.450001,27.002674,down
2013-12-04,28.67,28.92,28.360001,27.002674,down
2013-12-05,28.58,28.68,28.290001,26.908489,down
2013-12-06,29.01,29.290001,28.639999,27.14395,up
2013-12-09,28.92,29.26,28.870001,27.454759,up
2013-12-10,29.059999,29.25,28.860001,27.398249,down
2013-12-11,29.049999,29.5,29.049999,27.417086,up
2013-12-12,29.219999,29.43,29.15,27.530106,up
2013-12-13,29.24,29.5,29.18,27.511269,down
2013-12-16,29.27,29.610001,29.26,27.831496,up
2013-12-17,29.59,29.59,29.030001,27.473596,down
2013-12-18,29.26,30.08,29.200001,28.321256,up
2013-12-19,30.049999,30.58,30.01,28.641483,up
2013-12-20,30.309999,30.450001,30.040001,28.641483,down
2013-12-23,30.559999,30.6,30.23,28.66032,up
2013-12-24,30.370001,30.450001,30.26,28.669739,up
2013-12-26,30.49,30.52,30.16,28.462532,down
2013-12-27,30.280001,30.360001,30.139999,28.443696,down
2013-12-30,30.190001,30.26,30.040001,28.443696,down
2013-12-31,30.23,30.68,30.219999,28.858106,up
2014-01-02,30.65,30.73,30.24,28.66032,down
2014-01-03,30.469999,30.82,30.34,28.924035,up
2014-01-06,30.84,31.1,30.43,28.792178,down
2014-01-07,30.209999,30.959999,30.209999,28.848688,up
2014-01-08,30.639999,31.02,30.540001,29.037057,up
2014-01-09,30.809999,31.15,30.780001,29.281937,up
2014-01-10,30.99,31.09,30.719999,29.150079,down
2014-01-13,30.940001,31.02,30.5,28.792178,down
2014-01-14,30.73,31.360001,30.66,29.498561,up
2014-01-15,31.49,31.889999,31.42,29.960064,up
2014-01-16,31.77,32.43,31.77,30.515754,up
2014-01-17,32.389999,32.540001,32.169998,30.525171,up
2014-01-21,33.52,35.16,33.049999,31.881426,up
2014-01-22,34.23,34.43,33.799999,31.872009,down
2014-01-23,33.610001,33.759998,32.959999,31.39167,down
2014-01-24,32.990002,33.09,31.969999,30.186107,down
2014-01-27,32.07,32.310001,31.190001,29.573908,down
2014-01-28,31.450001,31.959999,31.450001,29.828207,up
2014-01-29,31.219999,31.379999,30.91,29.272518,down
2014-01-30,31.469999,31.83,31.120001,29.724603,up
2014-01-31,31.07,31.33,30.84,29.432632,down
2014-02-03,31.25,31.379999,29.780001,28.354789,down
2014-02-04,30.16,30.870001,30.02,28.855891,up
2014-02-05,30.459999,30.76,29.91,28.893709,up
2014-02-06,30.639999,31.030001,30.48,29.234081,up
2014-02-07,31.059999,31.43,30.809999,29.621726,up
2014-02-10,31.299999,31.709999,31.18,29.952642,up
2014-02-11,31.700001,32.549999,31.389999,30.671201,up
2014-02-12,32.490002,32.84,32.349998,30.718478,up
2014-02-13,32.240002,33.169998,32.18,31.333034,up
2014-02-14,32.939999,32.970001,32.349998,30.756294,down
2014-02-18,32.66,33.490002,32.66,31.50322,up
2014-02-19,33.209999,33.52,32.82,31.058846,down
2014-02-20,32.939999,33.169998,32.529999,31.342491,up
2014-02-21,33.240002,33.59,33.139999,31.52213,up
2014-02-24,33.349998,33.919998,33.099998,31.900321,up
2014-02-25,33.700001,33.75,32.990002,31.219578,down
2014-02-26,33.09,33.279999,32.619999,31.049393,down
2014-02-27,32.759998,33.139999,32.650002,31.219578,up
2014-02-28,33.200001,33.560001,33.049999,31.607223,up
2014-03-03,32.950001,33.029999,32.59,31.03994,down
2014-03-04,33.259998,34.310001,33.259998,32.382512,up
2014-03-05,34.18,34.299999,33.950001,32.221783,down
2014-03-06,34.400002,34.740002,34.209999,32.647244,up
2014-03-07,34.799999,34.990002,34.27,32.524335,down
2014-03-10,34.34,34.43,34.060001,32.382512,down
2014-03-11,34.290001,34.650002,33.919998,32.13669,down
2014-03-12,33.66,34.009998,33.549999,32.11778,down
2014-03-13,34.110001,34.27,33.220001,31.54104,down
2014-03-14,33.34,33.439999,32.889999,31.427584,down
2014-03-17,33.5,34.060001,33.459999,31.928685,up
2014-03-18,33.869999,34.169998,33.669998,31.957048,up
2014-03-19,33.73,34.490002,33.380001,32.562151,up
2014-03-20,34.549999,35.490002,34.439999,33.365807,up
2014-03-21,35.77,35.82,34.830002,33.39417,up
2014-03-24,35.490002,35.549999,34.84,33.138891,down
2014-03-25,35.330002,35.599998,34.25,32.987615,down
2014-03-26,35.259998,35.459999,34.509998,32.656701,down
2014-03-27,34.52,34.720001,33.43,31.786862,down
2014-03-28,33.650002,34.220001,33.360001,31.57886,down
2014-03-31,33.759998,33.990002,33.599998,32.09887,up
2014-04-01,34.189999,34.32,33.790001,32.231236,up
2014-04-02,34.16,34.220001,33.619999,31.975958,down
2014-04-03,33.900002,33.990002,31.83,30.274104,down
2014-04-04,32.16,32.16,30.16,28.997712,down
2014-04-07,30.5,30.719999,29.889999,28.704616,down
2014-04-08,30.33,30.85,30.18,28.780254,up
2014-04-09,30.76,30.98,30.43,29.120623,up
2014-04-10,30.9,30.91,30.01,28.430427,down
2014-04-11,29.879999,30.48,29.360001,28.269696,down
2014-04-14,30.57,30.969999,29.93,28.695161,up
2014-04-15,30.559999,30.74,29.83,28.808617,up
2014-04-16,30.799999,31.299999,30.52,29.583907,up
2014-04-17,31.360001,31.82,31.120001,30.04719,up
2014-04-21,31.77,31.950001,31.450001,30.141736,up
2014-04-22,31.83,32.880001,31.780001,31.049393,up
2014-04-23,31.77,32.849998,31.719999,30.472652,down
2014-04-24,32.580002,32.650002,31.459999,30.718478,up
2014-04-25,32.32,32.619999,31.98,30.718478,down
2014-04-28,32.98,33.040001,31.41,30.018825,down
2014-04-29,31.99,32.240002,31.74,30.189011,up
2014-04-30,31.860001,31.959999,31.559999,30.274425,up
2014-05-01,31.879999,32.209999,31.73,30.283916,up
2014-05-02,31.940001,32.369999,31.809999,30.236464,down
2014-05-05,31.559999,31.879999,31.219999,30.160541,down
2014-05-06,31.73,31.74,30.93,29.372837,down
2014-05-07,30.889999,31.17,30.42,29.515192,up
2014-05-08,30.98,31.450001,30.65,29.088123,down
2014-05-09,30.68,31.059999,30.43,29.420288,up
2014-05-12,31.25,31.83,30.950001,30.056146,up
2014-05-13,31.620001,31.700001,31.01,29.44876,down
2014-05-14,30.9,31.030001,30.52,29.040672,down
2014-05-15,30.459999,30.459999,29.18,28.167553,down
2014-05-16,29.67,29.860001,29.459999,28.177044,up
2014-05-19,29.469999,30.1,29.32,28.480737,up
2014-05-20,30.23,30.23,29.6,28.224495,down
2014-05-21,29.92,30.09,29.709999,28.490228,up
2014-05-22,30.02,30.389999,29.889999,28.661055,up
2014-05-23,30.200001,30.309999,30.040001,28.594621,down
2014-05-27,30.299999,30.48,30.15,28.717997,up
2014-05-28,30.190001,30.190001,29.82,28.357361,down
2014-05-29,29.92,30.299999,29.92,28.746469,up
2014-05-30,30.299999,30.440001,30.190001,28.793921,up
2014-06-02,30.469999,30.530001,30.110001,28.888825,up
2014-06-03,30.209999,30.450001,30.040001,28.55666,down
2014-06-04,30.09,30.42,29.75,28.850863,up
2014-06-05,30.59,30.68,30.16,28.945767,up
2014-06-06,30.57,30.82,30.42,29.164046,up
2014-06-09,30.74,31.17,30.67,29.515192,up
2014-06-10,31.049999,31.059999,30.549999,29.154556,down
2014-06-11,30.360001,30.389999,29.91,28.566151,down
2014-06-12,30.09,30.309999,29.9,28.528188,down
2014-06-13,30.120001,30.32,29.950001,28.632583,up
2014-06-16,30.08,30.33,29.879999,28.613602,down
2014-06-17,30.129999,31.92,30.1,29.970732,up
2014-06-18,31.5,31.66,30.950001,29.667039,down
2014-06-19,31.23,31.370001,30.639999,29.439269,down
2014-06-20,30.98,31.4,30.98,29.790414,up
2014-06-23,31.4,31.4,31.059999,29.67653,down
2014-06-24,31.120001,31.33,30.84,29.315893,down
2014-06-25,30.74,31.26,30.639999,29.610097,up
2014-06-26,31.129999,31.25,30.65,29.629076,up
2014-06-27,31.129999,31.530001,31.129999,29.71449,up
2014-06-30,31.290001,31.65,31.27,29.752453,up
2014-07-01,31.4,31.92,31.35,30.075127,up
2014-07-02,31.559999,31.99,31.379999,29.818885,down
2014-07-03,31.780001,32.509998,31.780001,30.777418,up
2014-07-07,32.209999,32.259998,31.82,30.502195,down
2014-07-08,31.92,31.969999,31.200001,29.847357,down
2014-07-09,31.469999,31.5,30.879999,29.543663,down
2014-07-10,30.530001,31.139999,30.43,29.410797,down
2014-07-11,30.799999,31.200001,30.67,29.515192,up
2014-07-14,31.33,31.629999,31.25,29.71449,up
2014-07-15,31.43,31.67,30.91,29.372837,down
2014-07-16,31.0,31.190001,30.65,29.325383,down
2014-07-17,30.870001,30.870001,30.51,28.964748,down
2014-07-18,30.77,31.23,30.610001,29.591116,up
2014-07-21,30.969999,31.219999,30.73,29.562644,down
2014-07-22,30.620001,31.280001,30.620001,29.135576,down
2014-07-23,30.690001,31.09,30.620001,29.486721,up
2014-07-24,31.129999,31.360001,31.02,29.71449,up
2014-07-25,31.139999,31.33,31.02,29.543663,down
2014-07-28,31.120001,31.629999,31.030001,29.837867,up
2014-07-29,31.469999,31.99,31.35,30.226974,up
2014-07-30,31.98,32.66,31.93,30.989077,up
2014-07-31,32.189999,32.599998,32.09,30.598499,down
2014-08-01,32.080002,32.16,31.459999,30.226974,down
2014-08-04,31.860001,32.150002,31.559999,30.493709,up
2014-08-05,31.82,32.25,31.780001,30.388921,down
2014-08-06,31.639999,32.240002,31.639999,30.484184,up
2014-08-07,32.27,32.290001,31.440001,30.0555,down
2014-08-08,31.58,32.16,31.52,30.598499,up
2014-08-11,32.360001,32.790001,32.18,31.055761,up
2014-08-12,32.48,32.599998,32.209999,30.817604,down
2014-08-13,32.529999,32.57,32.279999,30.779501,down
2014-08-14,32.509998,32.669998,32.240002,30.731867,down
2014-08-15,32.459999,32.509998,31.780001,30.598499,down
2014-08-18,32.34,32.380001,32.18,30.789026,up
2014-08-19,32.380001,32.389999,32.110001,30.617552,down
2014-08-20,32.060001,32.740002,32.049999,31.055761,up
2014-08-21,32.720001,32.93,32.43,31.198657,up
2014-08-22,32.700001,32.990002,32.52,31.265341,up
2014-08-25,32.98,33.630001,32.98,31.846447,up
2014-08-26,33.41,33.650002,33.349998,31.960761,up
2014-08-27,33.599998,33.689999,33.09,31.598761,down
2014-08-28,32.970001,33.23,32.740002,31.436815,down
2014-08-29,33.09,33.27,32.93,31.541605,up
2014-09-02,33.299999,33.310001,32.91,31.474921,down
2014-09-03,33.130001,33.299999,32.610001,31.227235,down
2014-09-04,32.900002,33.049999,32.43,31.074814,down
2014-09-05,32.490002,32.650002,32.259998,31.074814,down
2014-09-08,32.490002,32.959999,32.360001,31.055761,down
2014-09-09,32.549999,32.860001,32.299999,30.998606,down
2014-09-10,32.619999,33.0,32.580002,31.370131,up
2014-09-11,32.689999,32.939999,32.529999,31.27487,down
2014-09-12,32.82,33.5,32.82,31.836918,up
2014-09-15,33.330002,33.419998,33.009998,31.732132,down
2014-09-16,33.220001,33.59,33.110001,31.798816,up
2014-09-17,33.290001,34.099998,33.200001,32.256078,up
2014-09-18,34.0,34.610001,34.0,32.618079,up
2014-09-19,34.34,34.439999,33.790001,32.418024,down
2014-09-22,33.860001,34.040001,33.599998,32.189394,down
2014-09-23,33.5,34.040001,33.5,31.960761,down
2014-09-24,33.599998,33.779999,33.400002,32.094129,up
2014-09-25,33.689999,33.689999,33.139999,31.76071,down
2014-09-26,33.349998,33.709999,33.279999,32.046498,up
2014-09-29,33.259998,33.5,33.0,31.846447,down
2014-09-30,33.509998,33.689999,33.25,31.789287,down
2014-10-01,33.200001,33.25,32.77,31.436815,down
2014-10-02,33.09,33.419998,32.869999,31.70355,up
2014-10-03,33.66,34.060001,33.619999,32.113182,up
2014-10-06,33.959999,33.990002,33.5,32.094129,down
2014-10-07,33.400002,33.68,32.970001,31.436815,down
2014-10-08,33.009998,33.07,32.369999,31.398709,down
2014-10-09,32.900002,32.93,31.92,30.541343,down
2014-10-10,32.02,32.200001,31.15,29.703027,down
2014-10-13,31.23,31.43,30.309999,28.902817,down
2014-10-14,30.530001,30.75,29.709999,28.569396,down
2014-10-15,29.360001,29.75,28.34,28.035924,down
2014-10-16,28.75,30.07,28.73,28.340765,up
2014-10-17,30.25,30.469999,29.85,28.607502,up
2014-10-20,30.290001,30.34,29.84,28.66466,up
2014-10-21,30.469999,30.91,30.33,29.341027,up
2014-10-22,30.85,31.17,30.52,29.188606,down
2014-10-23,30.99,31.530001,30.92,29.779238,up
2014-10-24,31.290001,31.440001,31.16,29.826869,up
2014-10-27,31.25,31.32,30.950001,29.826869,down
2014-10-28,32.080002,32.57,31.690001,30.789026,up
2014-10-29,32.32,33.07,32.09,31.398709,up
2014-10-30,32.919998,33.209999,32.779999,31.541605,up
2014-10-31,33.709999,33.939999,33.380001,32.141763,up
2014-11-03,34.09,34.540001,33.98,32.370393,up
2014-11-04,33.619999,34.049999,33.619999,32.485216,up
2014-11-05,34.16,34.560001,34.049999,33.059327,up
2014-11-06,34.650002,34.880001,34.41,33.36552,up
2014-11-07,34.77,34.849998,34.400002,33.097602,down
2014-11-10,34.669998,35.080002,34.560001,33.547325,up
2014-11-11,35.029999,35.459999,34.959999,33.853518,up
2014-11-12,35.099998,35.25,34.950001,33.489912,down
2014-11-13,35.150002,35.16,34.720001,33.346383,down
2014-11-14,34.869999,34.950001,34.610001,33.336816,down
2014-11-17,34.650002,34.959999,34.580002,33.288974,down
2014-11-18,34.77,34.98,34.650002,33.155015,down
2014-11-19,34.73,34.860001,34.41,33.183719,up
2014-11-20,34.459999,34.560001,34.200001,32.915801,down
2014-11-21,34.759998,34.82,34.23,32.791409,down
2014-11-24,34.389999,34.619999,34.189999,32.992348,up
2014-11-25,34.59,34.650002,34.240002,33.001918,up
2014-11-26,34.450001,34.529999,34.209999,32.963643,down
2014-11-28,34.470001,34.700001,34.450001,33.11674,up
2014-12-01,34.380001,34.41,33.5,32.475645,down
2014-12-02,34.099998,34.599998,34.049999,33.078465,up
2014-12-03,34.389999,35.560001,34.290001,33.977907,up
2014-12-04,35.389999,35.619999,35.169998,34.073594,up
2014-12-05,36.0,36.82,35.950001,35.087858,up
2014-12-08,36.599998,37.080002,36.360001,35.145271,up
2014-12-09,36.130001,36.830002,35.970001,35.116566,down
2014-12-10,36.669998,36.700001,35.919998,34.398925,down
2014-12-11,36.139999,36.689999,35.919998,34.532884,up
2014-12-12,35.779999,36.080002,34.889999,33.413362,down
2014-12-15,35.240002,35.419998,34.369999,32.982781,down
2014-12-16,34.169998,34.68,33.919998,32.504353,down
2014-12-17,34.220001,35.029999,34.060001,33.298541,up
2014-12-18,35.549999,35.740002,35.18,34.092732,up
2014-12-19,35.75,35.889999,35.549999,34.121436,up
2014-12-22,35.669998,35.84,35.580002,34.178849,up
2014-12-23,35.91,36.360001,35.82,34.609431,up
2014-12-24,36.25,36.419998,36.119999,34.599864,down
2014-12-26,36.220001,36.259998,35.889999,34.36065,down
2014-12-29,35.849998,36.23,35.639999,34.408492,up
2014-12-30,35.799999,36.009998,35.650002,34.264966,down
2014-12-31,35.919998,36.16,35.759998,34.236258,down
2015-01-02,36.049999,36.189999,35.119999,34.035319,down
2015-01-05,35.34,35.400002,34.560001,33.183719,down
2015-01-06,34.779999,34.84,33.59,32.293844,down
2015-01-07,34.139999,34.43,33.950001,32.686154,up
2015-01-08,34.68,35.009998,34.580002,33.375091,up
2015-01-09,34.939999,34.939999,34.16,32.800976,down
2015-01-12,34.240002,34.279999,33.68,32.456508,down
2015-01-13,34.32,35.0,34.060001,32.829684,up
2015-01-14,33.52,33.73,33.139999,32.207727,down
2015-01-15,33.639999,33.75,33.02,31.595341,down
2015-01-16,32.799999,33.18,32.290001,31.595341,down
2015-01-20,33.110001,33.220001,32.549999,31.691025,up
2015-01-21,32.299999,33.720001,32.169998,31.844121,up
2015-01-22,33.619999,34.130001,32.389999,32.533058,up
2015-01-23,34.509998,34.549999,33.580002,32.159885,down
2015-01-26,33.490002,33.959999,33.34,32.494783,up
2015-01-27,33.369999,33.599998,32.990002,31.844121,down
2015-01-28,33.529999,33.57,32.279999,30.887267,down
2015-01-29,32.330002,32.939999,32.330002,31.365694,up
2015-01-30,32.27,32.669998,32.27,30.992521,down
2015-02-02,32.43,32.700001,32.07,31.434724,up
2015-02-03,33.009998,34.380001,32.919998,33.011266,up
2015-02-04,34.259998,34.790001,34.259998,33.11701,up
2015-02-05,34.77,35.110001,34.68,33.549599,up
2015-02-06,35.599998,36.790001,35.43,34.405161,up
2015-02-09,35.52,35.73,35.189999,33.982184,down
2015-02-10,35.59,36.02,35.490002,34.443614,up
2015-02-11,35.75,35.939999,35.52,34.539743,up
2015-02-12,36.130001,36.290001,35.830002,34.664714,up
2015-02-13,36.049999,36.360001,35.509998,34.453226,down
2015-02-17,35.709999,35.889999,35.439999,34.318643,down
2015-02-18,35.610001,35.869999,35.09,34.05909,down
2015-02-19,35.41,35.959999,35.259998,34.530128,up
2015-02-20,35.75,36.130001,35.419998,34.674326,up
2015-02-23,35.91,36.029999,35.68,34.55897,down
2015-02-24,36.119999,36.77,36.060001,35.299176,up
2015-02-25,36.610001,36.709999,36.380001,35.203043,down
2015-02-26,36.560001,36.900002,36.419998,35.241497,up
2015-02-27,36.57,36.709999,36.23,34.866588,down
2015-03-02,36.25,37.040001,36.130001,35.606794,up
2015-03-03,36.84,37.049999,36.68,35.472212,down
2015-03-04,36.799999,37.09,36.599998,35.376079,down
2015-03-05,36.82,36.950001,36.470001,35.212659,down
2015-03-06,37.0,38.740002,36.889999,36.231641,up
2015-03-09,37.580002,37.810001,37.32,35.991315,down
2015-03-10,37.110001,37.549999,36.73,35.606794,down
2015-03-11,37.130001,37.669998,37.049999,36.020156,up
2015-03-12,37.669998,37.900002,37.119999,36.395065,up
2015-03-13,37.849998,37.900002,37.310001,36.298932,down
2015-03-16,38.0,38.09,37.57,36.366227,up
2015-03-17,37.599998,37.889999,37.580002,36.327774,down
2015-03-18,37.639999,38.029999,36.849998,35.66447,down
2015-03-19,36.990002,37.130001,36.279999,35.183817,down
2015-03-20,35.619999,37.009998,35.619999,35.568341,up
2015-03-23,36.98,37.209999,36.790001,35.66447,up
2015-03-24,37.099998,37.400002,36.91,35.808668,up
2015-03-25,37.240002,37.290001,36.740002,35.395305,down
2015-03-26,36.799999,37.169998,36.470001,35.549114,up
2015-03-27,36.790001,37.029999,36.68,35.55873,up
2015-03-30,37.209999,37.48,37.16,35.77983,up
2015-03-31,37.080002,37.48,36.860001,35.818279,up
2015-04-01,37.099998,37.130001,36.490002,35.414532,down
2015-04-02,36.790001,37.02,36.639999,35.491435,up
2015-04-06,36.34,36.939999,35.970001,35.27995,down
2015-04-07,36.82,36.91,36.439999,35.126141,down
2015-04-08,36.610001,37.0,36.43,35.549114,up
2015-04-09,36.93,37.630001,36.77,36.048994,up
2015-04-10,37.490002,37.580002,37.349998,35.991315,down
2015-04-13,37.34,37.77,37.27,36.087447,up
2015-04-14,37.209999,37.330002,36.57,35.462597,down
2015-04-15,36.900002,37.27,36.41,35.597179,up
2015-04-16,37.049999,37.119999,36.599998,35.385694,down
2015-04-17,36.639999,36.639999,36.169998,35.087688,down
2015-04-20,36.610001,36.860001,36.310001,35.020397,down
2015-04-21,35.509998,36.040001,35.23,34.049475,down
2015-04-22,35.009998,36.07,34.720001,34.260964,up
2015-04-23,35.75,36.220001,35.459999,34.578196,up
2015-04-24,35.889999,36.110001,35.610001,34.395546,down
2015-04-27,35.93,36.290001,35.880001,34.530128,up
2015-04-28,36.009998,36.560001,35.849998,35.135752,up
2015-04-29,36.259998,36.93,36.09,35.483248,up
2015-04-30,36.779999,37.009998,36.200001,34.990963,down
2015-05-01,36.509998,36.57,36.029999,34.884783,down
2015-05-04,36.299999,36.759998,36.099998,35.386723,up
2015-05-05,36.560001,37.07,36.560001,35.444641,up
2015-05-06,36.77,36.950001,36.290001,35.212975,down
2015-05-07,36.450001,36.66,36.27,35.261237,up
2015-05-08,36.419998,36.759998,36.279999,35.116449,down
2015-05-11,36.540001,37.349998,36.509998,35.801789,up
2015-05-12,37.0,37.18,36.610001,35.502554,down
2015-05-13,36.810001,36.970001,36.509998,35.570123,up
2015-05-14,36.57,37.169998,36.57,35.753526,up
2015-05-15,37.040001,37.209999,36.59,35.444641,down
2015-05-18,36.830002,37.68,36.810001,36.265117,up
2015-05-19,37.529999,38.139999,37.529999,36.390603,up
2015-05-20,37.66,37.779999,37.240002,35.975537,down
2015-05-21,37.110001,37.380001,36.939999,35.73422,down
2015-05-22,37.02,37.290001,36.990002,35.792138,up
2015-05-26,37.0,37.110001,36.75,35.647346,down
2015-05-27,37.110001,37.610001,36.84,36.255466,up
2015-05-28,37.59,37.669998,37.360001,36.303728,up
2015-05-29,37.549999,37.709999,36.700001,35.859706,down
2015-06-01,37.25,37.34,36.709999,35.676303,down
2015-06-02,37.040001,37.509998,36.68,36.101023,up
2015-06-03,37.740002,38.48,37.57,36.921499,up
2015-06-04,37.990002,38.200001,37.599998,36.593308,down
2015-06-05,38.689999,39.049999,38.310001,37.172467,up
2015-06-08,38.450001,38.75,38.009998,36.873237,down
2015-06-09,38.32,38.450001,37.950001,37.066291,up
2015-06-10,38.66,38.919998,38.400002,37.249691,up
2015-06-11,38.650002,38.91,38.490002,37.191773,down
2015-06-12,38.48,38.68,38.150002,36.989068,down
2015-06-15,37.939999,38.150002,37.540001,36.786362,down
2015-06-16,37.950001,38.419998,37.919998,36.969762,up
2015-06-17,38.299999,38.66,37.990002,36.7381,down
2015-06-18,38.150002,38.32,37.34,36.101023,down
2015-06-19,37.380001,37.48,36.919998,35.801789,down
2015-06-22,37.41,37.82,37.400002,36.477477,up
2015-06-23,37.959999,38.209999,37.82,36.709139,up
2015-06-24,37.939999,38.040001,37.5,36.303728,down
2015-06-25,37.779999,38.0,37.490002,36.467822,up
2015-06-26,37.970001,38.200001,37.790001,36.824974,up
2015-06-29,37.43,37.650002,36.720001,35.454292,down
2015-06-30,37.110001,37.299999,36.470001,35.541166,up
2015-07-01,37.23,37.720001,37.23,36.168591,up
2015-07-02,37.34,37.34,36.860001,35.965882,down
2015-07-06,36.849998,37.029999,36.5,35.685958,down
2015-07-07,36.880001,36.880001,35.98,35.377072,down
2015-07-08,36.209999,36.41,35.830002,34.672423,down
2015-07-09,36.5,36.720001,36.130001,35.029575,up
2015-07-10,36.860001,37.099998,36.400002,35.463946,up
2015-07-13,37.080002,37.189999,36.939999,35.879008,up
2015-07-14,37.18,37.580002,36.959999,36.091368,up
2015-07-15,37.540001,37.799999,37.299999,36.149286,up
2015-07-16,37.84,38.369999,37.599998,37.008374,up
2015-07-17,38.27,38.599998,38.099998,37.162816,up
2015-07-20,38.580002,38.720001,38.290001,37.027679,down
2015-07-21,38.0,38.68,37.459999,36.41956,down
2015-07-22,37.0,37.32,36.82,35.994843,down
2015-07-23,37.400002,37.52,36.799999,35.91762,down
2015-07-24,37.32,37.419998,36.740002,35.695609,down
2015-07-27,36.720001,36.720001,35.91,34.990963,down
2015-07-28,36.529999,36.709999,36.299999,35.270892,up
2015-07-29,36.490002,37.07,36.43,35.695609,up
2015-07-30,37.009998,37.369999,36.91,35.965882,up
2015-07-31,37.75,37.75,36.450001,35.597597,down
2015-08-03,36.790001,36.91,36.27,35.471604,down
2015-08-04,36.619999,37.209999,36.48,36.033724,up
2015-08-05,37.43,37.82,37.43,36.314784,up
2015-08-06,37.5,37.759998,36.990002,36.024031,down
2015-08-07,37.299999,37.68,36.540001,35.907731,down
2015-08-10,37.369999,37.91,37.18,36.595841,up
2015-08-11,37.029999,37.200001,36.580002,35.791432,down
2015-08-12,36.720001,36.720001,35.310001,35.15178,down
2015-08-13,36.360001,36.59,35.950001,35.035481,down
2015-08-14,36.150002,36.5,36.02,35.345615,up
2015-08-17,36.27,36.27,35.82,35.103323,down
2015-08-18,36.130001,36.27,35.540001,34.618738,down
2015-08-19,35.639999,35.700001,34.880001,33.853093,down
2015-08-20,34.57,34.57,33.900002,32.883923,down
2015-08-21,33.470001,33.689999,32.75,31.779071,down
2015-08-24,30.65,32.369999,30.219999,30.199323,down
2015-08-25,32.27,32.290001,30.82,29.869805,down
2015-08-26,31.5,32.459999,31.200001,31.372018,up
2015-08-27,32.830002,33.759998,32.610001,32.486564,up
2015-08-28,33.220001,33.810001,33.110001,32.602863,up
2015-08-31,33.349998,33.759998,33.25,32.428412,down
2015-09-01,32.470001,32.720001,31.93,31.139419,down
2015-09-02,32.639999,32.740002,31.92,31.527085,up
2015-09-03,32.580002,33.220001,32.380001,31.701535,up
2015-09-04,32.419998,32.610001,32.080002,31.391401,down
2015-09-08,33.16,33.900002,33.080002,32.787008,up
2015-09-09,34.119999,34.66,33.299999,32.370265,down
2015-09-10,33.52,34.029999,33.310001,32.709473,up
2015-09-11,33.73,33.860001,33.290001,32.796698,up
2015-09-14,33.75,33.889999,33.470001,32.486564,down
2015-09-15,33.689999,34.240002,33.639999,33.106832,up
2015-09-16,34.220001,34.669998,33.849998,33.552649,up
2015-09-17,34.610001,35.25,33.27,32.350881,down
2015-09-18,32.619999,32.939999,32.119999,31.236334,down
2015-09-21,32.57,33.040001,32.459999,31.691845,up
2015-09-22,32.16,32.380001,31.73,31.20726,down
2015-09-23,32.23,32.580002,32.099998,31.284792,up
2015-09-24,31.84,31.950001,31.43,30.75175,down
2015-09-25,32.290001,32.779999,32.150002,31.439859,up
2015-09-28,31.83,32.02,30.68,29.792272,down
2015-09-29,30.879999,31.35,30.66,30.034564,up
2015-09-30,31.48,31.879999,31.34,30.858359,up
2015-10-01,31.719999,32.07,31.299999,31.061884,up
2015-10-02,31.030001,31.17,29.690001,30.209015,down
2015-10-05,31.48,32.25,31.26,31.100651,up
2015-10-06,31.950001,32.060001,31.09,30.538533,down
2015-10-07,31.66,32.16,31.51,31.052193,up
2015-10-08,31.9,32.32,31.620001,31.158803,up
2015-10-09,32.259998,32.529999,31.66,30.887435,down
2015-10-12,31.809999,32.119999,31.68,31.090961,up
2015-10-13,31.809999,32.23,31.629999,30.683908,down
2015-10-14,31.48,31.73,30.84,30.12179,down
2015-10-15,31.49,31.790001,31.16,30.722676,up
2015-10-16,31.9,32.220001,31.59,31.187877,up
2015-10-19,31.92,32.310001,31.66,31.20726,up
2015-10-20,32.290001,32.650002,32.150002,31.556162,up
2015-10-21,32.610001,32.849998,32.220001,31.265408,down
2015-10-22,32.369999,33.119999,32.32,31.943828,up
2015-10-23,33.349998,34.009998,33.169998,32.883923,up
2015-10-26,33.82,34.040001,33.630001,32.787008,down
2015-10-27,33.48,33.869999,32.57,32.253962,down
2015-10-28,33.369999,35.16,32.849998,33.814325,up
2015-10-29,34.709999,35.209999,34.049999,33.882167,up
2015-10-30,34.860001,34.939999,34.439999,33.407276,down
2015-11-02,34.689999,36.27,34.610001,35.006403,up
2015-11-03,35.900002,36.380001,35.849998,35.016097,up
2015-11-04,36.290001,36.650002,35.959999,35.190548,up
2015-11-05,36.400002,36.700001,36.169998,35.093629,down
2015-11-06,37.380001,37.900002,37.119999,36.281592,up
2015-11-09,37.389999,37.560001,36.759998,35.979735,down
2015-11-10,36.75,36.830002,36.099998,35.677874,down
2015-11-11,36.939999,37.0,36.59,35.784986,up
2015-11-12,36.419998,36.52,36.040001,35.093631,down
2015-11-13,35.959999,36.360001,35.200001,34.762559,down
2015-11-16,35.610001,36.02,35.290001,35.074155,up
2015-11-17,36.099998,36.630001,35.860001,35.23969,up
2015-11-18,36.439999,37.0,36.189999,35.911573,up
2015-11-19,36.790001,37.0,36.240002,35.619452,down
2015-11-20,36.860001,36.990002,36.669998,35.921309,up
2015-11-23,36.939999,37.060001,36.549999,35.609712,down
2015-11-24,36.189999,36.5,36.049999,35.385752,down
2015-11-25,36.43,36.599998,36.07,35.580501,up
2015-11-27,36.509998,36.77,36.389999,35.77525,up
2015-11-30,36.759998,36.849998,36.419998,35.668138,down
2015-12-01,36.919998,37.139999,36.349998,35.95052,up
2015-12-02,37.060001,37.060001,36.509998,35.794722,down
2015-12-03,37.09,37.09,35.759998,35.064416,down
2015-12-04,36.240002,37.060001,36.110001,35.843412,up
2015-12-07,36.779999,36.779999,36.040001,35.395488,down
2015-12-08,36.02,36.16,35.59,35.074155,down
2015-12-09,35.779999,36.259998,35.09,34.3828,down
2015-12-10,35.389999,36.029999,35.18,34.704133,up
2015-12-11,35.07,35.189999,34.25,33.409059,down
2015-12-14,34.529999,35.07,33.869999,33.389584,down
2015-12-15,34.75,35.57,34.619999,34.538599,up
2015-12-16,35.759998,36.009998,34.790001,34.762559,up
2015-12-17,35.860001,35.98,34.82,33.915405,down
2015-12-18,34.57,34.830002,33.759998,32.892974,down
2015-12-21,34.029999,34.330002,33.560001,33.077987,up
2015-12-22,34.040001,34.82,33.970001,33.818028,up
2015-12-23,35.049999,35.049999,34.470001,34.003038,up
2015-12-24,34.950001,35.049999,34.77,33.944616,down
2015-12-28,34.759998,35.02,34.509998,34.041988,up
2015-12-29,35.400002,35.459999,35.049999,34.285424,up
2015-12-30,35.23,35.439999,35.040001,34.236737,down
2015-12-31,34.869999,35.259998,34.709999,33.798553,down
2016-01-04,33.830002,33.93,33.189999,32.707964,down
2016-01-05,33.759998,33.799999,33.110001,32.53269,down
2016-01-06,32.84,32.93,32.049999,31.490788,down
2016-01-07,31.700001,31.870001,30.879999,30.215187,down
2016-01-08,31.52,31.719999,30.959999,30.20545,down
2016-01-11,31.34,31.360001,30.23,29.86464,down
2016-01-12,30.09,31.23,30.09,30.293087,up
2016-01-13,31.799999,31.799999,29.790001,29.221971,down
2016-01-14,30.190001,30.530001,29.33,29.494619,up
2016-01-15,29.33,29.889999,28.75,28.345604,down
2016-01-19,29.639999,29.77,28.4,28.170331,down
2016-01-20,28.99,28.99,27.280001,27.56661,down
2016-01-21,28.07,28.459999,27.73,27.235538,down
2016-01-22,28.620001,29.4,28.209999,28.277443,up
2016-01-25,28.98,29.040001,28.0,27.712671,down
2016-01-26,28.68,28.9,28.23,28.053481,up
2016-01-27,28.639999,29.15,28.040001,27.527662,down
2016-01-28,28.559999,28.610001,27.290001,26.63182,down
2016-01-29,27.440001,27.719999,26.35,26.85578,up
2016-02-01,27.24,27.67,26.799999,26.973354,up
2016-02-02,27.09,27.6,25.92,25.523278,down
2016-02-03,26.35,26.450001,25.030001,25.640853,up
2016-02-04,25.98,27.120001,25.91,26.532453,up
2016-02-05,27.209999,27.83,27.049999,26.610835,up
2016-02-08,26.540001,26.559999,26.01,25.856404,down
2016-02-09,25.83,26.629999,25.75,25.827011,down
2016-02-10,26.59,27.440001,26.280001,25.797617,down
2016-02-11,25.379999,26.049999,24.879999,25.16076,down
2016-02-12,26.26,26.52,25.549999,25.748629,up
2016-02-16,26.85,27.32,26.75,26.522654,up
2016-02-17,27.5,27.99,27.48,27.296682,up
2016-02-18,27.99,28.059999,27.450001,27.110523,down
2016-02-19,27.540001,28.08,27.43,27.326074,up
2016-02-22,28.209999,28.51,27.940001,27.482839,up
2016-02-23,27.99,28.18,27.41,27.228098,down
2016-02-24,27.280001,27.84,26.950001,27.237894,up
2016-02-25,27.75,28.32,27.629999,27.727784,up
2016-02-26,28.65,29.57,28.620001,28.580194,up
2016-02-29,29.26,29.309999,28.530001,28.002123,down
2016-03-01,28.790001,30.09,28.74,29.432603,up
2016-03-02,30.0,30.59,29.209999,29.93229,up
2016-03-03,30.34,31.07,29.6,30.412384,up
2016-03-04,31.200001,31.75,30.77,30.42218,up
2016-03-07,30.809999,31.52,30.610001,30.87288,up
2016-03-08,30.969999,31.290001,30.110001,29.736335,down
2016-03-09,30.639999,30.68,30.07,29.66775,down
2016-03-10,30.58,30.84,30.08,30.030268,up
2016-03-11,30.92,31.98,30.76,31.284388,up
2016-03-14,31.709999,31.99,31.43,30.882678,down
2016-03-15,31.17,31.290001,30.719999,30.529956,down
2016-03-16,31.02,31.59,30.25,29.804919,down
2016-03-17,30.23,31.209999,30.059999,30.42218,up
2016-03-18,31.25,31.76,30.83,31.049241,up
2016-03-21,31.620001,32.240002,31.26,30.882678,down
2016-03-22,31.18,31.75,31.0,30.951262,up
2016-03-23,31.959999,32.0,31.139999,30.637733,down
2016-03-24,30.879999,31.24,30.67,30.549552,down
2016-03-28,31.27,31.299999,30.860001,30.451574,down
2016-03-29,30.9,31.309999,30.540001,30.51036,up
2016-03-30,31.43,31.82,31.15,30.980656,up
2016-03-31,31.52,31.969999,31.440001,30.892476,down
2016-04-01,31.219999,32.259998,31.030001,31.597917,up
2016-04-04,32.209999,32.259998,31.58,31.00025,down
2016-04-05,31.27,31.48,30.83,30.569148,down
2016-04-06,31.139999,31.629999,31.0,30.91207,up
2016-04-07,31.23,31.629999,29.719999,29.275837,down
2016-04-08,30.15,30.360001,29.77,29.275837,down
2016-04-11,30.139999,30.76,29.889999,29.912696,up
2016-04-12,30.67,31.18,30.549999,30.373192,up
2016-04-13,31.299999,32.419998,31.290001,31.744886,up
2016-04-14,32.16,32.610001,32.119999,31.666501,down
2016-04-15,32.290001,32.400002,31.65,31.059039,down
2016-04-18,31.5,31.809999,31.24,31.010049,down
2016-04-19,31.0,31.17,30.17,30.353596,down
2016-04-20,30.67,31.299999,30.120001,30.42218,up
2016-04-21,31.18,31.49,30.98,30.667125,up
2016-04-22,31.280001,32.169998,31.280001,31.117825,up
2016-04-25,31.709999,31.92,31.4,31.117825,down
2016-04-26,31.809999,32.02,31.690001,31.333376,up
2016-04-27,31.85,32.080002,31.43,31.00025,down
2016-04-28,31.43,31.540001,30.440001,29.902898,down
2016-04-29,30.290001,30.440001,29.6,29.390558,down
2016-05-02,29.83,30.040001,29.440001,29.558054,up
2016-05-03,29.610001,29.610001,28.690001,28.858514,down
2016-05-04,29.1,29.25,28.57,28.385584,down
2016-05-05,28.860001,29.01,28.51,28.375731,down
2016-05-06,28.51,28.9,27.92,27.981624,down
2016-05-09,28.4,28.790001,28.32,28.060446,up
2016-05-10,28.59,29.26,28.33,28.779691,up
2016-05-11,29.129999,29.4,28.84,28.454553,down
2016-05-12,29.139999,29.389999,28.879999,28.710723,up
2016-05-13,29.129999,29.52,28.6,28.277206,down
2016-05-16,28.68,29.120001,28.68,28.523523,up
2016-05-17,28.84,29.15,28.57,28.395437,down
2016-05-18,28.83,30.6,28.82,30.12951,up
2016-05-19,30.309999,30.85,29.77,29.794518,down
2016-05-20,30.379999,31.030001,30.25,30.336417,up
2016-05-23,30.66,30.98,30.459999,30.316711,down
2016-05-24,31.08,31.99,30.889999,31.361095,up
2016-05-25,31.879999,32.790001,31.879999,31.9227,up
2016-05-26,32.380001,32.389999,31.809999,31.439917,down
2016-05-27,31.879999,32.490002,31.85,31.991669,up
2016-05-31,32.669998,32.93,32.5,32.188719,up
2016-06-01,32.349998,32.779999,31.889999,32.178868,down
2016-06-02,32.529999,32.889999,32.349998,32.395628,up
2016-06-03,31.85,31.879999,30.879999,31.006398,down
2016-06-06,31.57,32.150002,31.41,31.518738,up
2016-06-07,32.07,32.07,31.540001,31.08522,down
2016-06-08,31.5,31.77,31.33,30.888167,down
2016-06-09,31.09,31.299999,30.57,30.395533,down
2016-06-10,30.4,30.4,29.9,29.666434,down
2016-06-13,29.809999,30.15,29.5,29.262474,down
2016-06-14,29.5,29.879999,29.139999,28.888071,down
2016-06-15,29.52,30.309999,29.43,29.114683,up
2016-06-16,29.200001,29.6,28.84,29.134388,up
2016-06-17,29.6,30.030001,29.32,29.085126,down
2016-06-20,29.950001,30.41,29.780001,29.380706,up
2016-06-21,30.059999,30.059999,29.6,29.32159,down
2016-06-22,29.76,29.99,29.76,29.420117,up
2016-06-23,30.389999,31.120001,30.0,30.651703,up
2016-06-24,29.18,29.219999,28.09,27.755013,down
2016-06-27,27.549999,27.65,26.469999,26.286963,down
2016-06-28,26.77,27.360001,26.77,26.819007,up
2016-06-29,27.639999,27.85,27.35,27.400316,up
2016-06-30,27.860001,28.48,27.5,28.060446,up
2016-07-01,28.27,28.5,27.879999,27.567811,down
2016-07-05,27.59,27.6,26.68,26.513574,down
2016-07-06,26.75,27.129999,26.370001,26.602249,up
2016-07-07,27.139999,27.75,27.049999,27.144146,up
2016-07-08,28.0,28.23,27.709999,27.479137,up
2016-07-11,28.18,28.35,27.85,27.626929,up
2016-07-12,28.52,28.98,28.299999,28.51367,up
2016-07-13,28.91,28.969999,28.360001,28.158973,down
2016-07-14,29.290001,29.5,28.9,28.70087,up
2016-07-15,29.4,29.559999,28.940001,28.888071,up
2016-07-18,29.450001,29.52,28.870001,28.819103,down
2016-07-19,29.030001,30.02,28.950001,29.489086,up
2016-07-20,29.950001,30.02,29.5,29.567907,up
2016-07-21,30.01,30.200001,29.860001,29.72555,up
2016-07-22,30.299999,30.549999,30.25,30.030983,up
2016-07-25,30.4,30.6,30.17,29.912751,down
2016-07-26,30.25,30.530001,30.24,30.070394,up
2016-07-27,30.41,30.790001,30.379999,30.099951,up
2016-07-28,30.440001,30.719999,30.200001,30.23789,up
2016-07-29,30.469999,30.6,30.030001,29.912751,down
2016-08-01,30.459999,30.51,30.02,29.646729,down
2016-08-02,29.889999,30.049999,29.370001,29.299923,down
2016-08-03,29.51,30.18,29.51,29.765632,up
2016-08-04,29.91,30.219999,29.84,29.904353,up
2016-08-05,30.6,31.4,30.51,31.073575,up
2016-08-08,31.450001,31.709999,31.190001,30.934853,down
2016-08-09,31.16,31.370001,31.030001,30.81595,down
2016-08-10,31.139999,31.139999,30.559999,30.409695,down
2016-08-11,30.860001,31.02,30.65,30.677227,up
2016-08-12,30.5,30.780001,30.32,30.488964,down
2016-08-15,30.91,31.219999,30.85,30.855584,up
2016-08-16,31.059999,31.34,30.940001,30.875401,up
2016-08-17,31.139999,31.25,31.01,30.845675,down
2016-08-18,31.1,31.35,31.0,30.88531,up
2016-08-19,31.139999,31.450001,31.0,31.083484,up
2016-08-22,31.23,31.34,30.969999,30.786223,down
2016-08-23,31.280001,31.459999,31.23,31.03394,up
2016-08-24,31.4,31.49,31.280001,31.113209,up
2016-08-25,31.309999,31.809999,31.309999,31.499648,up
2016-08-26,31.84,32.349998,31.76,32.034717,up
2016-08-29,32.439999,32.619999,32.27,32.054531,up
2016-08-30,32.32,32.91,32.32,32.579693,up
2016-08-31,32.939999,33.130001,32.52,32.569782,down
2016-09-01,33.029999,33.18,32.209999,32.193256,down
2016-09-02,32.5,32.790001,32.23,32.421154,up
2016-09-06,32.689999,32.810001,31.870001,31.806814,down
2016-09-07,31.940001,32.32,31.879999,31.945539,up
2016-09-08,32.279999,32.68,32.169998,32.133802,up
2016-09-09,32.5,32.709999,32.040001,31.767183,down
2016-09-12,31.85,32.860001,31.65,32.480604,up
2016-09-13,32.450001,32.540001,32.040001,32.034717,down
2016-09-14,32.310001,32.459999,31.98,31.826632,down
2016-09-15,32.16,33.59,32.02,33.094944,up
2016-09-16,33.07,33.349998,32.959999,32.876952,down
2016-09-19,33.400002,33.82,33.18,33.164304,up
2016-09-20,33.669998,33.720001,33.150002,32.926495,down
2016-09-21,33.470001,33.509998,32.950001,33.144487,up
2016-09-22,33.470001,33.849998,33.450001,33.352568,up
2016-09-23,33.43,33.599998,33.099998,32.817499,down
2016-09-26,32.84,33.009998,32.400002,32.252705,down
2016-09-27,32.32,32.630001,31.950001,32.282434,up
2016-09-28,32.849998,32.98,32.349998,32.470697,up
2016-09-29,34.209999,34.82,34.130001,34.155171,up
2016-09-30,34.630001,35.389999,34.630001,34.918139,up
2016-10-03,35.02,35.419998,34.889999,34.729872,down
2016-10-04,35.209999,35.639999,35.07,34.868592,up
2016-10-05,35.310001,36.200001,35.310001,35.790098,up
2016-10-06,36.200001,36.200001,35.779999,35.641471,down
2016-10-07,36.049999,36.23,35.470001,35.790098,up
2016-10-10,36.389999,36.66,35.849998,35.57211,down
2016-10-11,35.84,36.040001,35.389999,35.383843,down
2016-10-12,35.77,36.07,35.599998,35.373936,down
2016-10-13,35.689999,35.799999,34.73,35.364026,down
2016-10-14,36.150002,36.419998,35.77,35.819827,up
2016-10-17,36.18,36.23,35.790001,35.621653,down
2016-10-18,36.450001,36.73,36.150002,35.899094,up
2016-10-19,36.299999,36.700001,36.189999,36.275625,up
2016-10-20,36.860001,36.970001,36.369999,36.305349,up
2016-10-21,36.529999,37.200001,36.419998,36.741333,up
2016-10-24,37.080002,37.099998,35.349998,35.136127,down
2016-10-25,35.599998,35.599998,34.220001,34.006539,down
2016-10-26,34.040001,34.259998,33.82,33.778641,down
2016-10-27,34.360001,34.5,33.990002,33.917361,up
2016-10-28,34.240002,34.450001,33.77,33.630009,down
2016-10-31,33.919998,34.299999,33.889999,33.897543,up
2016-11-01,34.400002,34.52,33.669998,33.739005,down
2016-11-02,33.889999,33.990002,33.419998,33.184122,down
2016-11-03,33.549999,33.98,33.549999,33.530924,up
2016-11-04,33.549999,33.970001,33.259998,33.351615,down
2016-11-07,33.970001,34.48,33.91,34.288009,up
2016-11-08,34.23,34.599998,33.990002,34.33782,up
2016-11-09,34.939999,36.009998,34.889999,35.164636,up
2016-11-10,35.889999,37.139999,35.41,35.772297,up
2016-11-11,35.73,36.779999,35.57,36.539345,up
2016-11-14,37.07,37.91,36.799999,37.485703,up
2016-11-15,37.43,37.889999,36.880001,37.694896,up
2016-11-16,37.360001,38.23,37.349998,38.023629,up
2016-11-17,38.220001,39.23,37.939999,39.059642,up
2016-11-18,39.380001,39.810001,39.099998,39.45811,up
2016-11-21,39.830002,39.950001,39.66,39.727075,up
2016-11-22,37.740002,40.23,37.740002,40.045847,up
2016-11-23,40.380001,41.119999,39.950001,40.882626,up
2016-11-25,41.009998,41.209999,40.549999,40.72324,down
2016-11-28,40.529999,41.0,40.349998,40.284925,down
2016-11-29,40.400002,41.049999,40.389999,40.474199,up
2016-11-30,41.099998,41.580002,40.59,40.852739,up
2016-12-01,41.279999,42.139999,41.25,41.719405,up
2016-12-02,41.68,41.68,41.130001,41.320938,down
2016-12-05,41.880001,42.259998,41.549999,41.799097,up
2016-12-06,42.139999,42.330002,41.650002,42.137793,up
2016-12-07,42.259998,42.779999,42.080002,42.546221,up
2016-12-08,42.970001,43.5,42.810001,43.054267,up
2016-12-09,43.029999,43.59,42.869999,43.20369,up
2016-12-12,43.369999,43.470001,42.59,42.596028,down
2016-12-13,42.759998,43.130001,42.52,42.795262,up
2016-12-14,42.650002,44.110001,42.52,43.104075,up
2016-12-15,43.57,44.73,43.540001,44.169971,up
2016-12-16,44.32,44.630001,43.77,43.761543,down
2016-12-19,43.93,44.029999,43.439999,43.671888,down
2016-12-20,44.220001,44.740002,43.900002,44.209819,up
2016-12-21,44.389999,44.48,44.07,44.080316,down
2016-12-22,44.279999,44.349998,43.880001,43.980701,down
2016-12-23,44.0,44.639999,43.799999,44.299474,up
2016-12-27,44.509998,44.790001,44.32,44.319397,up
2016-12-28,44.610001,44.610001,43.849998,43.681848,down
2016-12-29,43.830002,44.119999,43.380001,43.363076,down
2016-12-30,43.759998,43.880001,43.369999,43.432807,up
2017-01-03,44.119999,44.48,43.759998,44.000621,up
2017-01-04,44.389999,45.849998,44.389999,45.425138,up
2017-01-05,45.740002,46.360001,45.540001,46.142378,up
2017-01-06,46.709999,47.009998,46.200001,46.670344,up
2017-01-09,46.689999,46.810001,46.369999,46.371496,down
2017-01-10,46.759998,47.07,46.599998,46.660384,up
2017-01-11,46.98,46.990002,46.349998,46.710192,up
2017-01-12,46.619999,46.830002,45.82,46.560769,down
2017-01-13,47.0,47.41,46.650002,46.680308,up
2017-01-17,46.419998,46.68,45.82,45.694103,down
2017-01-18,45.77,46.709999,44.880001,46.471114,up
2017-01-19,46.900002,47.029999,45.919998,46.142378,down
2017-01-20,46.580002,46.599998,45.869999,46.022839,down
2017-01-23,45.990002,46.23,45.41,45.943144,down
2017-01-24,46.189999,46.540001,45.98,46.142378,up
2017-01-25,46.689999,46.939999,46.290001,46.650424,up
2017-01-26,46.84,47.18,46.75,46.720156,up
2017-01-27,46.77,47.02,46.349998,46.759999,up
2017-01-30,46.48,46.48,45.66,46.299999,down
2017-01-31,46.240002,46.349998,45.639999,46.150002,down
2017-02-01,46.639999,46.849998,46.009998,46.09,down
2017-02-02,43.68,43.970001,40.93,41.700001,down
2017-02-03,42.509998,42.82,41.91,42.169998,up
2017-02-06,42.0,42.310001,41.509998,42.110001,down
2017-02-07,42.119999,42.380001,41.779999,41.959999,down
2017-02-08,41.759998,41.900002,41.389999,41.740002,down
2017-02-09,41.82,42.610001,41.73,42.610001,up
2017-02-10,42.950001,42.950001,42.330002,42.34,down
2017-02-13,42.73,43.200001,42.57,42.73,up
2017-02-14,42.73,43.240002,42.32,42.939999,up
2017-02-15,43.299999,43.509998,42.700001,43.419998,up
2017-02-16,43.48,43.48,42.84,43.27,down
2017-02-17,42.900002,43.310001,42.669998,43.150002,down
2017-02-21,43.389999,43.66,43.130001,43.279999,up
2017-02-22,43.0,43.779999,42.919998,43.459999,up
2017-02-23,43.400002,43.619999,43.25,43.48,up
2017-02-24,43.09,43.509998,42.889999,43.41,down
2017-02-27,43.459999,43.84,43.389999,43.66,up
2017-02-28,41.0,41.25,38.889999,39.099998,down
2017-03-01,39.75,41.59,39.75,41.18,up
2017-03-02,40.950001,40.950001,39.34,39.959999,down
2017-03-03,39.919998,40.25,39.59,39.700001,down
2017-03-06,39.560001,39.82,39.27,39.689999,down
2017-03-07,39.099998,39.57,39.009998,39.400002,down
2017-03-08,39.799999,40.09,39.029999,39.240002,down
2017-03-09,39.43,39.790001,39.139999,39.43,up
2017-03-10,39.540001,39.91,39.23,39.419998,down
2017-03-13,39.119999,39.849998,39.02,39.580002,up
2017-03-14,39.310001,39.369999,38.889999,39.330002,down
2017-03-15,39.41,39.740002,39.099998,39.419998,up
2017-03-16,39.619999,40.41,39.52,40.400002,up
2017-03-17,40.200001,40.43,40.02,40.290001,down
2017-03-20,40.279999,40.740002,39.810001,39.810001,down
2017-03-21,39.950001,39.950001,37.91,37.970001,down
2017-03-22,37.790001,38.380001,37.349998,37.98,up
2017-03-23,37.860001,38.349998,37.669998,37.84,down
2017-03-24,38.009998,38.240002,37.470001,37.689999,down
2017-03-27,36.869999,37.450001,36.360001,37.310001,down
2017-03-28,37.150002,38.630001,37.080002,38.23,up
2017-03-29,38.060001,38.459999,37.959999,38.240002,up
2017-03-30,38.259998,38.959999,38.240002,38.900002,up
2017-03-31,38.82,39.200001,38.639999,38.860001,down
2017-04-03,39.0,39.0,38.200001,38.650002,down
2017-04-04,38.41,38.790001,38.34,38.369999,down
2017-04-05,38.610001,38.84,37.549999,37.580002,down
2017-04-06,37.950001,38.450001,37.439999,38.25,up
2017-04-07,38.049999,38.77,37.810001,38.41,up
2017-04-10,38.400002,38.639999,37.880001,37.950001,down
2017-04-11,37.860001,37.860001,37.0,37.700001,down
2017-04-12,37.52,37.740002,37.009998,37.220001,down
2017-04-13,37.040001,37.490002,36.799999,36.84,down
