2012-01-04,38.189999,38.990002,38.119999,36.323482,up
2012-01-05,38.830002,39.580002,38.700001,36.931212,up
2012-01-06,39.549999,40.150002,39.450001,37.314549,up
2012-01-09,39.740002,40.25,39.59,37.164954,down
2012-01-10,39.48,39.91,39.16,37.052759,down
2012-01-11,39.389999,39.529999,38.450001,36.183239,down
2012-01-12,38.619999,38.860001,38.41,36.211287,up
2012-01-13,38.470001,38.59,38.02,35.90275,down
2012-01-17,38.689999,38.98,38.41,35.977545,up
2012-01-18,38.509998,39.099998,38.400002,36.482428,up
2012-01-19,39.009998,39.470001,39.0,36.875113,up
2012-01-20,39.419998,39.439999,39.099998,36.75357,down
2012-01-23,39.380001,39.5,38.959999,36.69747,down
2012-01-24,39.029999,39.27,38.57,36.69747,down
2012-01-25,39.119999,39.68,38.959999,36.987312,up
2012-01-26,39.59,39.75,39.060001,36.790966,down
2012-01-27,39.27,39.5,38.98,36.69747,down
2012-01-30,38.740002,39.110001,38.380001,36.45438,down
2012-01-31,39.080002,39.310001,38.66,36.370233,down
2012-02-01,39.25,39.669998,39.16,36.77227,up
2012-02-02,39.220001,39.25,38.560001,36.379581,down
2012-02-03,39.43,40.0,39.360001,37.398696,up
2012-02-06,40.0,40.59,39.959999,37.82878,up
2012-02-07,40.73,41.150002,40.200001,38.314964,up
2012-02-08,41.369999,41.91,40.990002,38.586105,up
2012-02-09,40.75,41.639999,40.549999,38.829195,up
2012-02-10,40.939999,41.450001,40.830002,38.754399,down
2012-02-13,41.619999,41.919998,41.59,39.072288,up
2012-02-14,41.5,41.619999,41.259998,38.894642,down
2012-02-15,41.48,41.75,41.130001,38.567405,down
2012-02-16,41.23,41.73,41.080002,38.838547,up
2012-02-17,41.709999,41.860001,41.549999,39.034889,up
2012-02-21,41.799999,41.900002,41.490002,38.866594,down
2012-02-22,41.549999,41.709999,41.150002,38.586105,down
2012-02-23,41.279999,41.669998,41.09,38.782447,up
2012-02-24,41.439999,41.580002,41.23,38.623505,down
2012-02-27,41.700001,41.950001,41.299999,38.932042,up
2012-02-28,41.75,41.970001,41.549999,39.203183,up
2012-02-29,41.869999,42.369999,41.849998,39.259283,up
2012-03-01,42.130001,42.540001,42.130001,39.633267,up
2012-03-02,42.259998,42.529999,42.040001,39.60522,down
2012-03-05,42.349998,42.77,42.110001,39.923109,up
2012-03-06,42.240002,42.32,41.73,39.268631,down
2012-03-07,42.0,42.07,41.700001,39.034889,down
2012-03-08,41.990002,42.32,41.950001,39.287331,up
2012-03-09,42.119999,42.57,42.029999,39.493024,up
2012-03-12,42.529999,42.849998,42.150002,39.58652,up
2012-03-13,42.549999,44.080002,42.43,41.147914,up
2012-03-14,43.59,43.700001,42.900002,40.652382,down
2012-03-15,43.5,43.5,43.169998,40.643034,down
2012-03-16,43.419998,43.52,43.18,40.381241,down
2012-03-19,43.07,43.580002,42.950001,40.614983,up
2012-03-20,43.0,43.310001,42.93,40.427992,down
2012-03-21,43.419998,43.869999,43.27,40.45604,up
2012-03-22,43.080002,43.400002,43.009998,40.47474,up
2012-03-23,43.330002,43.709999,42.860001,40.811328,up
2012-03-26,43.939999,44.41,43.919998,41.493854,up
2012-03-27,44.389999,44.5,44.09,41.278812,down
2012-03-28,44.040001,44.150002,43.259998,40.68043,down
2012-03-29,43.200001,43.27,42.299999,40.212946,down
2012-03-30,43.52,43.849998,43.099998,40.932872,up
2012-04-02,43.59,44.0,43.32,40.988971,up
2012-04-03,43.669998,43.75,42.91,40.47474,down
2012-04-04,42.900002,42.990002,42.48,40.138151,down
2012-04-05,42.84,43.18,42.68,40.278397,up
2012-04-09,42.130001,42.27,41.959999,39.371478,down
2012-04-10,41.869999,42.130001,40.880001,38.324315,down
2012-04-11,41.509998,41.700001,41.240002,38.6796,up
2012-04-12,41.43,42.200001,41.25,39.408877,up
2012-04-13,42.029999,42.220001,41.700001,39.128384,down
2012-04-16,42.060001,42.130001,41.540001,38.950742,down
2012-04-17,41.880001,42.740002,41.880001,39.904409,up
2012-04-18,42.48,42.610001,42.32,39.726766,down
2012-04-19,42.43,42.509998,41.799999,39.34343,down
2012-04-20,42.240002,42.84,42.240002,39.595868,up
2012-04-23,42.25,42.25,41.73,39.277979,down
2012-04-24,42.029999,42.43,41.970001,39.436925,up
2012-04-25,42.400002,42.759998,42.380001,39.923109,up
2012-04-26,42.740002,43.560001,42.689999,40.540187,up
2012-04-27,43.599998,43.650002,43.119999,40.530835,down
2012-04-30,43.32,43.349998,42.84,40.306445,down
2012-05-01,43.18,44.09,43.150002,40.942223,up
2012-05-02,43.57,43.810001,43.299999,40.708481,down
2012-05-03,43.540001,44.130001,43.490002,40.960923,up
2012-05-04,43.599998,43.709999,42.84,40.138151,down
2012-05-07,43.650002,43.950001,43.310001,40.970271,up
2012-05-08,43.779999,44.490002,43.09,41.419055,up
2012-05-09,44.459999,45.799999,44.41,42.092233,up
2012-05-10,45.139999,45.59,45.049999,42.335323,up
2012-05-11,45.130001,45.799999,45.0,42.597116,up
2012-05-14,45.169998,45.5,44.98,42.232476,down
2012-05-15,45.23,45.799999,44.919998,42.082881,down
2012-05-16,45.150002,45.549999,45.060001,42.148332,up
2012-05-17,45.150002,45.23,44.299999,41.447106,down
2012-05-18,44.459999,44.490002,43.619999,40.960923,down
2012-05-21,43.810001,44.41,43.509998,41.503202,up
2012-05-22,44.490002,44.700001,44.130001,41.503202,down
2012-05-23,44.240002,44.459999,43.810001,41.334908,down
2012-05-24,44.41,44.610001,44.009998,41.54995,up
2012-05-25,44.490002,44.959999,44.380001,41.606049,up
2012-05-29,44.700001,45.5,44.599998,42.522317,up
2012-05-30,45.02,45.48,44.860001,42.260527,down
2012-05-31,45.130001,46.099998,45.060001,42.737359,up
2012-06-01,45.150002,45.349998,44.34,41.512554,down
2012-06-04,44.470001,44.689999,44.139999,41.521902,up
2012-06-05,44.509998,44.919998,44.200001,41.923938,up
2012-06-06,45.02,45.599998,45.0,42.569065,up
2012-06-07,45.84,46.220001,45.529999,42.662563,up
2012-06-08,45.700001,46.25,45.59,43.232894,up
2012-06-11,46.349998,46.630001,45.73,42.821506,down
2012-06-12,45.75,46.41,45.580002,43.363789,up
2012-06-13,46.25,46.650002,45.990002,43.223542,down
2012-06-14,46.400002,47.450001,46.209999,44.111762,up
2012-06-15,47.41,47.43,46.919998,44.027615,down
2012-06-18,46.959999,47.400002,46.799999,44.036963,up
2012-06-19,47.43,48.0,47.279999,44.4203,up
2012-06-20,47.639999,47.970001,47.43,44.625994,up
2012-06-21,47.799999,47.889999,47.220001,44.317456,down
2012-06-22,47.389999,47.52,46.91,44.382904,up
2012-06-25,47.220001,47.23,46.549999,43.662978,down
2012-06-26,46.880001,47.470001,46.82,44.223957,up
2012-06-27,47.27,48.080002,47.23,44.756888,up
2012-06-28,47.669998,47.84,46.98,44.710141,down
2012-06-29,48.52,48.950001,48.220001,45.345919,up
2012-07-02,48.619999,48.75,48.240002,45.551613,up
2012-07-03,48.669998,48.75,48.419998,45.430066,down
2012-07-05,48.279999,48.549999,47.830002,44.981282,down
2012-07-06,47.77,48.18,47.700001,44.915835,down
2012-07-09,48.060001,48.18,47.759998,44.878435,down
2012-07-10,48.169998,48.380001,47.18,44.280057,down
2012-07-11,47.450001,47.59,46.970001,44.195909,down
2012-07-12,47.380001,47.799999,46.849998,44.326804,up
2012-07-13,47.400002,48.380001,47.380001,45.056078,up
2012-07-16,47.959999,48.119999,47.689999,44.74754,down
2012-07-17,48.439999,49.919998,48.400002,46.14064,up
2012-07-18,49.139999,49.669998,48.959999,46.14064,down
2012-07-19,49.389999,49.619999,48.73,45.804054,down
2012-07-20,48.599998,48.950001,48.5,45.430066,down
2012-07-23,47.77,48.060001,47.419998,44.859735,down
2012-07-24,48.029999,48.330002,47.689999,45.02803,up
2012-07-25,48.330002,48.639999,48.009998,45.158925,up
2012-07-26,49.060001,49.869999,49.060001,46.477229,up
2012-07-27,49.889999,50.540001,49.689999,46.692271,up
2012-07-30,49.950001,50.139999,49.650002,46.561376,down
2012-07-31,49.779999,49.849998,49.09,45.944297,down
2012-08-01,49.330002,49.529999,48.720001,45.645108,down
2012-08-02,48.599998,48.990002,48.130001,45.794703,up
2012-08-03,49.810001,49.869999,49.360001,46.533328,up
2012-08-06,49.970001,50.0,49.650002,46.421133,down
2012-08-07,50.009998,50.310001,49.720001,46.570727,up
2012-08-08,49.360001,50.650002,49.049999,47.206506,up
2012-08-09,50.279999,50.470001,49.849998,46.71097,down
2012-08-10,49.900002,49.919998,49.32,46.421133,down
2012-08-13,49.529999,49.990002,49.459999,46.617475,up
2012-08-14,49.93,50.150002,49.529999,46.458529,down
2012-08-15,49.650002,49.970001,49.650002,46.645523,up
2012-08-16,49.990002,50.419998,49.799999,46.982112,up
2012-08-17,50.369999,50.549999,50.330002,47.178454,up
2012-08-20,50.32,50.59,50.150002,47.169106,down
2012-08-21,50.41,50.48,49.509998,46.411781,down
2012-08-22,49.599998,50.150002,49.5,46.430481,up
2012-08-23,49.610001,49.66,49.029999,45.972345,down
2012-08-24,49.080002,49.610001,49.009998,46.336986,up
2012-08-27,49.490002,49.849998,49.41,46.402433,up
2012-08-28,49.439999,49.849998,49.290001,46.402433,down
2012-08-29,49.639999,50.169998,49.59,46.785769,up
2012-08-30,49.720001,49.779999,49.369999,46.206087,down
2012-08-31,49.639999,49.900002,49.400002,46.252838,up
2012-09-04,49.52,49.830002,49.23,46.430481,up
2012-09-05,50.139999,51.240002,50.09,47.486995,up
2012-09-06,50.700001,51.869999,50.639999,48.48741,up
2012-09-07,51.869999,52.0,51.66,48.375215,down
2012-09-10,51.610001,51.799999,51.48,48.169521,down
2012-09-11,51.470001,51.669998,51.43,48.20692,up
2012-09-12,51.599998,51.790001,51.27,48.337815,up
2012-09-13,51.73,52.669998,51.73,49.179284,up
2012-09-14,52.450001,52.75,52.169998,48.945542,down
2012-09-17,52.32,52.43,51.959999,48.758551,down
2012-09-18,52.029999,52.119999,51.77,48.524809,down
2012-09-19,51.779999,52.950001,51.779999,49.272783,up
2012-09-20,52.43,52.91,52.43,49.235383,down
2012-09-21,52.939999,53.389999,52.73,49.310182,up
2012-09-24,52.669998,53.049999,52.610001,49.478473,up
2012-09-25,52.889999,53.400002,52.540001,49.123188,down
2012-09-26,52.419998,52.599998,51.77,48.562205,down
2012-09-27,52.119999,52.779999,51.970001,49.160588,up
2012-09-28,52.41,52.529999,52.049999,48.880094,down
2012-10-01,52.310001,52.860001,51.919998,48.683752,down
2012-10-02,52.130001,52.25,51.470001,48.281716,down
2012-10-03,51.720001,52.689999,51.689999,49.057741,up
2012-10-04,52.720001,53.080002,52.389999,49.207335,up
2012-10-05,52.84,53.150002,52.759998,49.525224,up
2012-10-08,52.369999,52.5,52.110001,48.926846,down
2012-10-09,52.32,52.330002,51.459999,48.160169,down
2012-10-10,51.389999,51.630001,51.09,47.87968,down
2012-10-11,51.330002,51.560001,50.200001,47.066259,down
2012-10-12,50.549999,50.75,50.419998,47.300001,up
2012-10-15,50.59,50.810001,50.360001,47.486995,up
2012-10-16,51.169998,51.5,51.080002,47.907731,up
2012-10-17,51.400002,52.400002,51.330002,48.889446,up
2012-10-18,52.259998,52.740002,52.119999,49.010989,up
2012-10-19,52.5,52.59,51.599998,48.524809,down
2012-10-22,51.810001,52.049999,51.400002,48.421962,down
2012-10-23,51.330002,51.349998,50.75,47.458944,down
2012-10-24,50.950001,51.080002,50.560001,47.3561,down
2012-10-25,50.93,51.029999,49.959999,46.99146,down
2012-10-26,50.360001,50.540001,49.52,46.823169,down
2012-10-31,51.150002,51.240002,48.799999,45.925598,down
2012-11-01,49.279999,50.310001,49.279999,46.542676,up
2012-11-02,50.630001,50.990002,49.77,46.617475,up
2012-11-05,50.810001,50.860001,49.82,47.047559,up
2012-11-06,50.57,50.700001,50.080002,47.187806,up
2012-11-07,50.650002,50.650002,49.59,46.823169,down
2012-11-08,50.09,50.84,49.919998,46.785769,down
2012-11-09,46.990002,47.950001,46.529999,43.999567,down
2012-11-12,47.490002,47.630001,46.959999,44.364204,up
2012-11-13,47.279999,48.419998,47.279999,44.841036,up
2012-11-14,48.029999,48.040001,47.049999,44.10241,down
2012-11-15,47.240002,47.639999,46.959999,44.382904,up
2012-11-16,47.59,47.759998,47.049999,44.336152,down
2012-11-19,47.700001,48.029999,47.450001,44.794288,up
2012-11-20,47.779999,48.5,47.66,45.28982,up
2012-11-21,48.5,48.950001,48.400002,45.514213,up
2012-11-23,48.889999,49.279999,48.799999,46.056492,up
2012-11-26,48.98,49.43,48.91,45.84145,down
2012-11-27,49.060001,49.200001,48.529999,45.439414,down
2012-11-28,48.470001,49.25,47.84,46.000397,up
2012-11-29,49.509998,49.849998,49.32,46.48658,up
2012-11-30,49.810001,49.939999,49.25,46.430481,down
2012-12-03,49.77,50.0,49.27,46.084544,down
2012-12-04,49.25,49.450001,48.849998,46.093892,up
2012-12-05,49.43,49.900002,49.139999,46.365033,up
2012-12-06,48.779999,49.130001,48.560001,46.573887,up
2012-12-07,49.18,49.380001,49.009998,46.744766,up
2012-12-10,49.209999,49.509998,49.189999,46.801723,up
2012-12-11,49.369999,49.990002,49.360001,46.972602,up
2012-12-12,49.759998,50.07,49.419998,47.124494,up
2012-12-13,49.610001,49.689999,48.91,46.621353,down
2012-12-14,49.009998,49.119999,48.549999,46.203647,down
2012-12-17,48.720001,49.32,48.669998,46.782736,up
2012-12-18,49.349998,50.32,49.150002,47.675104,up
2012-12-19,50.150002,50.509998,49.939999,47.40929,down
2012-12-20,49.830002,51.060001,49.830002,48.349124,up
2012-12-21,50.41,50.75,49.68,47.466251,down
2012-12-24,49.919998,50.200001,49.84,47.352333,down
2012-12-26,49.849998,49.98,49.450001,47.323851,down
2012-12-27,49.799999,50.0,48.900002,47.020067,down
2012-12-28,49.349998,49.700001,49.02,46.659326,down
2012-12-31,48.889999,49.799999,48.799999,47.266894,up
2013-01-02,50.799999,51.25,50.639999,48.510507,up
2013-01-03,51.049999,51.34,50.84,48.614934,up
2013-01-04,51.380001,52.34,51.330002,49.545272,up
2013-01-07,51.759998,51.759998,50.66,48.387098,down
2013-01-08,50.880001,51.18,50.57,48.187737,down
2013-01-09,50.93,51.5,50.759998,48.206724,up
2013-01-10,50.869999,51.240002,50.59,48.216219,up
2013-01-11,50.82,51.02,50.450001,48.016862,down
2013-01-14,50.400002,50.830002,50.18,48.026353,up
2013-01-15,50.470001,51.150002,50.43,48.501016,up
2013-01-16,50.849998,51.779999,50.799999,48.918717,up
2013-01-17,51.84,52.700001,51.84,49.754124,up
2013-01-18,52.240002,52.34,51.810001,49.687672,down
2013-01-22,52.389999,52.799999,52.18,50.057908,up
2013-01-23,52.860001,54.16,52.779999,51.216086,up
2013-01-24,54.029999,54.869999,53.919998,51.216086,down
2013-01-25,53.799999,54.560001,53.610001,51.624296,up
2013-01-28,54.279999,54.560001,54.099998,51.605309,down
2013-01-29,54.150002,54.209999,53.529999,51.25406,down
2013-01-30,53.849998,54.0,53.549999,51.064194,down
2013-01-31,53.84,54.25,53.650002,51.149633,up
2013-02-01,54.18,54.869999,54.150002,51.823653,up
2013-02-04,54.16,54.5,53.799999,51.16862,down
2013-02-05,54.360001,54.41,54.0,51.538856,up
2013-02-06,55.400002,55.5,54.41,51.757201,up
2013-02-07,54.07,54.48,53.41,51.605309,down
2013-02-08,54.380001,54.720001,54.310001,51.890106,up
2013-02-11,54.650002,54.98,54.59,51.975545,up
2013-02-12,54.77,55.049999,54.689999,52.165411,up
2013-02-13,55.080002,55.299999,54.669998,52.174903,up
2013-02-14,54.919998,55.169998,54.709999,52.098958,down
2013-02-15,55.049999,55.619999,54.889999,52.791965,up
2013-02-19,55.580002,55.950001,55.57,52.905883,up
2013-02-20,55.619999,55.82,54.560001,51.833145,down
2013-02-21,54.580002,54.82,54.009998,51.424935,down
2013-02-22,54.389999,54.580002,53.93,51.500883,up
2013-02-25,54.599998,54.790001,53.59,50.874328,down
2013-02-26,53.810001,54.040001,53.599998,51.16862,up
2013-02-27,53.900002,54.66,53.849998,51.719227,up
2013-02-28,54.540001,55.040001,54.389999,51.823653,up
2013-03-01,54.310001,55.369999,54.299999,52.526155,up
2013-03-04,55.16,55.84,55.0,52.972336,up
2013-03-05,55.950001,56.580002,55.900002,53.617877,up
2013-03-06,56.529999,56.84,56.25,53.503959,down
2013-03-07,56.360001,56.470001,56.009998,53.465985,down
2013-03-08,56.560001,57.509998,56.52,54.481763,up
2013-03-11,57.389999,57.75,57.34,54.738081,up
2013-03-12,57.52,57.630001,56.700001,54.215953,down
2013-03-13,57.16,57.439999,56.939999,54.434297,up
2013-03-14,57.349998,57.82,57.27,54.82352,up
2013-03-15,57.5,57.779999,57.34,54.662137,down
2013-03-18,57.080002,57.189999,56.75,53.950143,down
2013-03-19,56.830002,57.049999,55.759998,53.456493,down
2013-03-20,56.59,57.150002,56.540001,54.054566,up
2013-03-21,56.740002,56.849998,56.16,53.456493,down
2013-03-22,56.650002,57.099998,56.52,53.902674,up
2013-03-25,57.0,57.110001,55.869999,53.361559,down
2013-03-26,56.41,56.73,56.330002,53.760277,up
2013-03-27,56.34,56.5,55.990002,53.608385,down
2013-03-28,56.59,56.939999,56.5,53.921661,up
2013-04-01,56.889999,57.139999,56.150002,53.817234,down
2013-04-02,57.040001,57.459999,56.959999,54.548215,up
2013-04-03,57.639999,57.75,57.0,54.348858,down
2013-04-04,57.279999,57.720001,57.18,54.671628,up
2013-04-05,56.889999,57.73,56.369999,54.776055,up
2013-04-08,57.830002,58.82,57.759998,55.839298,up
2013-04-09,58.720001,59.240002,58.52,56.143081,up
2013-04-10,59.369999,60.139999,59.34,57.063928,up
2013-04-11,60.110001,60.669998,60.02,57.48163,up
2013-04-12,60.290001,60.73,60.27,57.48163,down
2013-04-15,60.259998,60.669998,58.84,55.896258,down
2013-04-16,59.259998,60.75,59.080002,57.671495,up
2013-04-17,60.349998,60.689999,60.02,57.605043,down
2013-04-18,60.639999,60.669998,59.880001,56.95001,down
2013-04-19,60.25,61.560001,60.25,58.44045,up
2013-04-22,61.59,62.099998,61.150002,58.867643,up
2013-04-23,62.400002,62.619999,61.540001,59.418253,up
2013-04-24,62.709999,62.900002,61.59,58.801191,down
2013-04-25,62.009998,62.169998,61.549999,58.858152,up
2013-04-26,62.060001,62.290001,61.549999,58.734738,down
2013-04-29,62.82,63.25,62.59,59.807477,up
2013-04-30,62.93,63.080002,62.439999,59.655585,down
2013-05-01,62.880001,63.5,62.799999,60.006834,up
2013-05-02,63.400002,63.93,63.110001,60.642884,up
2013-05-03,64.18,64.849998,63.880001,61.516265,up
2013-05-06,65.089996,65.589996,64.510002,61.763084,up
2013-05-07,65.440002,66.089996,64.769997,62.721904,up
2013-05-08,66.0,66.0,64.559998,62.645956,down
2013-05-09,65.730003,67.110001,65.510002,63.291498,up
2013-05-10,66.690002,67.43,66.339996,63.794639,up
2013-05-13,66.959999,67.519997,66.919998,63.90856,up
2013-05-14,67.43,67.489998,66.980003,64.050961,up
2013-05-15,67.419998,67.790001,67.18,64.240823,up
2013-05-16,67.620003,67.889999,66.199997,63.101636,down
2013-05-17,66.160004,66.580002,65.68,63.206062,up
2013-05-20,66.580002,66.599998,66.050003,62.769373,down
2013-05-21,66.349998,66.400002,65.709999,62.494068,down
2013-05-22,65.760002,66.709999,65.269997,62.247242,down
2013-05-23,64.870003,65.440002,64.239998,61.924475,down
2013-05-24,64.75,65.529999,64.389999,62.171294,up
2013-05-28,65.980003,66.760002,65.919998,63.310488,up
2013-05-29,66.370003,66.480003,65.739998,62.902278,down
2013-05-30,66.440002,67.110001,64.32,61.373864,down
2013-05-31,64.57,65.029999,63.07,59.883424,down
2013-06-03,63.060001,63.82,62.529999,60.566936,up
2013-06-04,63.93,64.93,63.860001,61.089064,up
2013-06-05,64.050003,64.120003,62.799999,59.921395,down
2013-06-06,63.099998,63.32,62.040001,59.940382,up
2013-06-07,63.630001,64.870003,63.25,61.563726,up
2013-06-10,64.910004,64.970001,63.700001,60.595418,down
2013-06-11,63.32,64.300003,62.970001,60.566936,down
2013-06-12,64.32,64.449997,62.869999,59.797985,down
2013-06-13,62.990002,64.400002,62.52,61.041602,up
2013-06-14,64.010002,64.43,63.630001,60.566936,down
2013-06-17,64.300003,65.129997,64.25,61.221969,up
2013-06-18,64.610001,65.489998,64.559998,61.981432,up
2013-06-19,65.190002,65.550003,64.330002,61.070081,down
2013-06-20,63.220001,63.52,61.82,58.839165,down
2013-06-21,62.619999,63.080002,61.82,59.551158,up
2013-06-24,62.25,62.990002,61.82,59.275853,down
2013-06-25,62.880001,63.099998,62.5,59.399267,up
2013-06-26,62.950001,63.459999,62.75,60.006834,up
2013-06-27,63.650002,63.970001,63.450001,60.490992,up
2013-06-28,63.759998,64.519997,63.150002,59.949877,down
2013-07-01,63.84,64.919998,63.630001,60.690349,up
2013-07-02,63.830002,64.139999,63.080002,60.054299,down
2013-07-03,62.849998,63.830002,62.57,60.386565,up
2013-07-05,63.880001,63.950001,63.110001,60.585923,up
2013-07-08,64.279999,64.790001,64.160004,61.430822,up
2013-07-09,65.32,65.540001,64.650002,61.649169,up
2013-07-10,64.860001,65.300003,64.57,61.620691,down
2013-07-11,65.650002,66.830002,65.650002,63.206062,up
2013-07-12,66.389999,67.0,65.93,63.585793,up
2013-07-15,67.019997,67.360001,65.889999,62.588999,down
2013-07-16,65.949997,66.099998,64.93,61.734605,down
2013-07-17,65.419998,65.459999,64.760002,62.047884,up
2013-07-18,65.699997,66.370003,65.660004,62.484573,up
2013-07-19,65.889999,66.029999,64.910004,61.858022,down
2013-07-22,65.150002,65.330002,64.260002,61.136533,down
2013-07-23,64.599998,64.769997,64.330002,61.183995,up
2013-07-24,64.589996,65.120003,64.529999,61.364369,up
2013-07-25,64.32,64.739998,64.260002,61.278933,down
2013-07-26,64.470001,65.07,64.110001,61.687143,up
2013-07-29,64.800003,65.029999,64.470001,61.33589,down
2013-07-30,64.699997,64.870003,64.099998,60.92768,down
2013-07-31,64.43,65.120003,64.379997,61.373864,up
2013-08-01,65.160004,65.870003,65.129997,62.047884,up
2013-08-02,65.559998,66.589996,65.330002,63.139609,up
2013-08-05,66.5,66.540001,65.610001,62.674435,down
2013-08-06,66.089996,67.160004,65.970001,63.652246,up
2013-08-07,64.93,66.300003,64.120003,62.570016,down
2013-08-08,66.339996,66.459999,65.199997,62.41812,down
2013-08-09,65.470001,65.75,64.599998,61.449812,down
2013-08-12,64.260002,64.43,63.669998,60.690349,down
2013-08-13,64.260002,64.260002,63.41,60.737815,up
2013-08-14,63.950001,64.169998,63.470001,60.718828,down
2013-08-15,63.279999,63.32,62.200001,59.218896,down
2013-08-16,61.970001,62.5,61.709999,59.019535,down
2013-08-19,62.150002,62.18,61.830002,58.696768,down
2013-08-20,61.790001,62.389999,61.790001,58.744234,up
2013-08-21,61.619999,61.880001,61.09,58.041731,down
2013-08-22,61.32,61.82,61.16,58.516394,up
2013-08-23,61.959999,61.990002,61.459999,58.601833,up
2013-08-26,61.759998,62.110001,61.330002,58.241089,down
2013-08-27,60.900002,61.349998,60.57,57.614534,down
2013-08-28,60.439999,61.150002,60.41,57.728456,up
2013-08-29,60.77,61.52,60.549999,57.984774,up
2013-08-30,61.139999,61.27,60.549999,57.747443,down
2013-09-03,61.419998,61.990002,60.599998,57.842374,up
2013-09-04,60.919998,61.220001,60.52,58.013253,up
2013-09-05,61.07,61.599998,60.959999,58.193623,up
2013-09-06,61.470001,61.830002,60.630001,58.279063,up
2013-09-09,61.599998,61.84,61.27,58.468928,up
2013-09-10,62.09,62.970001,61.93,59.646093,up
2013-09-11,63.119999,63.939999,62.98,60.699841,up
2013-09-12,63.799999,66.349998,63.41,62.171294,up
2013-09-13,65.870003,67.029999,65.5,63.310488,up
2013-09-16,67.32,67.650002,66.879997,63.547819,up
2013-09-17,66.830002,67.199997,66.720001,63.585793,up
2013-09-18,66.669998,67.370003,66.209999,63.709203,up
2013-09-19,66.389999,66.5,65.400002,62.389642,down
2013-09-20,65.610001,65.839996,64.910004,61.715622,down
2013-09-23,65.040001,65.480003,64.68,61.468795,down
2013-09-24,64.940002,65.160004,64.279999,61.060585,down
2013-09-25,64.419998,64.93,64.199997,61.183995,up
2013-09-26,64.360001,65.290001,64.25,61.933963,up
2013-09-27,64.970001,65.440002,64.690002,61.886501,down
2013-09-30,64.730003,64.949997,64.389999,61.221969,down
2013-10-01,64.370003,65.25,64.360001,61.544743,up
2013-10-02,64.449997,65.339996,64.400002,61.592205,up
2013-10-03,64.720001,64.93,63.830002,60.775785,down
2013-10-04,64.019997,65.43,63.970001,61.990927,up
2013-10-07,64.809998,65.309998,64.57,61.3169,down
2013-10-08,64.519997,64.769997,63.970001,60.756802,down
2013-10-09,64.019997,64.18,63.099998,60.367578,down
2013-10-10,64.480003,65.669998,64.290001,62.256737,up
2013-10-11,65.660004,66.589996,65.5,62.854809,up
2013-10-14,65.879997,66.980003,65.779999,63.443393,up
2013-10-15,66.730003,66.940002,65.93,63.073157,down
2013-10-16,66.639999,66.860001,66.129997,62.987714,down
2013-10-17,66.190002,66.589996,65.980003,63.054166,up
2013-10-18,66.5,67.269997,65.989998,63.747177,up
2013-10-21,67.269997,67.629997,67.160004,64.183866,up
2013-10-22,67.940002,69.129997,67.75,65.503427,up
2013-10-23,68.809998,69.199997,68.019997,64.668023,down
2013-10-24,68.18,69.190002,68.019997,65.550896,up
2013-10-25,69.32,69.870003,68.970001,65.750253,up
2013-10-28,69.349998,69.480003,68.919998,65.503427,down
2013-10-29,69.120003,69.389999,68.779999,65.427479,down
2013-10-30,69.220001,69.300003,67.93,65.000286,down
2013-10-31,68.470001,69.300003,68.349998,65.1142,up
2013-11-01,68.709999,69.18,68.5,65.512922,up
2013-11-04,69.410004,69.550003,68.410004,65.323053,down
2013-11-05,68.769997,69.059998,68.059998,65.361027,up
2013-11-06,69.18,69.620003,68.620003,65.503427,up
2013-11-07,69.339996,69.339996,67.089996,63.747177,down
2013-11-08,66.870003,69.410004,66.720001,65.104712,up
2013-11-11,68.480003,68.739998,68.190002,64.876869,down
2013-11-12,68.330002,68.449997,67.419998,64.335754,down
2013-11-13,67.43,68.989998,67.300003,65.474948,up
2013-11-14,69.139999,70.150002,69.0,66.471735,up
2013-11-15,69.769997,70.169998,69.550003,66.452752,down
2013-11-18,70.059998,70.089996,69.330002,65.978089,down
2013-11-19,69.489998,69.720001,69.040001,65.617348,down
2013-11-20,69.120003,69.919998,69.080002,65.721775,up
2013-11-21,69.459999,70.010002,69.269997,66.395795,up
2013-11-22,69.949997,70.330002,69.800003,66.642614,up
2013-11-25,70.540001,70.580002,69.599998,66.205925,down
2013-11-26,69.919998,71.690002,69.900002,67.572956,up
2013-11-27,71.209999,71.25,70.459999,67.183729,down
2013-11-29,71.040001,71.269997,70.389999,66.965388,down
2013-12-02,70.790001,71.309998,70.760002,67.316641,up
2013-12-03,70.220001,70.410004,69.379997,66.357821,down
2013-12-04,69.419998,70.480003,69.32,66.424273,up
2013-12-05,70.290001,70.68,70.080002,66.6711,up
2013-12-06,70.970001,71.489998,70.769997,67.838765,up
2013-12-09,71.360001,71.480003,70.919998,67.506503,down
2013-12-10,70.910004,71.650002,70.900002,67.943192,up
2013-12-11,71.730003,72.129997,70.43,66.946398,down
2013-12-12,69.279999,70.019997,68.800003,66.917567,down
2013-12-13,69.900002,70.129997,69.279999,66.907962,down
2013-12-16,69.910004,70.849998,69.910004,67.763291,up
2013-12-17,70.690002,70.910004,69.830002,67.907449,up
2013-12-18,70.959999,72.199997,70.139999,69.387452,up
2013-12-19,72.139999,73.080002,72.099998,70.127461,up
2013-12-20,73.099998,73.559998,72.339996,69.579666,down
2013-12-23,72.889999,73.330002,72.660004,70.425383,up
2013-12-24,73.25,73.860001,73.25,70.973178,up
2013-12-26,73.949997,74.690002,73.910004,71.713187,up
2013-12-27,74.650002,74.779999,73.93,71.453701,down
2013-12-30,74.989998,76.540001,74.889999,73.26047,up
2013-12-31,76.279999,76.5,75.809998,73.423846,up
2014-01-02,76.040001,76.5,75.900002,73.298906,down
2014-01-03,76.300003,76.699997,76.010002,73.145142,down
2014-01-06,76.529999,76.839996,75.489998,72.866438,down
2014-01-07,76.120003,76.699997,75.900002,73.366178,up
2014-01-08,76.129997,76.279999,74.809998,72.289813,down
2014-01-09,75.459999,75.459999,74.32,71.982278,down
2014-01-10,75.080002,75.510002,74.559998,72.453188,up
2014-01-13,74.900002,75.129997,73.050003,70.41577,down
2014-01-14,73.709999,74.580002,73.290001,71.549804,up
2014-01-15,74.300003,75.099998,74.25,71.386428,down
2014-01-16,74.389999,74.400002,73.720001,71.319155,down
2014-01-17,74.43,74.629997,73.68,71.098119,down
2014-01-21,73.989998,74.879997,73.300003,71.309542,up
2014-01-22,74.080002,75.43,74.050003,72.376303,up
2014-01-23,74.529999,74.949997,74.150002,71.876563,down
2014-01-24,74.099998,74.230003,72.720001,69.8872,down
2014-01-27,72.470001,72.910004,71.720001,69.435507,down
2014-01-28,72.260002,73.0,72.239998,70.040963,up
2014-01-29,71.970001,72.239998,71.120003,68.551348,down
2014-01-30,72.089996,73.629997,72.0,70.367722,up
2014-01-31,72.199997,73.32,71.800003,69.781484,down
2014-02-03,72.660004,72.730003,69.849998,67.263544,down
2014-02-04,70.940002,71.25,69.879997,68.282256,up
2014-02-05,72.050003,72.050003,70.370003,68.964597,up
2014-02-06,75.610001,76.730003,74.779999,72.616564,up
2014-02-07,75.080002,75.699997,74.610001,72.72228,up
2014-02-10,75.669998,77.309998,75.57,74.058132,up
2014-02-11,77.150002,77.919998,77.110001,74.759698,up
2014-02-12,77.660004,78.010002,77.639999,74.875026,up
2014-02-13,77.519997,78.239998,77.199997,74.865414,down
2014-02-14,77.879997,79.470001,77.769997,76.143605,up
2014-02-18,79.5,80.0,79.43,76.47997,up
2014-02-19,79.5,79.779999,78.800003,75.797629,down
2014-02-20,79.209999,79.650002,78.839996,76.105163,up
2014-02-21,79.07,80.449997,78.800003,77.00854,up
2014-02-24,80.5,81.589996,80.459999,77.585173,up
2014-02-25,80.720001,81.349998,80.040001,77.085425,down
2014-02-26,80.629997,80.949997,79.589996,76.960492,down
2014-02-27,80.0,80.589996,79.860001,77.344912,up
2014-02-28,80.839996,81.589996,80.169998,77.662051,up
2014-03-03,80.300003,80.650002,78.849998,76.364642,down
2014-03-04,80.599998,82.169998,80.540001,78.526993,up
2014-03-05,82.220001,83.209999,82.019997,79.459208,up
2014-03-06,82.860001,83.419998,82.839996,80.093494,up
2014-03-07,83.599998,83.650002,82.019997,79.007516,down
2014-03-10,82.18,82.43,81.690002,78.776867,down
2014-03-11,82.190002,82.330002,80.720001,77.892707,down
2014-03-12,80.589996,81.389999,80.050003,78.209846,up
2014-03-13,81.75,81.980003,79.660004,76.816334,down
2014-03-14,79.849998,80.410004,79.57,76.95088,up
2014-03-17,80.5,81.599998,80.309998,78.219459,up
2014-03-18,81.529999,82.25,81.279999,78.796085,up
2014-03-19,82.25,82.300003,80.040001,77.383347,down
2014-03-20,80.589996,81.019997,79.760002,77.662051,up
2014-03-21,81.959999,82.050003,80.050003,77.219971,down
2014-03-24,80.709999,80.93,79.379997,76.393472,down
2014-03-25,80.239998,80.339996,78.599998,76.45114,up
2014-03-26,79.93,80.239998,78.610001,75.557367,down
2014-03-27,78.300003,78.610001,77.279999,75.422822,down
2014-03-28,78.730003,79.459999,78.309998,75.912949,up
2014-03-31,79.699997,80.389999,79.660004,76.95088,up
2014-04-01,80.389999,81.610001,80.389999,78.392447,up
2014-04-02,81.720001,81.970001,81.300003,78.48855,up
2014-04-03,81.919998,82.239998,81.139999,78.507775,up
2014-04-04,82.32,82.849998,80.400002,77.296857,down
2014-04-07,80.419998,80.800003,78.559998,76.047495,down
2014-04-08,79.269997,79.650002,78.120003,76.470357,up
2014-04-09,79.970001,80.529999,79.260002,77.335299,up
2014-04-10,80.919998,80.919998,77.480003,74.490607,down
2014-04-11,77.510002,77.949997,76.809998,74.010084,down
2014-04-14,77.699997,77.830002,76.849998,74.596322,up
2014-04-15,77.889999,78.209999,76.309998,74.634765,up
2014-04-16,78.379997,78.980003,78.190002,75.874507,up
2014-04-17,78.699997,80.220001,78.599998,76.873994,up
2014-04-21,79.959999,79.980003,78.690002,76.028277,down
2014-04-22,79.220001,79.889999,79.209999,76.355029,up
2014-04-23,79.529999,79.949997,78.970001,76.422302,up
2014-04-24,79.739998,80.059998,79.110001,76.489575,up
2014-04-25,79.459999,79.459999,78.160004,75.18256,down
2014-04-28,78.760002,79.059998,76.879997,74.750086,down
2014-04-29,78.349998,78.68,77.739998,75.576585,up
2014-04-30,78.5,79.529999,78.18,76.249314,up
2014-05-01,79.349998,79.870003,79.260002,76.460745,up
2014-05-02,79.620003,80.550003,79.620003,77.181529,up
2014-05-05,80.419998,81.309998,79.800003,78.056083,up
2014-05-06,81.589996,81.629997,80.800003,77.873482,down
2014-05-07,81.650002,82.440002,80.120003,77.162311,down
2014-05-08,80.209999,82.269997,80.07,78.421278,up
2014-05-09,81.269997,82.019997,80.900002,78.757642,up
2014-05-12,82.080002,82.940002,82.080002,79.209334,up
2014-05-13,82.43,82.75,81.75,78.882582,down
2014-05-14,81.769997,82.18,80.629997,77.767767,down
2014-05-15,80.639999,80.830002,79.209999,77.027765,down
2014-05-16,80.169998,80.419998,79.339996,77.258414,up
2014-05-19,80.43,81.379997,80.139999,77.892707,up
2014-05-20,80.940002,81.760002,80.519997,77.931143,up
2014-05-21,81.419998,82.339996,81.419998,78.988298,up
2014-05-22,82.190002,82.790001,82.040001,79.142061,up
2014-05-23,82.190002,83.360001,82.190002,80.074276,up
2014-05-27,83.559998,83.980003,83.32,80.477913,up
2014-05-28,83.800003,83.900002,83.25,80.343368,down
2014-05-29,83.919998,84.089996,83.43,80.756617,up
2014-05-30,83.809998,84.389999,83.620003,80.7374,down
2014-06-02,84.269997,84.419998,84.010002,80.987266,up
2014-06-03,84.07,84.230003,83.720001,80.612459,down
2014-06-04,83.849998,84.400002,83.309998,80.958436,up
2014-06-05,84.370003,84.949997,83.900002,81.477401,up
2014-06-06,84.910004,84.989998,84.269997,81.314025,down
2014-06-09,84.599998,85.860001,84.529999,82.150137,up
2014-06-10,85.400002,85.400002,84.699997,81.448571,down
2014-06-11,84.599998,84.809998,84.169998,81.025709,down
2014-06-12,84.029999,84.199997,82.599998,79.574536,down
2014-06-13,82.75,82.989998,81.800003,79.574536,down
2014-06-16,82.639999,83.440002,82.559998,80.055059,up
2014-06-17,82.980003,83.459999,82.610001,79.920513,down
2014-06-18,83.18,83.75,82.809998,80.32415,up
2014-06-19,83.650002,83.919998,83.25,80.506744,up
2014-06-20,84.07,84.080002,82.790001,79.593754,down
2014-06-23,82.849998,82.93,82.32,79.536093,down
2014-06-24,82.68,83.57,82.489998,79.459208,down
2014-06-25,82.669998,84.32,82.480003,80.631684,up
2014-06-26,84.68,84.68,83.769997,81.160255,up
2014-06-27,84.129997,85.389999,84.129997,81.977149,up
2014-06-30,85.440002,86.07,85.07,82.400004,up
2014-07-01,85.809998,86.870003,85.760002,83.10157,up
2014-07-02,86.580002,86.709999,86.199997,83.07274,down
2014-07-03,86.699997,86.980003,86.5,83.457152,up
2014-07-07,86.610001,86.82,86.32,83.216891,down
2014-07-08,86.190002,86.32,85.68,82.515332,down
2014-07-09,86.0,87.290001,85.849998,83.822354,up
2014-07-10,86.529999,87.610001,86.190002,83.476377,down
2014-07-11,87.0,87.360001,86.370003,83.505207,up
2014-07-14,87.459999,87.489998,86.660004,83.380274,down
2014-07-15,86.580002,86.650002,85.540001,82.794036,down
2014-07-16,86.690002,87.629997,85.120003,82.025197,down
2014-07-17,85.330002,86.190002,84.870003,81.717663,down
2014-07-18,85.440002,85.980003,85.169998,82.467277,up
2014-07-21,85.809998,86.0,85.5,82.400004,down
2014-07-22,86.370003,86.559998,85.510002,82.851696,up
2014-07-23,86.309998,86.529999,85.760002,82.68832,down
2014-07-24,86.5,86.959999,86.309998,83.418716,up
2014-07-25,86.300003,86.699997,86.050003,82.870921,down
2014-07-28,86.43,87.220001,85.809998,83.755081,up
2014-07-29,87.290001,87.300003,86.160004,82.842084,down
2014-07-30,86.620003,87.269997,86.089996,83.812741,up
2014-07-31,86.589996,86.949997,85.690002,82.534549,down
2014-08-01,85.389999,86.010002,85.209999,82.054027,down
2014-08-04,86.169998,87.519997,86.010002,83.841571,up
2014-08-05,87.139999,87.239998,86.019997,83.370661,down
2014-08-06,86.18,87.620003,86.169998,83.216891,down
2014-08-07,86.989998,87.010002,85.230003,82.178967,down
2014-08-08,85.650002,86.889999,85.620003,83.466764,up
2014-08-11,87.07,87.980003,87.050003,84.091445,up
2014-08-12,87.150002,87.620003,86.779999,83.812741,down
2014-08-13,87.739998,87.949997,87.419998,84.187548,up
2014-08-14,88.029999,88.910004,87.809998,85.158206,up
2014-08-15,89.019997,89.470001,88.690002,85.802104,up
2014-08-18,89.660004,90.370003,89.580002,86.465228,up
2014-08-19,90.129997,90.290001,89.639999,86.580548,up
2014-08-20,89.919998,90.050003,89.669998,86.340287,down
2014-08-21,90.059998,90.529999,89.980003,86.859252,up
2014-08-22,90.129997,90.900002,90.120003,86.964968,up
2014-08-25,90.949997,91.139999,90.300003,86.859252,down
2014-08-26,90.610001,90.669998,89.940002,86.513275,down
2014-08-27,90.139999,90.410004,89.980003,86.849647,up
2014-08-28,89.980003,90.489998,89.959999,86.715101,down
2014-08-29,90.32,90.379997,89.330002,86.37873,down
2014-09-02,90.18,90.93,90.150002,87.262897,up
2014-09-03,91.059998,91.160004,90.669998,87.397443,up
2014-09-04,90.870003,91.199997,90.010002,86.628604,down
2014-09-05,90.139999,90.940002,90.099998,87.397443,up
2014-09-08,90.760002,90.839996,90.160004,87.032241,down
2014-09-09,90.5,90.540001,89.510002,86.109638,down
2014-09-10,89.540001,89.82,88.75,86.032753,down
2014-09-11,89.199997,90.040001,89.059998,86.465228,up
2014-09-12,90.099998,90.199997,89.25,86.176911,down
2014-09-15,89.739998,90.370003,89.559998,86.570943,up
2014-09-16,89.709999,90.43,89.459999,86.753537,up
2014-09-17,90.580002,90.769997,89.970001,86.811204,up
2014-09-18,90.309998,90.5,89.910004,86.82081,up
2014-09-19,90.800003,91.150002,90.389999,86.964968,up
2014-09-22,90.489998,90.610001,89.190002,85.811717,down
2014-09-23,89.120003,89.239998,88.230003,84.869889,down
2014-09-24,88.360001,89.639999,88.239998,85.96548,up
2014-09-25,89.260002,89.599998,88.059998,84.63924,down
2014-09-26,88.150002,88.889999,87.910004,85.283139,up
2014-09-29,88.120003,89.050003,87.360001,85.369637,up
2014-09-30,88.839996,89.540001,88.540001,85.561843,up
2014-10-01,89.080002,89.239998,87.199997,84.081833,down
2014-10-02,87.5,87.660004,84.650002,83.409104,down
2014-10-03,88.099998,88.900002,87.550003,85.004435,up
2014-10-06,88.790001,89.18,88.07,85.110151,up
2014-10-07,88.0,88.260002,87.040001,83.716638,down
2014-10-08,87.059998,88.150002,86.330002,84.677683,up
2014-10-09,88.029999,88.160004,85.57,82.371173,down
2014-10-10,85.919998,87.0,85.400002,82.909356,up
2014-10-13,85.919998,86.389999,83.760002,80.641297,down
2014-10-14,84.75,85.519997,83.900002,80.862333,up
2014-10-15,82.389999,83.760002,78.540001,78.882582,down
2014-10-16,79.93,82.470001,79.550003,78.555823,down
2014-10-17,82.68,84.660004,82.68,80.564411,up
2014-10-20,84.230003,85.610001,84.150002,82.188573,up
2014-10-21,86.32,87.68,86.25,84.129888,up
2014-10-22,87.940002,88.610001,86.980003,83.707026,down
2014-10-23,88.209999,88.629997,87.760002,84.562355,up
2014-10-24,87.910004,88.660004,87.580002,85.158206,up
2014-10-27,88.470001,88.989998,88.239998,85.004435,down
2014-10-28,89.040001,89.959999,88.949997,86.426785,up
2014-10-29,89.839996,90.25,88.949997,86.042365,down
2014-10-30,89.440002,90.540001,88.910004,86.705489,up
2014-10-31,91.510002,91.980003,90.75,87.820297,up
2014-11-03,91.239998,91.82,91.0,88.137444,up
2014-11-04,91.970001,91.980003,89.800003,86.830422,down
2014-11-05,91.599998,91.599998,89.589996,87.455103,up
2014-11-06,91.290001,92.0,91.150002,88.416148,up
2014-11-07,89.389999,90.019997,88.650002,86.494058,down
2014-11-10,90.239998,90.419998,88.949997,86.282627,down
2014-11-11,90.010002,90.029999,89.129997,86.47484,up
2014-11-12,89.769997,90.120003,89.330002,86.397955,down
2014-11-13,90.099998,90.709999,90.029999,86.964968,up
2014-11-14,90.68,90.849998,90.379997,87.262897,up
2014-11-17,90.5,90.779999,90.050003,86.88809,down
2014-11-18,90.330002,90.690002,90.129997,86.763149,down
2014-11-19,90.260002,90.279999,89.190002,86.321069,down
2014-11-20,89.25,89.459999,88.75,85.43691,down
2014-11-21,89.690002,89.800003,88.760002,85.49457,up
2014-11-24,89.32,90.660004,89.32,87.051466,up
2014-11-25,90.709999,91.919998,90.709999,88.079784,up
2014-11-26,91.959999,92.279999,91.669998,88.339263,up
2014-11-28,92.529999,92.959999,92.230003,88.906283,up
2014-12-01,92.629997,93.139999,92.099998,89.088877,up
2014-12-02,92.650002,93.809998,92.419998,89.828885,up
2014-12-03,93.540001,93.660004,92.5,89.482909,down
2014-12-04,93.610001,93.629997,92.57,89.598237,up
2014-12-05,93.690002,93.980003,93.339996,90.107589,up
2014-12-08,94.209999,94.5,93.410004,90.146032,up
2014-12-09,93.510002,93.57,91.760002,89.319533,down
2014-12-10,92.519997,92.830002,91.550003,88.060559,down
2014-12-11,91.089996,92.660004,90.660004,89.296598,up
2014-12-12,91.18,92.610001,90.949997,89.043549,down
2014-12-15,92.029999,92.690002,90.190002,88.469329,down
2014-12-16,90.5,92.0,90.129997,87.758846,down
2014-12-17,90.360001,91.68,90.199997,88.936489,up
2014-12-18,92.190002,92.610001,91.860001,90.133602,up
2014-12-19,92.339996,93.199997,91.879997,90.406114,up
2014-12-22,93.389999,94.360001,93.220001,91.681082,up
2014-12-23,94.480003,95.07,94.400002,92.157985,up
2014-12-24,94.690002,95.120003,94.370003,91.8952,down
2014-12-26,94.739998,95.309998,94.519997,92.48889,up
2014-12-29,94.739998,95.93,94.690002,92.946323,up
2014-12-30,95.209999,95.5,94.5,92.167712,down
2014-12-31,95.129997,95.519997,94.029999,91.671355,down
2015-01-02,94.910004,95.279999,92.849998,91.243118,down
2015-01-05,93.279999,93.349998,91.779999,89.909749,down
2015-01-06,92.57,93.190002,91.160004,89.432854,down
2015-01-07,92.720001,93.150002,92.099998,90.347721,up
2015-01-08,93.870003,94.300003,93.559998,91.282049,up
2015-01-09,94.050003,95.269997,93.989998,91.729748,up
2015-01-12,94.690002,94.760002,93.769997,91.934132,up
2015-01-13,95.279999,96.43,94.699997,92.644615,up
2015-01-14,94.0,94.800003,93.290001,91.710286,down
2015-01-15,94.610001,94.959999,94.040001,91.827073,up
2015-01-16,94.0,95.230003,93.980003,92.63488,up
2015-01-20,95.220001,95.389999,93.75,92.206643,down
2015-01-21,94.370003,94.739998,93.82,91.651885,down
2015-01-22,94.580002,95.389999,94.010002,92.605683,up
2015-01-23,94.919998,95.529999,94.43,92.187181,down
2015-01-26,94.449997,95.0,93.93,92.430496,up
2015-01-27,93.940002,94.739998,93.360001,91.457236,down
2015-01-28,94.139999,94.470001,92.610001,90.191996,down
2015-01-29,93.110001,93.5,91.519997,90.727291,up
2015-01-30,92.5,92.940002,90.830002,88.527722,down
2015-02-02,91.300003,92.050003,90.059998,89.471785,up
2015-02-03,92.43,94.110001,92.190002,91.583758,up
2015-02-04,99.389999,101.940002,98.82,98.571764,up
2015-02-05,100.760002,102.839996,100.510002,99.895398,up
2015-02-06,102.669998,102.989998,101.650002,99.291974,down
2015-02-09,101.800003,102.5,101.449997,99.009736,down
2015-02-10,101.959999,102.190002,101.18,99.19465,up
2015-02-11,102.010002,102.019997,101.07,99.145991,down
2015-02-12,102.160004,103.849998,101.699997,100.810265,up
2015-02-13,103.730003,104.410004,103.43,101.384485,up
2015-02-17,104.230003,104.449997,103.57,101.335826,down
2015-02-18,103.400002,104.330002,103.400002,101.082776,down
2015-02-19,104.0,104.080002,103.550003,101.111973,up
2015-02-20,103.860001,104.690002,102.730003,101.754328,up
2015-02-23,104.760002,105.230003,104.440002,102.182558,up
2015-02-24,104.540001,105.050003,104.349998,101.871115,down
2015-02-25,104.68,105.980003,104.669998,102.74705,up
2015-02-26,105.5,105.709999,104.139999,101.764055,down
2015-02-27,104.669998,105.139999,103.959999,101.296895,down
2015-03-02,104.349998,105.980003,104.349998,103.058493,up
2015-03-03,105.779999,106.639999,105.209999,103.506192,up
2015-03-04,105.860001,106.0,104.779999,102.74705,down
2015-03-05,105.540001,105.809998,104.870003,102.221489,down
2015-03-06,104.669998,105.0,103.489998,101.043845,down
2015-03-09,103.940002,105.419998,103.82,102.445342,up
2015-03-10,104.269997,104.349998,103.089996,100.333362,down
2015-03-11,103.510002,104.0,102.870003,100.138713,down
2015-03-12,103.849998,107.330002,103.809998,104.304264,up
2015-03-13,107.279999,107.279999,105.519997,103.593789,down
2015-03-16,106.839996,107.730003,106.050003,104.498921,up
2015-03-17,107.0,107.209999,106.150002,104.099881,down
2015-03-18,106.900002,108.419998,105.730003,105.082875,up
2015-03-19,107.839996,108.480003,107.139999,104.498921,down
2015-03-20,107.830002,108.940002,107.5,105.530574,up
2015-03-23,108.599998,108.849998,108.040001,105.32619,down
2015-03-24,107.720001,108.050003,107.080002,104.245871,down
2015-03-25,107.449997,107.459999,105.0,102.192292,down
2015-03-26,104.470001,105.82,104.099998,102.425873,up
2015-03-27,105.199997,106.449997,104.879997,102.65946,up
2015-03-30,106.059998,106.949997,106.050003,103.282346,up
2015-03-31,105.599998,106.32,104.889999,102.085233,down
2015-04-01,105.43,106.0,104.25,102.620529,up
2015-04-02,105.489998,106.239998,104.860001,103.165552,up
2015-04-06,105.309998,106.57,105.040001,102.805443,down
2015-04-07,105.800003,106.410004,105.400002,102.610794,down
2015-04-08,105.230003,106.690002,105.160004,103.515926,up
2015-04-09,106.510002,107.0,105.879997,103.914959,up
2015-04-10,106.730003,107.099998,106.410004,104.090146,up
2015-04-13,107.07,107.900002,106.470001,103.661917,down
2015-04-14,106.410004,107.300003,106.110001,103.807907,up
2015-04-15,106.919998,107.43,106.860001,104.11935,up
2015-04-16,107.150002,108.300003,106.900002,105.209396,up
2015-04-17,107.800003,107.800003,106.040001,103.837104,down
2015-04-20,107.830002,108.5,107.32,105.32619,up
2015-04-21,108.93,108.989998,107.580002,104.800629,down
2015-04-22,108.019997,108.25,106.970001,105.053679,up
2015-04-23,107.959999,109.900002,107.610001,106.085332,up
2015-04-24,109.529999,110.480003,109.190002,106.601158,up
2015-04-27,111.5,111.660004,110.07,107.214317,up
2015-04-28,110.75,111.150002,108.889999,106.980729,down
2015-04-29,109.660004,110.379997,109.260002,106.87367,down
2015-04-30,109.68,110.190002,107.68,105.81282,down
2015-05-01,109.949997,110.669998,109.269997,107.564684,up
2015-05-04,111.480003,111.529999,110.5,108.061048,up
2015-05-05,113.269997,113.300003,110.559998,107.84693,down
2015-05-06,111.559998,111.959999,109.220001,106.78608,down
2015-05-07,109.599998,109.779999,108.720001,106.338382,down
2015-05-08,110.260002,110.699997,109.57,107.165651,up
2015-05-11,110.139999,110.139999,108.489998,105.696026,down
2015-05-12,108.599998,109.660004,107.669998,106.318912,up
2015-05-13,109.699997,109.870003,108.779999,106.270254,down
2015-05-14,109.690002,110.0,109.010002,106.990464,up
2015-05-15,110.099998,110.690002,109.68,107.350573,up
2015-05-18,110.470001,110.739998,110.010002,107.379769,up
2015-05-19,110.690002,110.989998,110.470001,107.603615,up
2015-05-20,110.779999,110.809998,110.019997,107.253241,down
2015-05-21,110.040001,110.639999,109.900002,107.438163,up
2015-05-22,110.300003,110.900002,110.120003,107.311642,down
2015-05-26,110.169998,110.849998,108.760002,106.513569,down
2015-05-27,109.510002,110.610001,109.300003,107.418701,up
2015-05-28,110.110001,110.540001,109.599998,107.574418,up
2015-05-29,110.330002,110.519997,109.410004,107.418701,down
2015-06-01,111.480003,111.769997,110.550003,107.99292,up
2015-06-02,110.919998,111.25,110.019997,107.788537,down
2015-06-03,110.75,111.82,110.5,108.197304,up
2015-06-04,110.949997,111.25,109.989998,107.350573,down
2015-06-05,110.300003,110.769997,109.800003,107.350573,down
2015-06-08,110.029999,110.239998,109.209999,106.367578,down
2015-06-09,109.349998,109.410004,107.650002,105.618164,down
2015-06-10,108.900002,110.25,108.730003,107.058592,up
2015-06-11,110.010002,110.959999,110.010002,107.662016,up
2015-06-12,110.330002,110.529999,109.540001,107.009926,down
2015-06-15,109.269997,110.410004,108.93,107.233779,up
2015-06-16,110.349998,111.290001,109.900002,108.090245,up
2015-06-17,111.199997,111.940002,110.879997,108.508747,up
2015-06-18,111.830002,113.550003,111.580002,110.19249,up
2015-06-19,112.830002,113.480003,112.400002,109.608536,down
2015-06-22,113.400002,114.470001,113.269997,110.494198,up
2015-06-23,113.93,114.519997,113.720001,111.350672,up
2015-06-24,114.300003,114.559998,113.709999,110.727778,down
2015-06-25,114.620003,115.279999,114.389999,111.389596,up
2015-06-26,114.970001,115.18,114.410004,111.915157,up
2015-06-29,114.160004,115.190002,113.0,110.027038,down
2015-06-30,113.93,114.860001,113.550003,111.087887,up
2015-07-01,114.949997,115.25,114.339996,112.70311,up
2015-07-02,115.379997,115.669998,114.449997,112.546486,down
2015-07-06,114.470001,115.860001,114.269997,113.261094,up
2015-07-07,116.419998,117.190002,114.860001,114.631584,up
2015-07-08,116.5,116.68,115.110001,112.76185,down
2015-07-09,116.830002,117.209999,115.510002,113.163204,up
2015-07-10,117.050003,117.43,115.669998,113.985501,up
2015-07-13,117.75,118.309998,117.25,115.561563,up
2015-07-14,118.029999,118.139999,117.699997,115.365775,down
2015-07-15,118.040001,118.900002,117.849998,115.806293,up
2015-07-16,119.0,119.150002,118.540001,116.560059,up
2015-07-17,118.690002,118.900002,118.029999,116.354486,down
2015-07-20,119.290001,119.900002,118.889999,117.05931,up
2015-07-21,119.760002,119.800003,118.830002,116.794998,down
2015-07-22,119.279999,119.699997,118.93,116.81458,up
2015-07-23,119.300003,119.669998,118.57,116.295754,down
2015-07-24,119.349998,119.800003,118.580002,116.403435,up
2015-07-27,118.629997,118.800003,117.779999,115.757344,down
2015-07-28,118.68,118.900002,117.870003,115.962917,up
2015-07-29,118.849998,119.860001,118.410004,117.313824,up
2015-07-30,119.709999,120.349998,119.010002,117.499822,up
2015-07-31,120.120003,120.720001,119.599998,117.470455,down
2015-08-03,120.879997,121.730003,120.169998,118.566849,up
2015-08-04,121.5,122.080002,120.610001,119.124833,up
2015-08-05,110.830002,113.949997,109.5,108.200077,down
2015-08-06,110.400002,110.400002,104.239998,106.261819,down
2015-08-07,108.75,109.559998,107.660004,107.044951,up
2015-08-10,110.0,111.0,109.739998,108.660171,up
2015-08-11,110.339996,110.489998,107.949997,105.72341,down
2015-08-12,107.0,107.440002,105.510002,104.734698,down
2015-08-13,107.209999,108.510002,106.75,105.253525,up
2015-08-14,107.610001,107.669998,106.519997,104.90112,down
2015-08-17,107.300003,109.279999,106.839996,106.751279,up
2015-08-18,108.040001,108.25,106.800003,104.685756,down
2015-08-19,106.580002,107.75,105.769997,104.20608,down
2015-08-20,104.339996,105.0,99.760002,97.911621,down
2015-08-21,97.5,100.629997,96.610001,96.756495,down
2015-08-24,93.379997,100.0,90.0,93.349856,down
2015-08-25,99.730003,100.089996,95.720001,93.868682,up
2015-08-26,98.690002,99.489998,96.260002,97.138281,up
2015-08-27,101.349998,102.620003,99.779999,100.016302,up
2015-08-28,102.190002,103.339996,101.809998,100.319772,up
2015-08-31,102.300003,102.459999,100.910004,99.732414,down
2015-09-01,99.309998,101.339996,99.160004,97.412377,down
2015-09-02,100.919998,101.940002,99.550003,99.742205,up
2015-09-03,102.199997,103.029999,101.459999,99.840096,up
2015-09-04,100.959999,101.82,100.360001,98.8416,down
2015-09-08,102.949997,104.150002,102.519997,101.817519,up
2015-09-09,104.75,104.949997,101.68,99.761788,down
2015-09-10,101.849998,103.220001,101.330002,100.437238,up
2015-09-11,102.349998,104.5,102.199997,102.277613,up
2015-09-14,104.650002,104.900002,102.989998,101.631522,down
2015-09-15,103.25,103.800003,101.830002,101.249743,down
2015-09-16,103.32,104.07,102.75,101.76857,up
2015-09-17,104.199997,105.949997,103.75,102.003509,up
2015-09-18,103.199997,104.209999,102.389999,100.672176,down
2015-09-21,103.68,103.830002,102.459999,101.230168,up
2015-09-22,102.18,102.75,101.480003,100.329556,down
2015-09-23,102.440002,102.629997,101.379997,99.428951,down
2015-09-24,101.0,101.330002,99.239998,98.498979,down
2015-09-25,101.510002,101.800003,99.580002,98.185725,down
2015-09-28,99.900002,100.389999,98.300003,96.413874,down
2015-09-29,98.510002,100.059998,97.769997,97.32427,up
2015-09-30,100.779999,102.43,100.5,100.045668,up
2015-10-01,102.970001,103.470001,101.080002,100.505762,up
2015-10-02,101.209999,103.010002,99.879997,100.828807,up
2015-10-05,103.699997,104.199997,102.610001,101.660888,up
2015-10-06,104.190002,104.510002,103.209999,101.582573,down
2015-10-07,104.489998,104.589996,102.660004,101.210586,down
2015-10-08,103.199997,104.889999,102.699997,102.40487,up
2015-10-09,105.089996,106.050003,104.669998,103.334841,up
2015-10-12,105.910004,106.699997,105.620003,104.108189,up
2015-10-13,105.739998,107.389999,105.309998,104.343128,up
2015-10-14,106.5,106.849998,105.230003,103.501263,down
2015-10-15,106.5,108.0,106.260002,105.615728,up
2015-10-16,108.269997,108.5,107.459999,105.958348,up
2015-10-19,108.25,109.970001,107.940002,107.162424,up
2015-10-20,109.550003,110.529999,109.410004,107.52462,up
2015-10-21,110.669998,111.559998,110.010002,107.76935,up
2015-10-22,110.669998,113.349998,110.389999,110.862742,up
2015-10-23,114.209999,114.209999,111.849998,110.706111,down
2015-10-26,113.07,113.580002,112.120003,111.127047,up
2015-10-27,113.290001,114.269997,113.25,111.371777,up
2015-10-28,113.970001,114.459999,112.860001,111.929762,up
2015-10-29,114.339996,115.400002,114.199997,112.615011,up
2015-10-30,115.0,115.239998,113.669998,111.342411,down
2015-11-02,114.489998,115.309998,114.010002,112.615011,up
2015-11-03,114.970001,116.400002,114.540001,113.104471,up
2015-11-04,116.639999,116.830002,110.809998,110.862742,down
2015-11-05,113.260002,113.93,111.599998,110.618012,down
2015-11-06,114.599998,116.75,114.57,113.231728,up
2015-11-09,115.900002,116.730003,115.18,113.965918,up
2015-11-10,116.169998,117.510002,115.510002,114.944839,up
2015-11-11,117.550003,117.580002,116.43,114.063809,down
2015-11-12,115.599998,116.989998,115.0,113.760346,down
2015-11-13,115.919998,116.419998,114.379997,112.419222,down
2015-11-16,113.470001,116.080002,113.339996,113.476458,up
2015-11-17,116.110001,117.550003,115.510002,113.68203,up
2015-11-18,116.220001,118.279999,116.050003,115.649663,up
2015-11-19,118.139999,119.160004,117.639999,116.207647,up
2015-11-20,119.110001,120.25,118.900002,117.538979,up
2015-11-23,120.300003,120.650002,119.0,116.90268,down
2015-11-24,117.900002,118.57,117.279999,115.463665,down
2015-11-25,118.290001,119.339996,118.150002,116.168489,up
2015-11-27,116.0,116.5,113.699997,112.70311,down
2015-11-30,115.559998,115.580002,113.309998,111.078106,down
2015-12-01,114.150002,115.459999,113.660004,112.957631,up
2015-12-02,115.389999,115.470001,113.830002,111.596932,down
2015-12-03,114.169998,114.650002,111.440002,109.53141,down
2015-12-04,112.739998,114.309998,112.529999,111.831871,up
2015-12-07,114.559998,114.559998,112.650002,111.430518,down
2015-12-08,113.349998,113.449997,112.400002,110.108977,down
2015-12-09,112.389999,113.059998,110.580002,109.120265,down
2015-12-10,111.150002,111.580002,110.169998,109.120264,down
2015-12-11,110.760002,110.760002,107.620003,106.440531,down
2015-12-14,108.68,109.870003,108.279999,107.731135,up
2015-12-15,112.050003,113.349998,111.580002,110.49954,up
2015-12-16,114.690002,114.75,111.800003,112.105406,up
2015-12-17,114.129997,114.480003,111.980003,110.351759,down
2015-12-18,112.010002,112.440002,107.349998,106.125269,down
2015-12-21,108.800003,110.099998,105.330002,105.011993,down
2015-12-22,106.989998,107.199997,105.830002,105.159774,up
2015-12-23,107.209999,107.239998,104.300003,103.997243,down
2015-12-24,105.199997,106.639999,105.059998,104.292804,up
2015-12-28,106.5,108.199997,106.330002,105.662226,up
2015-12-29,107.879997,108.040001,106.449997,105.494744,down
2015-12-30,106.889999,107.209999,106.25,104.765694,down
2015-12-31,106.139999,106.309998,105.059998,103.524353,down
2016-01-04,103.120003,103.43,101.730003,101.455444,down
2016-01-05,102.669998,102.669998,99.889999,99.406235,down
2016-01-06,99.379997,101.459999,99.360001,98.874229,down
2016-01-07,98.959999,101.349998,98.519997,98.02696,down
2016-01-08,100.629997,100.919998,99.0,97.780661,down
2016-01-11,100.209999,100.449997,98.550003,98.44074,up
2016-01-12,100.970001,101.849998,100.339996,99.957942,up
2016-01-13,101.879997,101.879997,98.120003,97.022064,down
2016-01-14,98.650002,99.910004,97.190002,97.642734,up
2016-01-15,95.620003,96.879997,93.459999,92.509866,down
2016-01-19,95.0,95.07,93.029999,92.57883,up
2016-01-20,92.18,93.639999,90.419998,91.17,down
2016-01-21,92.870003,94.860001,92.300003,92.628085,up
2016-01-22,95.949997,97.419998,95.550003,95.465453,up
2016-01-25,96.419998,96.68,95.120003,93.879287,down
2016-01-26,95.489998,96.43,95.089996,94.844775,up
2016-01-27,96.309998,96.629997,93.870003,92.923647,down
2016-01-28,95.199997,95.199997,92.370003,92.145341,down
2016-01-29,94.209999,95.82,93.629997,94.40144,up
2016-02-01,95.080002,95.709999,94.699997,93.741361,down
2016-02-02,94.0,94.169998,92.870003,91.741415,down
2016-02-03,94.099998,95.410004,92.419998,93.731507,up
2016-02-04,94.870003,96.730003,94.599998,94.017214,up
2016-02-05,95.32,95.389999,93.470001,92.509866,down
2016-02-08,92.559998,92.959999,89.510002,90.756219,down
2016-02-09,90.150002,93.199997,89.040001,90.953255,up
2016-02-10,88.0,90.029999,86.25,87.534626,down
2016-02-11,87.0,91.059998,86.959999,88.97301,up
2016-02-12,91.519997,91.589996,89.610001,89.800578,up
2016-02-16,92.470001,93.309998,91.790001,91.534525,up
2016-02-17,93.669998,96.440002,93.559998,94.086178,up
2016-02-18,96.339996,96.449997,94.449997,93.761061,down
2016-02-19,95.230003,95.720001,94.559998,93.603434,down
2016-02-22,95.010002,97.0,95.010002,94.9433,up
2016-02-23,96.5,96.82,95.150002,93.967951,down
2016-02-24,94.650002,95.75,93.230003,94.017214,up
2016-02-25,95.919998,95.949997,94.349998,94.233958,up
2016-02-26,95.709999,96.220001,95.279999,93.898988,down
2016-02-29,95.309998,96.290001,95.230003,94.105878,up
2016-03-01,95.900002,97.660004,95.529999,96.20435,up
2016-03-02,97.669998,97.830002,96.410004,95.563971,down
2016-03-03,97.790001,98.839996,96.889999,97.357027,up
2016-03-04,99.0,99.209999,97.900002,97.022064,down
2016-03-07,98.57,99.709999,98.480003,97.918588,up
2016-03-08,98.93,98.980003,97.599998,96.371831,down
2016-03-09,98.0,98.239998,96.809998,96.214204,down
2016-03-10,97.940002,98.419998,95.870003,95.60338,down
2016-03-11,97.57,98.349998,97.540001,96.490057,up
2016-03-14,97.940002,99.220001,97.839996,97.347173,up
2016-03-15,98.019997,98.330002,97.389999,96.785611,down
2016-03-16,98.160004,99.080002,97.470001,96.982655,up
2016-03-17,98.279999,99.910004,98.279999,98.125478,up
2016-03-18,99.980003,100.150002,98.959999,97.731398,down
2016-03-21,98.919998,99.120003,97.699997,97.002356,down
2016-03-22,97.589996,98.32,97.440002,96.135386,down
2016-03-23,97.720001,97.849998,96.75,95.39649,down
2016-03-24,96.550003,97.489998,96.300003,95.780715,up
2016-03-28,97.5,98.459999,97.449997,96.637831,up
2016-03-29,98.0,98.370003,97.360001,96.706801,up
2016-03-30,98.900002,99.089996,98.349998,97.445698,up
2016-03-31,99.010002,100.370003,99.010002,97.83977,up
2016-04-01,98.800003,99.339996,98.580002,97.603326,down
2016-04-04,99.300003,99.440002,98.580002,97.2191,down
2016-04-05,96.849998,97.610001,96.150002,95.563971,down
2016-04-06,96.959999,97.629997,96.830002,96.036868,up
2016-04-07,97.110001,97.419998,95.919998,94.73641,down
2016-04-08,96.629997,96.839996,95.800003,94.992556,up
2016-04-11,96.93,97.639999,96.199997,94.844775,down
2016-04-12,96.279999,97.529999,96.07,95.908788,up
2016-04-13,98.029999,99.809998,97.959999,98.007259,up
2016-04-14,99.790001,99.870003,98.260002,97.169837,down
2016-04-15,98.5,98.889999,98.18,97.130428,down
2016-04-18,99.599998,101.949997,99.5,99.97765,up
2016-04-19,102.0,103.639999,101.93,101.120473,up
2016-04-20,103.019997,103.480003,101.959999,101.741144,up
2016-04-21,103.360001,104.120003,102.650002,101.38648,down
2016-04-22,103.059998,103.989998,102.93,102.233742,up
2016-04-25,103.5,104.620003,103.349998,103.021901,up
2016-04-26,104.580002,105.57,104.18,103.337163,up
2016-04-27,105.190002,105.599998,104.760002,103.721389,up
2016-04-28,104.540001,105.489998,103.800003,102.489895,down
2016-04-29,103.949997,104.209999,102.400002,101.731297,down
2016-05-02,103.300003,104.57,102.800003,102.815011,up
2016-05-03,103.879997,103.989998,103.190002,102.243596,down
2016-05-04,103.309998,104.480003,103.199997,102.135224,down
2016-05-05,103.980003,105.129997,103.449997,103.376572,up
2016-05-06,104.510002,105.739998,104.389999,103.977542,up
2016-05-09,106.010002,106.68,104.970001,103.780498,down
2016-05-10,105.529999,106.75,105.449997,105.021847,up
2016-05-11,101.459999,102.5,100.620003,100.775656,down
2016-05-12,102.5,102.849998,101.129997,100.204241,down
2016-05-13,101.709999,102.040001,100.360001,99.031856,down
2016-05-16,100.410004,100.669998,99.370003,98.874229,down
2016-05-17,100.790001,101.290001,99.550003,98.460448,down
2016-05-18,99.589996,99.769997,98.360001,97.534362,down
2016-05-19,98.580002,98.610001,97.510002,96.9531,down
2016-05-20,99.0,99.93,98.769997,98.302813,up
2016-05-23,99.599998,100.330002,99.120003,97.711698,down
2016-05-24,99.449997,100.040001,99.379997,98.036814,up
2016-05-25,99.919998,100.800003,99.809998,98.381631,up
2016-05-26,99.889999,100.489998,99.57,98.332368,down
2016-05-27,99.809998,100.529999,99.809998,98.805265,up
2016-05-31,99.849998,99.889999,98.57,97.751106,down
2016-06-01,98.669998,98.989998,97.730003,97.061465,down
2016-06-02,98.07,98.720001,97.870003,97.258509,up
2016-06-03,98.660004,98.919998,97.730003,97.288063,up
2016-06-06,98.959999,99.120003,98.470001,97.317618,up
2016-06-07,99.0,99.040001,98.32,96.893984,down
2016-06-08,98.489998,98.82,97.699997,96.588575,down
2016-06-09,97.82,97.93,97.099998,96.391532,down
2016-06-10,97.150002,97.709999,96.779999,95.898934,down
2016-06-13,96.75,98.980003,96.699997,96.125532,up
2016-06-14,97.199997,98.550003,97.18,96.943246,up
2016-06-15,98.190002,99.0,98.190002,96.815166,down
2016-06-16,97.800003,98.629997,96.860001,96.923538,up
2016-06-17,98.410004,99.139999,98.269997,97.534362,up
2016-06-20,100.080002,100.959999,99.5,98.095923,up
2016-06-21,99.730003,99.790001,98.769997,97.357027,down
2016-06-22,99.080002,99.620003,98.699997,97.327472,down
2016-06-23,99.440002,99.620003,98.610001,97.554063,up
2016-06-24,96.010002,97.279999,95.139999,94.302922,down
2016-06-27,94.910004,95.230003,94.0,92.982756,down
2016-06-28,95.459999,96.279999,95.139999,94.628038,up
2016-06-29,96.910004,97.290001,96.279999,95.54427,up
2016-06-30,97.099998,98.07,96.879997,96.371831,up
2016-07-01,97.75,98.639999,97.709999,96.578721,up
2016-07-05,97.769997,98.0,97.169998,96.214204,down
2016-07-06,97.0,98.519997,96.760002,96.992502,up
2016-07-07,97.629997,98.480003,97.580002,97.657382,up
2016-07-08,99.25,99.849998,98.769997,98.858128,up
2016-07-11,99.800003,100.349998,99.400002,99.215375,up
2016-07-12,100.18,100.790001,100.0,99.433686,up
2016-07-13,100.459999,100.800003,99.849998,99.116134,down
2016-07-14,100.419998,100.800003,99.68,99.205449,up
2016-07-15,100.419998,100.540001,99.540001,99.036751,down
2016-07-18,99.900002,100.709999,99.870003,99.384073,up
2016-07-19,99.809998,99.989998,99.360001,98.709273,down
2016-07-20,98.650002,98.690002,97.139999,97.468833,down
2016-07-21,98.169998,99.129997,97.620003,97.26044,down
2016-07-22,98.389999,98.419998,97.470001,96.962731,down
2016-07-25,97.900002,98.059998,97.25,96.645179,down
2016-07-26,97.019997,97.160004,96.339996,95.950535,down
2016-07-27,96.699997,96.93,95.860001,95.593288,down
2016-07-28,96.400002,96.489998,95.82,95.176502,down
2016-07-29,95.849998,96.379997,95.849998,95.216189,up
2016-08-01,96.150002,96.199997,95.080002,94.809329,down
2016-08-02,95.349998,95.75,94.559998,94.283383,down
2016-08-03,95.059998,96.43,95.0,95.355118,up
2016-08-04,95.529999,95.980003,94.709999,94.432238,down
2016-08-05,95.400002,96.0,95.349998,95.097112,up
2016-08-08,96.110001,96.290001,95.580002,95.017722,down
2016-08-09,95.610001,96.849998,95.300003,95.930684,up
2016-08-10,96.699997,99.269997,95.849998,97.111586,up
2016-08-11,98.199997,98.389999,97.150002,97.02227,down
2016-08-12,97.82,97.82,96.660004,96.099382,down
2016-08-15,97.349998,97.610001,96.919998,96.357396,up
2016-08-16,96.860001,97.25,96.269997,96.139077,down
2016-08-17,96.839996,96.970001,96.519997,96.129159,down
2016-08-18,96.870003,97.120003,96.550003,95.91084,down
2016-08-19,96.400002,96.790001,96.050003,95.652827,down
2016-08-22,96.470001,96.470001,95.650002,95.136807,down
2016-08-23,96.129997,96.43,95.800003,95.236041,up
2016-08-24,96.010002,96.220001,95.510002,95.087186,down
2016-08-25,95.620003,95.82,95.410004,94.819255,down
2016-08-26,95.660004,96.129997,94.75,94.481851,down
2016-08-29,95.07,95.32,94.459999,94.144455,down
2016-08-30,94.769997,95.290001,94.769997,94.134529,down
2016-08-31,94.690002,94.900002,94.160004,93.737587,down
2016-09-01,94.730003,94.870003,93.910004,93.539119,down
2016-09-02,94.75,94.959999,94.129997,93.697892,up
2016-09-06,94.529999,94.529999,93.349998,93.082638,down
2016-09-07,93.980003,94.029999,93.330002,92.993323,down
2016-09-08,93.489998,94.209999,92.93,93.370414,up
2016-09-09,93.510002,93.739998,92.389999,91.713187,down
2016-09-12,91.959999,93.860001,91.949997,92.923858,up
2016-09-13,93.040001,93.300003,92.449997,91.991045,down
2016-09-14,92.589996,92.889999,92.07,91.554415,down
2016-09-15,92.120003,92.75,91.190002,91.792577,up
2016-09-16,92.269997,92.739998,91.800003,91.852116,up
2016-09-19,92.800003,93.32,92.339996,91.92158,up
2016-09-20,92.699997,93.300003,92.68,92.239133,up
2016-09-21,93.0,93.080002,91.699997,91.683418,down
2016-09-22,92.730003,93.709999,92.639999,92.695621,up
2016-09-23,93.07,93.519997,93.0,92.556685,down
2016-09-26,92.470001,92.68,91.400002,91.256706,down
2016-09-27,91.93,92.18,91.5,91.018544,down
2016-09-28,91.75,92.300003,91.480003,91.494869,up
2016-09-29,92.139999,93.099998,91.529999,91.097934,down
2016-09-30,92.279999,93.489998,92.209999,92.149825,up
2016-10-03,92.470001,92.720001,92.050003,91.782652,down
2016-10-04,92.449997,92.989998,92.110001,91.881885,up
2016-10-05,92.940002,93.279999,92.379997,91.742957,down
2016-10-06,92.75,93.580002,92.389999,92.120055,up
2016-10-07,93.059998,93.290001,92.019997,91.782652,down
2016-10-10,92.699997,93.209999,92.400002,91.782652,down
2016-10-11,92.330002,92.379997,91.57,91.157473,down
2016-10-12,91.879997,92.080002,91.389999,90.710917,down
2016-10-13,90.949997,91.360001,90.32,90.423134,down
2016-10-14,91.769997,91.769997,91.290001,90.601758,up
2016-10-17,91.349998,91.470001,90.559998,90.135351,down
2016-10-18,91.400002,91.739998,90.980003,90.472747,up
2016-10-19,91.269997,92.139999,91.0,91.226937,up
2016-10-20,91.660004,92.32,91.440002,91.326171,up
2016-10-21,91.330002,94.190002,90.599998,92.318523,up
2016-10-24,93.489998,94.150002,92.800003,92.655926,up
2016-10-25,93.139999,93.360001,92.639999,92.040665,down
2016-10-26,92.389999,93.720001,91.900002,92.775004,up
2016-10-27,93.800003,94.339996,93.309998,93.300949,up
2016-10-28,93.889999,94.400002,93.529999,93.132251,down
2016-10-31,93.720001,93.82,92.309998,91.981127,down
2016-11-01,92.779999,92.989998,91.660004,91.683418,down
2016-11-02,91.910004,92.559998,91.690002,91.207093,down
2016-11-03,92.260002,94.129997,92.239998,92.655926,up
2016-11-04,93.5,93.790001,92.360001,91.742957,down
2016-11-07,93.769997,94.480003,92.949997,93.707817,up
2016-11-08,94.529999,94.849998,93.900002,93.658197,down
2016-11-09,92.290001,94.919998,92.110001,93.91621,up
2016-11-10,94.889999,96.059998,94.230003,94.233763,up
2016-11-11,97.18,98.32,95.779999,96.932962,up
2016-11-14,97.559998,98.309998,97.449997,97.171124,up
2016-11-15,97.900002,98.139999,97.419998,96.952806,down
2016-11-16,98.330002,99.169998,98.099998,98.361952,up
2016-11-17,99.050003,99.5,98.269997,98.61004,up
2016-11-18,99.050003,99.370003,98.139999,97.488677,down
2016-11-21,98.110001,98.269997,97.0,96.883341,down
2016-11-22,97.400002,97.93,97.269997,96.962731,up
2016-11-23,97.669998,98.279999,97.589996,97.508528,up
2016-11-25,98.709999,99.07,98.5,98.064243,up
2016-11-28,98.519997,99.199997,98.32,98.213097,up
2016-11-29,99.239998,99.68,98.970001,98.907741,up
2016-11-30,99.400002,100.290001,99.0,98.361952,down
2016-12-01,99.129997,99.75,98.620003,98.183328,down
2016-12-02,98.790001,99.080002,98.25,97.74669,down
2016-12-05,98.980003,100.269997,98.68,99.195524,up
2016-12-06,99.949997,100.720001,99.82,99.890175,up
2016-12-07,100.510002,102.07,100.440002,101.209997,up
2016-12-08,101.470001,103.959999,101.470001,103.379997,up
2016-12-09,103.489998,105.519997,103.18,104.860001,up
2016-12-12,104.610001,104.699997,103.730003,104.059998,down
2016-12-13,104.199997,104.309998,103.709999,103.849998,down
2016-12-14,103.620003,104.410004,103.5,104.050003,up
2016-12-15,103.849998,105.639999,103.82,104.389999,up
2016-12-16,104.709999,104.730003,103.75,103.910004,down
2016-12-19,105.699997,106.260002,105.07,105.300003,up
2016-12-20,105.639999,106.199997,105.059998,105.459999,up
2016-12-21,104.610001,105.910004,104.510002,105.559998,up
2016-12-22,104.959999,105.489998,104.699997,105.419998,down
2016-12-23,105.239998,105.339996,104.75,105.150002,down
2016-12-27,104.849998,105.559998,104.779999,105.169998,up
2016-12-28,104.989998,105.32,104.059998,104.300003,down
2016-12-29,104.230003,104.769997,103.870003,104.559998,up
2016-12-30,104.57,105.0,103.959999,104.220001,down
2017-01-03,105.300003,106.900002,105.209999,106.080002,up
2017-01-04,106.639999,107.5,106.25,107.440002,up
2017-01-05,107.169998,107.620003,106.790001,107.379997,down
2017-01-06,108.019997,109.349998,107.75,108.980003,up
2017-01-09,108.580002,108.830002,108.110001,108.360001,down
2017-01-10,107.900002,108.82,107.349998,108.379997,up
2017-01-11,108.540001,109.489998,108.379997,109.440002,up
2017-01-12,108.120003,109.0,107.43,107.529999,down
2017-01-13,107.160004,108.349998,106.900002,108.059998,up
2017-01-17,107.910004,108.93,107.650002,107.970001,down
2017-01-18,106.93,108.400002,106.809998,108.160004,up
2017-01-19,107.919998,108.010002,107.080002,107.279999,down
2017-01-20,107.349998,107.82,107.18,107.660004,up
2017-01-23,107.339996,107.68,106.57,107.120003,down
2017-01-24,107.199997,108.059998,107.080002,107.900002,up
2017-01-25,108.230003,108.419998,108.0,108.040001,up
2017-01-26,108.209999,108.620003,107.980003,108.059998,up
2017-01-27,108.489998,109.400002,108.150002,109.300003,up
2017-01-30,109.860001,111.050003,108.959999,110.940002,up
2017-01-31,110.589996,110.800003,109.980003,110.650002,down
2017-02-01,110.709999,111.989998,110.68,111.300003,up
2017-02-02,111.209999,111.540001,110.550003,110.610001,down
2017-02-03,110.900002,111.150002,110.209999,110.300003,down
2017-02-06,109.919998,110.150002,109.300003,109.57,down
2017-02-07,109.650002,109.730003,108.769997,109.0,down
2017-02-08,109.559998,111.419998,108.980003,109.0,down
2017-02-09,109.0,109.849998,109.0,109.489998,up
2017-02-10,109.349998,109.800003,108.580002,109.260002,down
2017-02-13,108.949997,109.900002,108.900002,109.650002,up
2017-02-14,109.800003,110.330002,109.529999,110.330002,up
2017-02-15,109.910004,110.68,109.800003,110.18,down
2017-02-16,110.339996,110.870003,110.089996,110.709999,up
2017-02-17,110.239998,110.5,109.519997,110.059998,down
2017-02-21,109.940002,110.209999,109.800003,110.010002,down
2017-02-22,109.690002,110.279999,109.529999,110.120003,up
2017-02-23,110.300003,110.489998,109.589996,109.730003,down
2017-02-24,109.620003,110.32,109.099998,110.32,up
2017-02-27,109.93,110.470001,109.830002,110.230003,down
2017-02-28,110.0,110.400002,109.830002,110.089996,down
2017-03-01,110.660004,111.800003,110.660004,111.040001,up
2017-03-02,111.0,111.209999,110.449997,110.589996,down
2017-03-03,110.589996,111.5,110.040001,111.239998,up
2017-03-06,110.769997,110.980003,110.089996,110.669998,down
2017-03-07,110.699997,110.93,110.160004,110.860001,up
2017-03-08,110.870003,111.32,110.660004,110.839996,down
2017-03-09,110.900002,111.32,110.690002,111.029999,up
2017-03-10,111.400002,111.5,110.690002,110.919998,down
2017-03-13,110.919998,111.68,110.82,111.519997,up
2017-03-14,111.730003,112.889999,111.720001,112.309998,up
2017-03-15,112.43,112.449997,111.150002,111.870003,down
2017-03-16,112.18,112.32,111.400002,111.709999,down
2017-03-17,111.870003,112.089996,111.18,111.760002,up
2017-03-20,112.07,113.160004,112.050003,112.709999,up
2017-03-21,112.970001,113.099998,111.540001,111.75,down
2017-03-22,111.849998,112.18,111.349998,112.080002,up
2017-03-23,111.709999,112.980003,111.660004,112.239998,up
2017-03-24,112.400002,112.580002,111.68,112.139999,down
2017-03-27,111.809998,112.550003,111.449997,112.379997,up
2017-03-28,112.599998,113.239998,112.019997,113.050003,up
2017-03-29,112.660004,112.940002,112.309998,112.529999,down
2017-03-30,112.529999,113.300003,112.279999,113.18,up
2017-03-31,113.0,113.709999,112.949997,113.389999,up
2017-04-03,113.18,113.650002,112.43,113.199997,down
2017-04-04,113.150002,113.550003,112.830002,113.040001,down
2017-04-05,113.580002,113.839996,112.790001,113.0,down
2017-04-06,112.849998,113.419998,112.389999,113.050003,up
2017-04-07,112.82,113.279999,112.529999,112.580002,down
2017-04-10,112.800003,112.889999,112.040001,112.43,down
2017-04-11,113.68,113.830002,112.589996,113.07,up
2017-04-12,113.029999,113.279999,112.760002,113.040001,down
2017-04-13,113.040001,114.25,112.989998,113.199997,up
