2012-07-05,42.689999,43.509999,41.519999,1080.749976,up
2011-04-12,37.189999,38.499999,36.749999,897.847544,down
2015-04-08,15.67,16.67,15.33,810.499982,down
2014-05-28,29.139999,30.589999,28.729999,1502.499966,up
2014-05-20,25.909999,25.989999,25.099999,1278.499971,down
2011-11-21,35.579999,37.019999,35.479999,844.336588,down
2015-05-01,13.61,13.68,12.92,646.999986,down
2012-03-19,41.159999,42.359999,40.039999,1056.249976,up
2015-02-20,14.45,14.95,13.89,744.499983,down
2014-02-10,27.019999,27.019999,25.129999,1269.999972,up
2012-09-12,30.169999,32.809999,29.989999,760.999983,down
2015-07-22,34.889999,35.919999,31.699999,1648.999963,up
2014-10-09,24.679999,28.619999,24.619999,1342.49997,down
2013-02-25,51.059999,51.799999,48.859999,1272.749972,down
2013-12-13,45.469999,46.999999,44.149999,2322.499948,up
2011-12-28,42.309999,46.609999,42.119999,1159.999974,down
2011-05-17,47.279999,48.039999,45.499999,1082.2946,down
2015-11-04,15.66,17.09,15.11,849.999981,down
2012-08-01,51.809999,57.169999,50.159999,1322.74997,up
2016-07-05,6.4,6.82,6.2,31.4,down
2016-09-19,35.549999,37.139999,35.400002,36.75,up
2012-09-17,23.639999,24.839999,23.439999,592.499987,up
2011-10-05,43.569999,44.159999,39.449999,939.046244,up
2013-06-24,130.619997,142.809997,129.539997,3481.999922,up
2015-09-23,26.619999,29.179999,26.279999,1446.499968,down
2017-02-15,27.299999,27.6,26.120001,26.24,down
2012-11-28,33.089999,33.589999,30.349999,759.499983,up
2015-03-04,14.78,15.75,14.77,780.999983,up
2015-07-10,20.45,21.72,20.37,1059.999976,up
2010-12-17,42.619999,43.769999,42.429999,1015.050744,down
2012-01-26,31.139999,32.069999,29.829999,789.499982,down
2016-05-25,17.660001,18.67,15.760001,80.800004,down
2013-03-28,51.549999,52.479999,50.999999,1279.749971,up
2016-11-11,45.73,56.849998,45.580002,56.27,down
2014-11-03,44.519999,46.149999,40.189999,2046.499954,up
2016-06-30,8.07,8.33,7.8,39.150002,down
2011-12-02,29.569999,33.339999,29.409999,785.853375,up
2015-05-22,13.29,13.57,13.08,674.999985,down
2014-02-27,20.28,20.85,19.54,1034.499977,up
2015-01-21,11.09,12.73,11.07,604.499986,down
2017-03-28,29.049999,31.860001,28.58,30.950001,down
2011-10-18,37.919999,39.759999,36.029999,861.857874,up
2015-01-29,13.67,14.25,13.13,668.999985,down
2012-01-25,41.299999,41.939999,32.149999,817.749982,up
2013-06-19,94.819998,105.429998,92.199998,2608.499942,up
2013-05-23,93.569998,99.279998,93.069998,2437.499946,down
2011-08-22,33.289999,33.549999,31.189999,748.206286,down
2012-05-25,50.659999,51.699999,49.239999,1247.749972,up
2015-09-09,30.009999,31.559999,28.969999,1558.999965,up
2017-03-22,28.93,29.98,28.35,29.43,down
2015-08-18,25.049999,26.079999,24.139999,1237.499972,up
2016-03-17,2.97,3.24,2.79,158.999996,down
2011-09-26,39.149999,40.199999,36.769999,876.537871,up
2012-09-21,22.28,23.229999,22.04,565.249987,down
2015-12-14,16.07,18.38,15.92,918.499979,up
2015-05-19,12.4,13.22,12.39,658.999985,down
2014-09-19,22.609999,24.439999,22.579999,1199.499973,up
2013-06-27,158.869996,162.199996,148.199997,3845.749914,up
2012-02-15,33.519999,35.289999,33.519999,879.99998,down
2010-12-23,43.229999,43.529999,42.029999,1008.421068,up
2011-12-14,40.949999,43.939999,40.449999,1050.249977,up
2014-08-14,14.21,14.85,13.94,730.499984,down
2012-02-14,33.839999,35.929999,33.399999,870.249981,up
2016-04-29,1.53,1.54,1.31,65.999999,down
2016-03-31,3.0,3.24,2.96,161.499996,up
2012-06-19,39.569999,40.909999,39.309999,995.999978,up
2015-01-26,14.07,14.5,12.6,631.999986,down
2016-12-22,67.639999,67.989998,63.619999,67.029999,down
2015-05-08,13.5,14.15,13.27,671.999985,up
2016-09-23,29.74,32.740002,29.459999,31.84,down
2013-04-15,91.979998,101.039998,91.939998,2518.249944,up
2013-06-04,75.699998,78.859998,74.889998,1907.249957,down
2013-04-16,88.789998,104.959998,87.879998,2570.749943,up
2011-03-17,46.609999,47.609999,46.269999,1106.682336,down
2016-09-20,36.720001,37.740002,35.919998,36.900002,down
2016-11-04,34.639999,37.139999,34.419998,35.610001,down
2012-09-06,33.769999,34.359999,32.299999,810.499982,up
2015-11-30,19.75,19.89,18.65,942.499979,up
2016-09-01,42.779999,43.700001,37.240002,37.439999,down
2013-01-14,32.249999,33.289999,32.099999,830.749981,up
2011-09-20,31.019999,31.349999,28.289999,687.355332,down
2015-02-17,14.45,14.91,14.11,737.999984,up
2012-05-03,53.169999,58.699999,53.009999,1425.249968,up
2012-09-27,24.639999,25.309999,23.329999,585.499987,down
2015-01-22,11.63,12.44,11.4,611.999986,up
2016-10-18,42.98,44.41,40.240002,40.779999,down
2014-06-20,17.94,18.47,17.61,900.99998,up
2014-07-10,14.48,16.18,14.21,799.999982,down
2013-04-02,54.929999,59.849999,54.829999,1491.499967,up
2016-03-22,3.0,3.25,2.95,156.499997,down
2016-06-10,9.45,10.32,9.05,50.400002,down
2012-01-12,34.809999,35.659999,33.499999,870.999981,up
2012-04-23,52.619999,56.529999,52.619999,1340.49997,up
2013-06-03,76.519998,77.749998,70.409998,1805.99996,up
2011-05-11,43.279999,46.429999,42.829999,1082.2946,down
2013-01-18,33.139999,33.899999,33.129999,837.249981,down
2013-12-11,41.399999,45.889999,41.309999,2282.999949,up
2017-01-11,37.82,40.23,35.599998,36.900002,down
2015-02-19,13.73,14.95,13.62,735.499984,up
2013-08-15,59.059999,59.269999,45.839999,1148.749974,up
2011-02-14,46.879999,46.949999,46.089999,1099.342338,down
2012-10-04,23.909999,24.109999,22.819999,571.749987,down
2015-02-11,13.32,14.32,13.25,708.999984,up
2012-03-13,36.609999,37.499999,35.309999,922.249979,up
2014-10-23,30.299999,31.239999,28.339999,1449.999968,up
2012-04-02,42.079999,42.229999,38.859999,996.249978,down
2013-07-29,70.939998,74.239998,70.439998,1839.249959,up
2014-08-20,15.27,15.55,14.85,767.999983,down
2014-07-16,17.14,17.14,16.14,824.499982,up
2013-06-07,77.849998,83.239998,77.019998,2028.749955,up
2013-08-02,83.279998,89.099998,79.499998,2218.74995,up
2013-08-01,75.069998,83.349998,74.719998,2083.749953,down
2013-04-24,99.289998,99.639998,82.149998,2136.749952,up
2016-08-04,4.91,4.93,4.76,24.450001,down
2013-08-21,23.699999,25.919999,23.429999,1289.999971,up
2010-12-29,40.569999,40.919999,40.199999,960.592691,down
2016-08-05,5.29,5.42,5.22,26.65,down
2013-02-21,54.889999,55.369999,49.949999,1318.999971,up
2014-06-25,18.7,18.72,17.6,901.99998,down
2012-01-24,39.119999,40.869999,39.079999,1014.499977,up
2016-09-08,29.59,31.57,28.790001,30.98,down
2015-08-24,22.479999,27.059999,20.6,1331.49997,up
2014-01-10,40.049999,40.639999,37.829999,1904.499957,up
2011-03-10,44.029999,45.369999,43.779999,1066.430732,down
2012-10-22,26.049999,26.129999,24.769999,619.249986,down
2012-09-13,30.899999,31.829999,25.909999,647.999986,up
2016-10-24,37.360001,42.25,37.200001,40.740002,down
2014-07-09,16.25,16.32,15.12,762.999983,up
2013-02-28,52.409999,55.849999,52.409999,1383.749969,up
2015-03-03,14.01,15.09,13.55,743.499983,down
2016-03-01,4.17,4.75,4.12,235.999995,down
2016-06-24,7.58,9.25,7.55,43.849999,down
2013-07-24,68.639998,80.679998,67.999998,1919.999957,up
2016-05-03,1.36,1.53,1.36,74.499998,down
2014-08-27,16.1,16.33,15.85,810.999982,up
2014-03-19,19.59,21.3,19.35,1061.499976,up
2012-07-25,56.499999,58.119999,51.609999,1362.74997,up
2014-09-12,20.22,20.82,19.84,1028.499977,down
2012-01-06,36.159999,37.999999,35.839999,942.499979,down
2014-12-12,25.329999,26.859999,24.599999,1331.49997,up
2014-08-15,15.4,15.49,14.78,753.499983,down
2015-12-03,17.49,18.23,16.84,867.499981,up
2012-02-23,28.759999,29.179999,27.799999,716.499984,down
2015-07-30,35.239999,36.969999,34.019999,1818.499959,up
2015-09-01,24.939999,28.069999,24.229999,1390.499969,down
2013-02-07,40.099999,40.459999,37.899999,968.999978,down
2016-08-12,4.57,4.98,4.56,24.5,down
2012-02-28,29.439999,29.899999,28.049999,705.249984,up
2015-03-05,15.26,15.92,14.87,775.499983,up
2014-11-21,23.649999,26.249999,23.419999,1251.499972,up
2012-04-16,46.519999,49.399999,45.499999,1214.999973,down
2013-10-18,34.709999,35.679999,33.649999,1762.999961,up
2012-05-21,64.039999,64.119999,57.249999,1440.249968,down
2012-08-14,46.269999,46.899999,44.809999,1164.999974,down
2015-08-26,30.829999,33.999999,30.629999,1665.999963,up
2015-04-09,16.72,17.0,16.27,829.499981,down
2012-09-18,23.979999,24.519999,23.299999,582.499987,down
2013-10-07,36.529999,36.929999,35.549999,1790.99996,up
2016-04-20,1.9,2.03,1.76,99.499998,down
2016-11-10,38.290001,46.060001,38.220001,44.860001,down
2011-03-08,40.899999,42.399999,40.839999,978.8243,up
2016-02-19,4.88,5.1,4.66,249.999994,down
2013-09-16,34.259999,35.929999,33.239999,1788.49996,up
2013-07-09,134.869997,139.999997,128.239997,3412.499924,up
2011-11-28,34.809999,35.819999,34.349999,836.049493,down
2013-04-01,51.249999,53.859999,51.159999,1323.24997,up
2016-06-23,10.68,10.82,10.16,53.250001,down
2014-06-02,29.079999,29.659999,28.199999,1457.999967,up
2015-01-12,16.1,16.33,14.04,736.999984,down
2011-11-25,36.949999,37.229999,35.879999,881.510128,up
2011-03-02,39.089999,40.089999,39.089999,934.78431,up
2012-06-14,41.379999,43.779999,41.219999,1044.499977,up
2015-10-21,13.2,14.07,13.03,687.499985,down
2017-01-17,32.66,34.09,32.259998,33.16,down
2017-02-27,28.950001,33.799999,27.200001,33.380001,up
2011-05-13,46.189999,48.479999,45.199999,1114.732657,up
2015-01-14,15.31,18.16,15.18,856.499981,down
2011-07-13,39.429999,39.499999,36.969999,897.61077,up
2015-03-27,17.22,18.0,16.63,872.49998,down
2017-01-26,34.66,35.259998,33.82,34.82,down
2015-08-19,24.239999,24.289999,22.3,1135.499975,up
2011-12-05,33.299999,34.519999,31.149999,804.084984,down
2011-07-06,43.009999,43.279999,42.099999,1007.710745,up
2013-07-10,134.279997,141.789997,129.159997,3399.999924,up
2017-02-24,26.82,29.07,26.780001,28.76,down
2011-01-06,44.689999,47.309999,44.689999,1113.785561,up
2011-10-03,38.139999,40.799999,37.439999,965.0914,down
2012-05-07,56.439999,60.109999,55.199999,1448.999968,up
2011-06-27,49.619999,50.319999,48.449999,1160.66684,down
2014-11-19,24.349999,28.229999,24.229999,1394.999969,up
2012-06-18,43.439999,43.939999,39.199999,990.999978,down
2013-09-30,34.599999,34.949999,32.759999,1702.999962,up
2016-05-27,16.730001,17.930001,16.27,88.400003,down
2015-06-15,16.37,16.6,15.54,807.999982,up
2014-02-24,18.7,19.12,18.56,951.999979,up
2014-12-18,26.419999,27.879999,24.309999,1237.999972,up
2015-05-18,11.73,12.1,11.62,596.499987,down
2011-05-18,45.049999,45.559999,44.169999,1067.851377,up
2015-03-20,17.37,17.56,15.88,812.499982,down
2012-05-16,76.679998,78.659998,69.249998,1900.999958,up
2017-02-09,24.469999,26.540001,24.34,26.25,down
2012-03-01,30.769999,31.329999,29.359999,757.499983,up
2017-03-03,38.279999,39.150002,34.619999,35.990002,down
2015-11-18,22.509999,23.579999,20.18,1032.499977,up
2015-04-16,13.84,14.67,13.5,724.999984,down
2013-10-23,29.319999,31.679999,28.699999,1569.499965,up
2011-08-24,34.499999,36.699999,34.109999,839.364331,down
2016-04-04,3.21,3.45,3.2,170.999996,down
2015-10-29,14.17,15.69,13.78,768.999983,up
2011-04-27,38.329999,39.699999,36.849999,876.537871,up
2015-03-24,15.09,15.72,15.02,770.499983,down
2011-04-15,37.289999,37.909999,36.959999,887.429481,up
2016-04-07,2.92,2.95,2.8,141.999997,down
2015-07-17,24.169999,27.029999,24.099999,1336.99997,up
2015-04-29,12.54,12.77,11.85,609.499986,down
2011-09-14,30.679999,31.639999,30.459999,747.25919,up
2015-05-12,13.14,13.25,12.72,642.499986,down
2012-09-25,23.809999,25.979999,23.449999,649.249985,up
2012-07-12,58.539999,61.319999,54.959999,1410.499968,up
2015-06-18,14.67,15.05,14.6,740.999983,down
2015-01-07,18.55,19.06,16.9,917.999979,up
2016-11-21,51.400002,52.580002,48.970001,51.0,down
2016-09-09,32.380001,36.490002,32.310001,36.09,down
2012-05-08,61.519999,65.599999,61.199999,1594.999964,up
2014-12-02,25.489999,26.099999,23.529999,1248.499972,down
2011-02-04,45.769999,47.329999,45.629999,1113.785561,down
2011-03-31,39.489999,39.809999,39.069999,940.230115,down
2015-12-01,18.49,19.11,17.02,858.499981,down
2014-03-04,20.68,20.95,19.96,1016.999977,up
2015-07-13,22.09,22.599999,21.07,1055.499976,up
2014-01-14,35.559999,37.439999,34.119999,1853.499959,up
2012-03-27,39.209999,41.399999,38.929999,1029.499977,down
2011-02-10,47.449999,48.399999,46.769999,1118.047495,up
2016-07-12,5.77,6.26,5.67,31.15,down
2011-04-13,37.189999,38.559999,37.049999,904.003671,up
2012-08-07,46.709999,47.359999,45.899999,1147.749974,up
2012-07-31,48.009999,51.039999,47.249999,1270.249972,up
2011-04-01,39.979999,40.589999,39.549999,950.411403,down
2013-02-20,50.889999,55.789999,50.369999,1386.749969,up
2013-11-29,42.789999,43.299999,41.049999,2092.999953,up
2016-02-09,6.37,7.47,6.28,371.999992,down
2011-10-17,35.219999,36.949999,35.109999,870.381743,up
2014-09-03,16.47,16.75,16.29,835.499981,down
2015-12-07,15.2,16.81,15.06,818.499982,down
2014-10-02,27.449999,28.829999,26.999999,1364.999969,up
2015-10-05,19.66,19.73,17.28,870.999981,down
2015-12-28,15.5,16.6,15.5,806.999982,down
2016-02-04,9.38,9.41,8.22,432.99999,down
2011-02-22,40.649999,43.159999,40.479999,1019.786226,up
2014-12-22,25.519999,29.849999,25.099999,1468.499967,up
2012-11-21,31.729999,32.379999,30.109999,757.249983,down
2013-05-09,84.259998,84.739998,75.339998,2091.999953,up
2013-08-22,24.629999,25.519999,23.319999,1235.499972,down
2016-03-18,3.24,3.25,2.98,156.999996,down
2016-05-11,1.37,1.49,1.29,66.999999,down
2012-04-12,49.699999,49.699999,43.859999,1110.249975,up
2016-10-27,39.439999,43.630001,39.23,42.400002,down
2013-10-14,41.719999,43.619999,41.299999,2135.999952,up
2016-05-02,1.28,1.43,1.27,68.999998,down
2016-01-15,16.05,18.2,16.0,903.49998,up
2012-07-24,58.499999,61.439999,58.179999,1502.999966,up
2014-05-12,23.639999,24.189999,23.379999,1195.999973,down
2015-08-28,27.729999,27.939999,24.069999,1253.999972,up
2017-04-03,30.85,31.08,29.32,29.51,down
2013-02-06,39.869999,39.889999,38.779999,975.749978,up
2014-04-21,25.559999,27.249999,25.009999,1287.999971,up
2016-02-23,4.65,4.82,4.5,230.499995,down
2011-10-31,32.259999,33.279999,32.249999,787.984342,up
2014-11-26,23.169999,24.089999,23.169999,1188.999973,up
2011-09-29,39.129999,41.309999,38.679999,949.937855,down
2013-03-18,51.989999,53.749999,50.679999,1334.74997,up
2014-07-23,15.9,16.04,15.35,797.999982,down
2014-06-23,17.97,18.3,17.1,857.499981,up
2014-05-29,30.629999,30.629999,28.509999,1471.999967,up
2012-09-28,23.749999,24.309999,23.159999,592.749987,down
2013-09-18,34.699999,35.369999,23.099999,1224.999973,up
2016-02-10,7.52,8.29,6.95,348.999992,down
2014-12-31,25.189999,25.979999,23.899999,1232.999972,up
2012-10-18,24.819999,26.209999,24.589999,655.249985,down
2016-07-11,5.82,5.86,5.53,27.950001,down
2012-11-29,29.929999,31.019999,29.289999,752.749983,up
2011-06-23,47.629999,48.819999,46.499999,1101.710079,up
2014-10-21,25.759999,27.279999,25.209999,1348.99997,up
2012-05-29,48.199999,54.079999,48.089999,1313.249971,down
2016-05-13,1.41,1.44,1.34,68.499998,down
2014-04-14,22.619999,23.199999,21.89,1138.999975,up
2013-10-17,36.799999,36.999999,32.349999,1732.499961,up
2017-03-21,30.32,30.41,28.52,29.540001,down
2014-03-21,20.23,21.66,20.03,1054.499976,up
2014-12-01,27.029999,27.629999,22.699999,1164.999974,up
2011-08-30,32.309999,32.909999,31.689999,757.440478,down
2015-07-21,33.209999,33.569999,29.559999,1637.999963,up
2012-03-22,44.429999,45.229999,43.509999,1108.499975,down
2013-02-11,40.699999,42.269999,40.699999,1046.499977,down
2016-03-24,3.72,3.82,3.51,179.499996,down
2013-07-18,99.979998,105.599998,98.599998,2604.749942,up
2014-04-23,24.739999,24.899999,22.689999,1162.999974,down
2014-06-11,25.999999,26.179999,25.019999,1250.999972,up
2016-12-13,54.5,55.48,51.57,52.049999,down
2016-04-12,2.1,2.2,2.01,102.999998,up
2015-06-26,17.1,17.37,16.82,861.499981,up
2014-08-12,14.71,14.77,13.95,708.999984,down
2014-02-20,21.42,21.59,19.02,966.999978,up
2012-09-20,23.369999,24.019999,23.099999,578.499987,down
2016-07-29,5.39,5.54,5.11,26.05,down
2012-08-13,43.589999,46.249999,42.659999,1143.749974,up
2014-03-07,19.73,20.32,19.63,999.999978,down
2013-12-06,48.039999,50.749999,47.189999,2519.499944,up
2016-06-13,9.36,10.5,9.28,50.700002,down
2012-11-05,27.659999,28.679999,27.299999,715.499984,up
2011-02-23,42.439999,42.759999,40.789999,981.902364,up
2015-01-20,11.97,12.09,11.21,571.499987,down
2014-05-13,24.019999,24.489999,23.439999,1221.999973,up
2012-02-27,29.879999,30.779999,29.369999,755.249983,down
2016-10-21,38.0,39.349998,37.68,38.189999,down
2016-05-24,15.87,17.45,15.52,87.000001,up
2015-09-28,25.689999,27.379999,25.169999,1345.49997,up
2015-08-21,18.75,22.07,18.67,1073.499976,down
2011-11-09,29.789999,30.839999,28.679999,729.264355,down
2017-01-05,41.689999,41.689999,33.5,34.310001,down
2012-05-11,61.769999,62.829999,58.849999,1567.749965,up
2016-08-22,5.68,5.8,5.63,28.5,down
2017-04-13,24.440001,25.139999,23.66,24.719999,down
2016-06-16,8.81,10.55,8.8,52.250001,up
2016-03-02,4.61,4.71,4.26,217.999995,up
2016-01-05,14.96,15.65,14.95,766.499983,up
2011-06-17,50.749999,51.099999,48.999999,1193.104898,up
2014-07-11,15.91,15.99,14.78,742.499983,down
2014-09-04,16.5,18.59,16.36,922.499979,up
2011-12-15,40.699999,44.089999,40.359999,1094.999976,up
2012-04-19,47.689999,49.199999,46.689999,1217.499973,up
2011-04-25,35.739999,37.959999,35.739999,894.059157,down
2011-10-13,36.629999,38.129999,36.599999,884.114643,down
2013-11-13,34.419999,35.359999,33.859999,1740.999961,up
2013-05-06,87.089998,88.949998,86.509998,2192.249951,up
2014-05-15,24.329999,25.099999,23.899999,1240.499972,down
2011-04-14,37.939999,38.269999,36.859999,881.983676,down
2015-02-06,12.8,13.45,12.45,672.499985,down
2013-05-07,92.699998,96.919998,91.559998,2374.999947,up
2013-06-05,75.449998,78.199998,71.749998,1876.499958,down
2015-04-06,14.97,15.39,14.55,740.499983,down
2015-09-02,27.509999,30.149999,26.629999,1412.499968,up
2015-04-20,14.85,15.08,14.22,712.499984,down
2015-08-07,36.789999,37.149999,32.939999,1824.499959,up
2013-04-03,60.299999,68.819998,57.779999,1691.999962,down
2013-11-20,36.519999,39.909999,35.539999,1952.499956,up
2013-05-13,88.119998,90.849998,86.899998,2263.499949,up
2013-07-02,117.299997,133.249997,114.999997,3207.749928,up
2011-07-11,42.129999,43.799999,41.569999,1025.468806,down
2014-09-02,16.05,16.72,16.01,833.999981,down
2015-10-19,12.96,14.59,12.69,716.999984,down
2015-02-05,12.25,12.46,11.52,575.999987,down
2011-12-29,48.059999,48.879999,43.649999,1091.749976,up
2012-12-18,32.399999,34.809999,32.299999,849.999981,down
2013-03-15,54.249999,54.979999,52.979999,1348.99997,up
2016-11-02,33.040001,37.790001,32.0,36.830002,down
2011-01-10,46.839999,47.769999,46.579999,1106.91911,up
2011-01-04,42.179999,44.979999,42.039999,1032.808804,down
2013-07-08,129.359997,141.899997,128.049997,3541.749921,up
2016-06-27,8.57,9.09,8.14,42.349999,down
2012-07-16,53.619999,55.479999,53.419999,1360.24997,up
2016-11-14,59.740002,62.709999,49.869999,54.48,down
2015-01-30,13.26,13.91,12.03,605.499986,up
2015-09-14,31.829999,32.869999,29.899999,1585.499965,up
2015-10-26,12.2,13.22,12.2,657.999985,down
2016-09-13,34.459999,38.310001,34.200001,37.16,down
2015-02-18,14.67,15.17,13.51,689.999985,up
2016-01-04,15.0,15.93,14.61,757.499983,up
2013-07-15,112.699997,115.949997,109.999998,2835.499937,up
2013-04-25,79.429998,83.229998,75.559998,2022.249955,down
2013-11-06,31.559999,31.899999,30.919999,1570.999965,down
2011-09-13,31.289999,31.809999,30.049999,718.609519,down
2014-01-28,32.109999,33.039999,30.049999,1536.999966,up
2015-05-06,12.82,14.08,12.76,699.999984,down
2014-09-24,24.769999,25.379999,24.099999,1265.999972,up
2015-07-29,35.039999,36.269999,32.199999,1655.499963,up
2012-02-06,30.899999,31.119999,29.699999,763.499983,down
2014-06-26,18.4,18.75,17.6,881.49998,up
2013-04-26,81.069998,92.279998,80.019998,2250.24995,up
2014-08-07,15.62,15.95,15.07,766.999983,down
2011-06-24,46.699999,49.139999,46.699999,1158.299099,up
2012-01-05,37.899999,38.939999,35.829999,919.499979,down
2016-11-28,54.5,56.5,50.169998,50.490002,down
2011-04-05,40.039999,40.219999,36.169999,857.359166,up
2014-09-09,19.92,20.34,18.85,949.999979,up
2011-07-14,36.969999,38.609999,36.879999,908.975928,down
2011-03-24,39.949999,40.209999,38.189999,945.202372,up
2011-06-03,43.459999,43.819999,42.399999,1020.496549,up
2014-09-29,25.549999,26.879999,25.339999,1343.99997,up
2011-09-30,40.779999,41.039999,37.699999,940.466889,down
2016-12-09,51.07,55.93,50.540001,54.84,down
2015-01-09,18.22,18.22,16.51,825.499982,up
2015-03-12,19.58,21.08,19.3,1025.499977,up
2015-11-09,21.37,22.12,19.67,983.999978,down
2016-10-06,49.48,50.82,47.240002,49.009998,down
2014-09-23,24.369999,25.279999,23.829999,1217.999973,up
2012-08-28,37.339999,38.029999,36.629999,944.749979,down
2015-04-02,16.42,17.25,15.79,831.499981,down
2012-11-19,31.359999,32.109999,30.719999,771.749983,down
2017-03-10,40.389999,41.130001,37.060001,37.950001,down
2014-03-20,21.83,21.98,20.41,1058.999976,up
2014-01-16,34.849999,35.689999,34.339999,1732.499961,up
2011-07-12,43.399999,43.399999,40.049999,962.486884,down
2015-03-11,21.88,23.389999,19.78,998.499978,up
2017-01-30,32.860001,33.830002,31.700001,33.5,down
2016-06-03,13.680001,13.69,10.93,55.099999,up
2014-03-17,17.05,18.35,16.88,913.99998,up
2016-06-14,9.97,11.06,9.97,54.05,down
2011-01-18,48.719999,48.949999,47.859999,1144.566199,up
2011-05-06,42.909999,44.369999,41.739999,1041.332673,down
2012-02-03,29.709999,30.919999,29.469999,753.999983,down
2016-01-20,18.97,20.44,18.6,930.999979,up
2012-07-06,45.279999,47.529999,44.399999,1173.499974,up
2014-08-13,14.12,14.41,13.89,709.999984,down
2011-09-16,31.849999,31.849999,30.429999,727.84371,up
2013-06-11,86.679998,89.229998,83.999998,2218.74995,up
2012-06-05,41.839999,42.559999,40.629999,1019.499977,down
2011-08-31,31.999999,33.029999,31.499999,760.755316,down
2015-02-04,12.25,12.7,11.66,596.999987,down
2016-10-28,42.75,44.040001,39.43,41.830002,down
2014-08-19,14.94,15.41,14.77,764.499983,up
2012-08-02,54.129999,55.949999,50.669999,1349.99997,up
2013-07-31,75.409998,80.999998,70.259998,1899.749958,up
2014-03-06,19.0,19.3,18.62,939.999979,down
2013-08-12,65.309999,65.309999,60.129999,1544.249965,up
2013-03-01,54.619999,56.819999,53.439999,1414.999968,down
2011-05-19,45.049999,45.599999,44.349999,1058.143637,down
2016-06-29,8.49,8.54,7.91,41.650002,down
2012-05-22,57.999999,60.999999,54.789999,1487.999967,up
2017-03-13,37.150002,37.950001,36.009998,36.580002,down
2014-01-13,37.789999,38.759999,34.549999,1727.499961,up
2016-09-30,31.02,34.18,30.84,33.669998,down
2016-01-06,14.63,14.88,14.26,727.499984,up
2016-06-17,9.9,10.78,9.81,50.349999,down
2013-08-06,94.669998,105.089998,94.499998,2617.749941,up
2011-02-07,46.279999,47.199999,46.069999,1115.679754,down
2015-02-02,12.82,12.87,11.47,591.499987,down
2011-03-04,40.429999,40.429999,39.539999,948.753984,up
2014-02-05,28.749999,30.989999,28.629999,1541.999966,up
2015-02-26,13.53,13.97,13.45,691.499985,down
2012-11-26,29.229999,30.569999,28.959999,725.249984,up
2014-11-06,47.499999,48.129999,40.529999,2238.49995,up
2015-05-11,13.51,13.82,13.08,666.499985,down
2015-03-26,15.29,17.36,14.85,841.499981,up
2013-01-07,34.119999,35.169999,33.859999,875.99998,up
2011-11-23,35.349999,36.709999,35.109999,858.77981,down
2011-09-15,32.019999,33.279999,31.779999,754.599188,down
2014-07-21,15.02,15.97,15.02,764.999983,up
2014-11-12,33.599999,37.139999,32.089999,1730.499961,up
2012-03-07,35.959999,37.279999,35.379999,895.74998,down
2013-07-17,94.719998,103.499998,91.079998,2577.499942,up
2015-05-28,14.56,14.92,13.85,699.999984,down
2015-10-06,16.08,17.08,15.25,776.999983,up
2016-04-28,1.82,1.84,1.6,81.499998,down
2013-05-02,86.149998,90.419998,84.999998,2214.74995,up
2014-01-15,38.069999,38.399999,35.649999,1792.49996,down
2012-01-11,35.459999,36.919999,35.389999,892.24998,down
2010-12-30,40.449999,41.419999,40.209999,975.272688,up
2011-02-02,48.249999,49.929999,48.119999,1165.639097,up
2012-07-13,54.819999,56.219999,53.159999,1349.24997,up
2016-12-28,60.32,61.139999,55.25,56.0,down
2011-08-17,35.449999,35.449999,34.019999,827.525624,up
2013-12-02,44.479999,49.439999,44.049999,2460.999945,up
2011-03-09,41.009999,42.479999,40.799999,996.582361,down
2015-08-12,26.179999,26.379999,22.05,1118.999975,up
2013-08-28,24.109999,27.499999,22.799999,1347.99997,up
2012-09-04,34.709999,36.259999,34.569999,882.49998,down
2013-01-10,34.089999,34.139999,32.419999,820.749982,down
2013-09-03,25.999999,27.099999,25.199999,1332.49997,up
2012-10-09,23.899999,25.749999,23.569999,643.749986,down
2011-12-21,39.559999,41.199999,39.099999,1004.749978,up
2013-03-06,61.969999,63.729999,54.039999,1354.99997,up
2017-02-17,25.16,26.76,25.01,26.57,down
2015-03-10,20.98,22.599999,19.94,1100.999975,up
2013-06-10,81.619998,84.289998,78.099998,2032.249955,up
2015-01-06,20.14,20.39,16.73,873.49998,down
2012-03-21,40.619999,41.999999,40.089999,1049.249977,up
2011-11-17,31.739999,33.769999,31.479999,792.483051,down
2013-09-05,26.979999,29.359999,26.699999,1449.999968,up
2013-04-12,70.989998,78.079998,70.549998,1951.749956,up
2013-09-06,27.739999,28.239999,26.719999,1379.999969,down
2016-11-18,54.52,56.419998,52.66,53.959999,down
2015-01-05,22.0,23.109999,20.62,1031.499977,up
2011-02-24,41.089999,44.189999,41.069999,1043.937189,up
2015-10-22,13.94,14.0,12.7,652.999985,down
2014-10-22,27.499999,29.599999,27.149999,1479.999967,up
2016-09-14,35.759998,37.779999,34.360001,37.080002,down
2017-01-04,41.099998,43.66,41.02,41.689999,up
2012-05-09,67.479998,68.739998,57.299999,1503.999966,up
2012-03-28,41.939999,44.319999,41.659999,1088.999976,down
2011-06-07,44.889999,46.269999,44.519999,1087.977179,down
2013-09-12,34.309999,36.509999,33.859999,1813.999959,up
2015-03-16,20.3,21.5,19.72,1014.499977,down
2014-01-03,37.829999,39.569999,37.499999,1971.499956,up
2013-04-29,85.529998,88.199998,83.329998,2153.999952,up
2013-10-25,28.299999,28.999999,26.789999,1356.99997,down
2015-08-17,24.899999,25.189999,23.279999,1189.499973,down
2012-08-21,39.319999,40.029999,37.019999,981.999978,down
2016-12-21,65.879997,68.290001,64.949997,66.730003,down
2015-02-27,13.44,13.54,12.81,660.499985,up
2014-04-01,25.539999,26.259999,25.009999,1283.999971,up
2011-09-21,29.199999,30.199999,27.909999,715.057907,down
2011-03-25,39.839999,40.939999,39.179999,961.303014,up
2016-12-08,50.150002,51.32,49.040001,49.52,down
2014-04-28,23.149999,24.279999,23.019999,1194.999973,up
2017-03-30,31.379999,32.150002,30.690001,31.99,down
2014-12-05,26.309999,27.109999,25.329999,1326.49997,up
2011-08-10,39.059999,40.269999,35.339999,864.225616,down
2013-12-12,49.159999,50.299999,46.799999,2349.999947,up
2013-08-05,87.969998,90.919998,83.689998,2253.24995,down
2017-01-31,31.15,31.360001,30.24,30.32,down
2011-10-11,37.379999,38.079999,36.399999,866.593357,up
2015-03-30,18.33,18.74,17.79,925.499979,up
2011-11-03,30.779999,31.729999,29.959999,709.612101,down
2011-07-15,38.159999,38.299999,37.309999,884.824966,up
2014-11-14,38.149999,38.789999,28.899999,1489.499967,up
2013-11-05,32.139999,33.639999,31.789999,1626.999964,up
2017-03-01,35.150002,35.950001,31.99,32.599998,down
2013-12-23,50.279999,50.869999,49.409999,2497.499944,up
2011-10-10,37.659999,38.349999,36.719999,869.671421,down
2013-10-15,43.519999,43.839999,38.909999,1953.499956,up
2016-02-02,12.72,13.61,12.5,654.999985,down
2011-06-02,42.129999,44.009999,41.339999,1015.524292,up
2016-12-07,48.529999,50.75,47.52,49.349998,down
2017-03-07,40.130001,40.939999,37.810001,39.360001,down
2013-03-05,59.459999,61.999999,58.099999,1549.999965,up
2016-04-05,3.17,3.44,3.1,155.999997,down
2015-07-31,33.649999,35.609999,32.429999,1716.499962,up
2012-05-17,72.219998,72.479998,61.999999,1641.499963,down
2014-12-23,29.239999,30.689999,26.379999,1508.999966,down
2016-02-17,6.0,6.21,5.57,283.999994,down
2011-02-17,43.569999,43.999999,43.269999,1025.942354,up
2016-03-28,3.5,3.79,3.47,179.999996,down
2014-01-29,29.189999,30.739999,28.029999,1403.499969,up
2016-04-11,2.39,2.41,2.08,105.499998,down
2011-06-08,46.949999,48.949999,46.359999,1135.332007,up
2011-05-04,40.999999,42.819999,40.289999,972.431398,down
2016-05-09,1.55,1.64,1.53,80.999998,down
2013-04-17,102.439998,119.629997,98.709998,2954.749934,up
2012-02-02,29.319999,29.949999,27.989999,717.249984,down
2015-04-01,18.25,18.49,16.03,804.999982,up
2014-07-25,16.73,16.83,15.33,767.499983,down
2015-04-10,15.66,15.69,15.15,758.499983,down
2011-10-04,41.899999,46.729999,41.859999,1031.388159,up
2015-11-11,20.83,21.37,20.36,1017.999977,down
2014-10-15,25.709999,26.859999,24.209999,1286.999971,up
2013-09-26,32.259999,34.949999,31.299999,1684.999962,up
2011-01-07,47.629999,47.629999,45.509999,1114.259109,down
2014-03-11,19.86,20.58,19.71,1008.999977,down
2011-06-20,50.379999,50.379999,49.059999,1181.029417,up
2011-11-22,34.929999,35.369999,33.719999,814.976594,down
2016-07-19,5.94,6.05,5.85,30.05,down
2015-11-06,20.78,21.64,20.38,1063.999976,up
2011-01-24,51.759999,53.189999,50.619999,1246.852628,up
2017-02-28,31.790001,34.330002,30.92,33.330002,down
2013-09-11,31.609999,33.299999,31.029999,1561.999965,up
2011-02-03,48.739999,49.829999,46.149999,1097.921693,down
2015-11-05,17.0,19.18,17.0,942.499979,down
2016-08-17,5.17,5.59,5.12,26.200001,down
2013-05-30,83.379998,84.399998,74.749998,1874.999958,up
2011-05-23,45.029999,45.689999,43.619999,1068.5617,down
2011-02-09,45.079999,46.839999,44.549999,1097.921693,up
2011-12-06,34.779999,35.259999,31.129999,759.808219,down
2011-03-07,37.529999,40.869999,37.529999,961.539788,up
2016-07-22,6.65,6.65,6.33,32.150002,down
2011-08-23,32.849999,34.529999,32.189999,800.059823,up
2015-01-13,13.9,17.04,13.84,821.499982,up
2011-02-28,41.769999,42.199999,40.909999,968.643012,up
2016-09-02,33.990002,35.860001,33.009998,33.549999,down
2014-06-17,23.779999,23.979999,22.639999,1134.999975,up
2011-06-09,47.499999,48.169999,45.619999,1095.317177,down
2014-07-30,15.65,16.37,15.61,792.499982,down
2012-03-09,35.109999,35.779999,33.319999,861.749981,up
2017-02-10,27.16,27.299999,24.91,25.18,down
2014-02-26,20.41,21.14,19.95,1022.999977,up
2011-07-08,41.879999,42.829999,41.409999,1003.685585,down
2011-09-22,33.339999,35.489999,33.279999,823.974012,down
2017-02-13,26.01,26.4,25.57,26.120001,down
2014-01-09,40.869999,42.499999,40.649999,2123.499953,up
2013-12-20,49.419999,50.279999,48.279999,2511.999944,up
2016-05-06,1.46,1.49,1.32,68.999998,down
2015-11-20,18.25,20.91,18.04,1024.999977,up
2014-12-08,25.559999,28.739999,24.609999,1305.999971,up
2011-05-10,42.129999,43.069999,41.989999,1016.708163,down
2017-02-06,26.75,27.629999,25.0,25.01,down
2011-02-25,43.319999,43.319999,42.219999,999.660424,up
2015-11-23,21.0,21.39,20.31,1048.499977,up
2013-10-21,34.979999,35.079999,32.759999,1643.999963,up
2013-10-01,36.559999,37.049999,35.629999,1824.999959,up
2014-05-01,24.329999,24.699999,23.869999,1223.999973,down
2012-12-20,36.069999,37.689999,35.309999,887.74998,down
2011-10-27,33.379999,34.109999,32.399999,782.064989,down
2012-07-09,47.419999,49.029999,46.819999,1191.749973,up
2011-05-09,42.949999,43.799999,42.289999,1003.212037,down
2015-06-05,15.62,15.98,15.2,779.499983,down
2012-06-07,40.459999,46.129999,40.399999,1114.999975,up
2013-11-27,44.229999,46.099999,43.579999,2232.99995,up
2011-11-02,32.429999,33.039999,31.009999,756.96693,down
2016-08-24,6.2,7.3,6.19,36.05,down
2015-09-18,22.11,24.199999,21.55,1138.999975,up
2016-01-21,19.5,20.53,18.23,929.499979,down
2014-06-12,24.749999,24.829999,22.999999,1149.999974,up
2011-09-08,28.469999,28.959999,28.179999,673.622432,down
2016-08-08,5.36,5.38,5.03,26.05,down
2017-01-06,36.68,39.5,34.799999,37.77,up
2012-04-05,48.399999,51.379999,47.999999,1268.499972,up
2012-12-14,33.199999,33.639999,31.979999,814.749982,down
2014-05-27,26.789999,28.779999,26.739999,1431.499968,up
2014-09-15,20.27,20.95,20.21,1025.999977,down
2011-08-04,37.069999,43.079999,37.049999,991.373329,down
2015-07-20,30.619999,35.559999,30.229999,1770.99996,up
2013-04-19,101.779998,111.349998,98.779998,2573.249942,up
2013-11-18,33.699999,35.729999,33.559999,1764.999961,down
2014-11-04,41.629999,45.999999,41.329999,2270.499949,up
2016-05-04,1.59,1.75,1.5,85.999998,down
2014-03-18,19.2,19.45,18.22,952.499979,up
2011-05-27,41.779999,41.779999,40.819999,972.194624,up
2013-01-29,40.349999,41.149999,39.419999,1000.499978,up
2015-06-23,16.84,16.85,16.13,829.499981,down
2016-12-14,49.939999,60.560001,48.75,60.259998,down
2012-10-11,24.599999,25.089999,24.119999,624.249986,up
2013-05-15,98.499998,107.099998,96.529998,2666.74994,up
2014-09-16,20.47,21.17,19.69,1017.499977,down
2016-10-07,44.700001,50.98,43.509998,48.419998,down
2013-11-01,32.419999,34.719999,32.179999,1722.499961,up
2013-12-26,43.699999,45.959999,42.739999,2240.49995,up
2013-08-20,25.439999,25.639999,22.3,1139.999975,down
2015-10-12,12.76,15.21,12.75,738.999983,down
2016-11-01,35.66,36.41,33.299999,35.299999,down
2016-01-07,13.85,14.17,12.25,632.999986,up
2017-03-09,40.139999,41.419998,39.139999,41.32,down
2015-09-15,31.849999,32.409999,30.039999,1567.999965,up
2016-02-03,12.8,12.83,10.3,515.999988,down
2011-07-28,39.199999,40.429999,38.969999,928.154634,up
2013-07-26,77.239998,79.399998,71.379998,1784.74996,up
2016-01-26,16.04,16.05,14.3,723.499984,down
2012-10-05,23.149999,23.849999,22.32,588.249987,down
2015-01-16,13.73,13.78,12.51,638.499986,up
2015-08-10,35.069999,36.859999,29.259999,1481.999967,up
2016-02-18,5.97,6.04,4.66,233.999995,down
2014-02-03,29.239999,30.599999,28.009999,1522.999966,up
2017-03-29,31.309999,31.629999,30.049999,30.6,down
2015-08-11,28.349999,31.389999,27.829999,1391.499969,up
2014-09-25,26.009999,26.519999,24.759999,1241.499972,down
2016-02-25,4.54,4.58,4.22,212.999995,down
2015-04-14,15.64,15.72,14.86,764.499983,up
2010-12-28,41.459999,42.229999,40.719999,966.748819,up
2015-12-11,16.95,16.96,15.25,788.499982,down
2011-11-08,28.619999,29.129999,28.099999,689.486299,down
2012-05-14,66.349999,68.919998,63.149999,1721.249962,up
2015-11-25,19.4,19.7,18.2,952.499979,down
2012-04-20,48.319999,50.259999,47.299999,1256.249972,up
2014-12-29,25.899999,27.589999,25.839999,1359.99997,up
2015-09-29,26.259999,27.399999,25.019999,1338.99997,down
2013-07-05,134.449997,142.999997,133.169997,3347.749925,up
2017-04-07,26.84,29.24,26.4,28.24,down
2013-06-12,88.499998,89.359998,81.999998,2171.749951,up
2011-11-30,32.249999,32.299999,30.009999,713.874036,down
2013-05-10,90.009998,92.499998,84.149998,2105.749953,up
2016-02-29,4.53,4.55,4.19,209.999995,down
2011-01-20,51.229999,52.579999,50.319999,1196.182962,up
2012-12-13,32.399999,33.539999,31.829999,819.749982,down
2012-10-23,26.539999,26.959999,26.169999,673.249985,down
2013-06-25,137.999997,145.679997,133.999997,3529.999921,up
2013-01-16,33.039999,33.449999,32.789999,829.999981,down
2012-12-21,36.569999,36.569999,34.449999,885.24998,up
2014-08-01,16.27,16.87,15.9,816.999982,down
2014-11-28,26.789999,30.969999,26.789999,1507.999966,up
2015-06-03,13.88,14.48,13.65,716.999984,down
2015-05-29,13.85,14.18,13.53,698.999984,down
2015-01-23,12.59,13.57,12.43,664.499985,down
2014-07-28,15.64,15.75,15.06,752.999983,up
2015-09-03,29.889999,29.989999,25.899999,1485.499967,up
2011-10-20,41.449999,42.929999,40.329999,977.877203,down
2014-02-21,19.17,20.07,18.84,964.499978,down
2015-02-25,14.51,14.69,13.86,706.999984,down
2014-10-08,30.379999,33.029999,23.599999,1228.999973,up
2012-06-04,42.469999,45.359999,41.239999,1033.999977,down
2015-05-05,12.27,13.24,12.12,649.999985,down
2012-11-30,30.619999,31.959999,29.679999,775.749983,up
2012-09-24,23.599999,24.869999,23.299999,615.249986,down
2013-01-30,38.019999,40.889999,37.389999,1017.499977,up
2016-03-11,3.48,3.67,3.31,179.999996,down
2011-01-25,53.929999,54.459999,52.869999,1263.663592,up
2014-09-17,20.2,21.86,20.11,1082.999976,down
2011-07-25,35.189999,36.709999,34.889999,865.883035,down
2013-01-04,34.429999,35.049999,33.289999,832.499981,down
2012-02-10,33.479999,34.249999,32.899999,836.499981,up
2013-08-07,106.549998,106.999998,99.109998,2654.249941,up
2011-09-12,30.169999,32.209999,29.329999,729.501129,down
2014-05-08,24.319999,24.569999,23.779999,1219.999973,up
2011-06-10,47.299999,48.699999,47.199999,1134.858459,down
2011-09-23,37.269999,39.999999,36.639999,907.555283,down
2016-11-29,54.0,54.91,50.599998,51.57,down
2014-12-11,25.259999,25.699999,22.729999,1257.499972,up
2013-06-06,74.969998,76.779998,70.999998,1805.24996,up
2014-08-28,15.7,15.95,15.55,778.999983,down
2017-02-14,25.110001,27.25,24.98,26.190001,down
2016-05-26,15.45,16.69,15.02,81.150003,up
2017-01-03,47.240002,47.869999,42.509998,42.599998,down
2012-11-12,26.459999,27.599999,26.069999,685.499985,up
2013-05-08,91.109998,91.859998,78.999998,1999.999955,up
2013-04-10,59.369999,63.799999,58.389999,1594.749964,down
2012-06-29,46.239999,48.899999,45.299999,1169.749974,down
2011-04-19,38.149999,38.509999,37.119999,880.326257,down
2014-09-11,20.53,20.91,19.53,982.999978,up
2014-07-15,15.87,17.55,15.5,874.49998,down
2017-03-27,28.690001,29.870001,28.309999,28.75,down
2012-02-22,31.079999,31.569999,28.839999,731.499984,up
2014-04-16,24.189999,25.229999,23.999999,1239.999972,up
2013-11-15,31.529999,33.419999,31.299999,1668.999963,up
2014-12-19,24.829999,25.499999,23.569999,1274.999972,down
2013-08-29,27.809999,29.289999,25.299999,1318.999971,up
2016-03-30,3.12,3.29,3.01,155.499997,down
2011-09-09,28.939999,29.539999,28.209999,690.196622,up
2014-02-12,22.489999,24.809999,22.449999,1229.999973,up
2012-08-20,42.359999,43.499999,40.959999,1034.499977,down
2012-07-18,57.959999,59.129999,56.759999,1458.499967,up
2014-04-08,22.499999,23.069999,21.81,1096.999975,down
2012-11-20,31.339999,32.199999,30.939999,792.499982,down
2011-01-03,39.689999,41.739999,39.689999,977.877203,up
2014-11-05,49.749999,51.499999,44.549999,2516.499944,up
2016-12-19,66.5,68.949997,65.160004,67.07,down
2013-11-19,35.139999,35.999999,34.409999,1755.999961,up
2016-08-18,5.11,5.27,5.02,25.350001,down
2014-03-24,22.1,24.089999,21.81,1195.499973,up
2012-06-06,38.589999,42.409999,37.749999,1011.249977,down
2011-08-08,41.099999,42.709999,38.609999,1010.078487,down
2014-06-13,23.159999,23.979999,22.759999,1138.499975,up
2012-09-14,25.259999,25.259999,23.559999,596.999987,down
2015-07-24,37.939999,39.819999,32.199999,1630.499964,up
2016-12-27,61.330002,62.610001,59.16,59.299999,down
2011-05-31,40.359999,41.729999,40.269999,964.617852,up
2012-10-08,24.199999,24.549999,23.709999,600.499987,down
2016-08-01,5.26,5.37,4.97,25.05,down
2013-09-13,36.969999,37.249999,34.459999,1746.499961,up
2011-07-21,36.309999,37.199999,35.979999,872.512711,down
2015-06-01,13.48,14.25,13.28,706.499984,down
2016-09-12,37.82,38.169998,32.369999,33.290001,down
2015-12-30,16.65,16.95,16.39,831.999981,up
2015-08-14,24.409999,27.339999,23.979999,1334.99997,up
2012-09-19,23.039999,23.799999,22.459999,566.249987,down
2014-10-13,27.169999,27.699999,24.639999,1347.49997,up
2013-09-10,30.299999,32.329999,30.239999,1593.499964,up
2013-03-11,55.119999,56.889999,54.399999,1397.499969,down
2014-04-22,25.619999,26.339999,24.699999,1234.999972,down
2013-05-20,119.279997,120.089997,94.289998,2443.499945,up
2015-04-15,14.95,15.29,13.87,697.999984,down
2013-03-26,52.759999,54.779999,52.219999,1331.74997,up
2017-04-04,28.84,29.41,28.41,28.43,down
2013-05-28,101.809998,106.419998,95.499998,2600.999942,up
2014-08-05,17.03,17.5,16.3,826.499982,down
2016-08-15,4.89,5.06,4.8,25.0,down
2012-02-16,36.429999,36.939999,32.099999,810.999982,up
2014-08-25,16.5,17.22,16.48,860.499981,up
2015-03-02,13.11,14.36,13.06,708.499984,down
2011-05-24,44.219999,44.239999,42.579999,1019.312678,up
2017-01-27,34.830002,34.869999,33.080002,33.23,down
2012-04-30,49.079999,50.879999,48.379999,1223.249973,up
2015-09-21,23.799999,24.969999,23.269999,1244.499972,up
2011-08-05,41.479999,44.929999,39.999999,1007.473971,down
2016-12-01,56.5,58.93,52.09,55.939999,down
2014-08-29,15.79,15.88,15.11,760.499983,up
2014-03-26,23.459999,26.439999,23.149999,1318.999971,up
2014-09-30,27.149999,28.569999,26.459999,1418.999968,up
2014-01-22,30.589999,32.599999,30.539999,1601.999964,up
2015-01-27,12.29,12.35,11.32,572.499987,down
2014-04-02,24.279999,24.349999,23.099999,1189.999973,up
2014-12-03,23.989999,24.749999,22.15,1215.499973,up
2012-06-26,47.169999,49.889999,45.929999,1203.749973,down
2014-07-24,16.3,16.99,16.3,836.999981,down
2015-12-16,16.97,17.99,15.75,799.999982,down
2011-06-01,40.899999,42.309999,40.419999,1000.607521,up
2017-01-24,31.41,31.940001,29.379999,30.950001,down
2013-02-08,38.759999,39.599999,38.349999,986.499978,up
2015-10-14,13.6,13.76,11.52,589.999987,down
2014-07-18,15.69,16.05,15.21,766.499983,up
2014-12-09,23.509999,23.859999,20.84,1121.499975,up
2016-09-27,33.799999,35.540001,33.470001,34.5,down
2013-07-22,79.429998,81.159998,70.999998,1851.499959,up
2011-08-11,37.359999,38.659999,35.699999,855.464972,down
2016-01-14,16.84,18.39,16.3,892.49998,up
2017-03-31,31.639999,32.080002,29.67,31.059999,down
2016-06-01,16.7,17.530001,15.84,83.000001,up
2014-01-06,38.509999,39.179999,37.279999,1942.999957,up
2016-06-21,10.92,11.15,10.62,55.599999,down
2010-12-27,42.559999,43.919999,42.559999,1021.206871,up
2016-10-03,34.150002,36.84,33.32,35.619999,down
2014-12-17,32.529999,33.159999,27.619999,1424.999968,up
2016-11-16,48.549999,51.849998,47.880001,48.900002,down
2013-12-19,50.719999,51.259999,49.429999,2510.999944,up
2016-07-18,5.87,6.09,5.81,29.100001,down
2012-05-31,51.999999,56.059999,50.149999,1345.49997,up
2012-02-08,30.789999,31.949999,30.099999,794.749982,down
2016-10-13,46.639999,47.860001,41.330002,45.0,down
2011-04-04,39.639999,40.149999,38.939999,948.043662,up
2012-05-10,57.789999,61.189999,56.659999,1496.249967,up
2011-06-14,48.929999,48.939999,47.229999,1134.384911,down
2016-09-15,37.380001,38.889999,34.450001,36.400002,down
2016-04-21,1.84,1.99,1.82,94.499998,up
2015-03-25,14.98,16.15,14.82,802.499982,up
2013-05-31,78.229998,81.639998,76.499998,1977.999956,up
2013-10-28,26.949999,27.969999,25.359999,1329.99997,down
2016-02-11,5.52,6.2,5.15,273.499994,down
2012-04-04,46.419999,51.009999,46.369999,1230.249973,up
2012-03-14,38.529999,41.969999,38.479999,1026.249977,down
2016-10-20,37.419998,39.459999,36.91,37.5,down
2015-05-04,12.35,12.89,12.19,631.499986,up
2011-02-11,47.029999,47.969999,46.029999,1132.490718,up
2016-11-30,53.400002,56.790001,52.939999,54.540001,down
2015-12-24,15.43,15.51,14.73,738.999983,up
2015-01-15,14.9,15.23,13.77,716.999984,down
2012-06-15,41.459999,42.829999,41.299999,1046.749977,up
2015-06-11,15.6,16.05,15.5,789.499982,down
2013-08-16,44.319999,49.979999,43.439999,1214.999973,up
2013-04-04,68.689998,70.919998,60.859999,1546.749965,up
2012-12-26,34.579999,35.389999,34.119999,862.749981,down
2014-04-11,22.519999,23.899999,22.03,1178.999974,up
2013-10-02,35.539999,36.349999,33.679999,1809.49996,up
2015-04-07,15.15,15.96,15.0,795.999982,down
2016-01-22,19.2,19.47,17.41,902.49998,up
2015-05-13,12.25,12.31,11.7,594.999987,down
2011-03-21,43.409999,44.149999,42.919999,1016.234614,up
2012-04-03,39.709999,44.599999,39.709999,1091.749976,up
2016-04-13,2.16,2.25,2.08,110.999998,down
2012-07-17,54.829999,58.949999,54.399999,1405.749969,up
2014-10-31,45.869999,47.999999,42.679999,2362.499947,up
2016-06-09,10.15,10.35,9.6,48.400002,down
2017-01-25,32.880001,33.790001,32.310001,32.360001,down
2017-01-19,36.0,36.720001,34.400002,35.290001,up
2016-06-20,11.02,11.14,10.08,51.349999,up
2016-02-26,4.55,4.76,4.3,235.499995,up
2016-10-17,46.900002,47.75,44.880001,45.509998,down
2015-07-16,23.089999,23.819999,23.079999,1181.499974,up
2013-04-22,96.299998,103.999998,95.029998,2468.749945,up
2011-08-25,36.519999,37.079999,33.659999,809.294015,down
2017-02-16,25.799999,26.040001,24.959999,25.360001,down
2015-10-23,12.61,13.54,11.8,605.499986,up
2012-11-14,28.509999,32.379999,28.489999,806.999982,up
2016-10-31,41.220001,42.360001,38.099998,38.200001,down
2015-05-15,12.1,12.3,11.55,596.499987,up
2014-02-25,19.17,19.95,18.94,990.999978,up
2011-03-14,43.479999,44.499999,43.189999,1032.57203,up
2012-12-17,32.829999,33.359999,32.069999,811.999982,down
2011-10-07,36.999999,40.369999,36.939999,936.204955,up
2011-04-21,35.889999,36.449999,35.619999,851.91336,down
2013-03-12,53.259999,53.839999,50.429999,1291.999971,up
2011-11-10,30.499999,32.229999,30.319999,741.339836,down
2014-04-03,24.269999,25.079999,24.199999,1212.499973,up
2017-01-23,33.119999,33.59,31.059999,31.219999,down
2012-07-23,59.079999,60.869999,58.759999,1502.249966,up
2015-11-13,21.32,21.5,20.21,1021.999977,down
2014-12-16,29.009999,33.559999,28.459999,1674.999963,up
2013-07-19,100.239998,102.079998,90.829998,2282.749949,up
2013-02-26,49.889999,52.299999,47.879999,1222.249973,down
2014-03-28,25.729999,26.299999,23.639999,1222.499973,up
2016-03-15,4.06,4.23,3.79,189.999996,down
2011-03-23,42.219999,42.379999,39.389999,938.572696,up
2016-08-31,41.549999,42.830002,40.41,42.209999,down
2014-10-10,27.319999,29.079999,25.509999,1430.999968,up
2010-12-15,40.929999,41.789999,40.239999,985.927524,down
2011-01-11,45.379999,46.059999,44.839999,1063.115894,up
2015-11-16,19.99,20.4,19.41,996.499978,down
2013-10-16,39.559999,41.599999,39.299999,2060.499954,up
2015-12-04,16.72,16.77,14.51,732.999984,down
2011-05-20,44.689999,46.349999,43.259999,1051.040413,up
2013-04-30,88.249998,94.079998,82.289998,2057.249954,up
2013-11-21,40.069999,42.219999,39.999999,2032.499955,down
2013-05-16,110.899998,114.999997,100.659998,2639.749941,up
2016-09-16,37.900002,38.990002,35.880001,37.330002,down
2014-02-28,20.44,21.24,20.23,1043.999977,up
2011-04-07,36.259999,36.549999,35.329999,859.963681,down
2017-02-23,26.719999,28.040001,26.299999,28.02,down
2015-07-01,18.49,19.79,18.41,983.499978,up
2012-08-29,37.609999,39.339999,37.589999,977.249978,down
2011-07-18,36.559999,36.609999,35.739999,856.412069,down
2015-07-02,19.36,19.4,18.43,928.999979,up
2015-11-02,16.46,17.02,15.28,784.999982,down
2013-08-13,63.239999,67.929998,61.599999,1667.999963,up
2011-07-22,36.419999,36.679999,35.699999,851.676586,down
2012-08-24,36.999999,37.459999,35.849999,908.99998,up
2014-06-05,28.279999,28.609999,27.199999,1384.999969,up
2012-06-13,41.399999,42.689999,40.359999,1054.749976,down
2016-01-19,17.63,20.96,17.46,1022.499977,down
2014-06-27,17.69,18.14,17.25,881.49998,down
2012-06-22,47.439999,49.669999,45.569999,1224.999973,up
2011-08-26,33.769999,35.709999,32.439999,769.515959,down
2016-02-16,5.8,6.36,5.47,316.499993,down
2013-11-07,32.739999,33.919999,30.939999,1682.499962,up
2014-11-25,25.849999,26.019999,22.849999,1147.499974,down
2012-12-24,34.859999,36.539999,34.859999,874.99998,down
2015-12-29,15.62,16.25,15.36,783.999982,down
2012-06-28,50.689999,54.299999,49.719999,1296.499971,up
2013-12-18,44.959999,48.109999,42.659999,2396.999946,up
2012-08-03,51.759999,52.699999,50.149999,1278.999971,down
2011-09-06,29.719999,30.509999,28.389999,703.2192,down
2015-07-28,34.919999,36.349999,33.969999,1758.499961,up
2015-11-24,19.71,20.25,18.5,930.999979,down
2011-02-15,45.299999,45.389999,44.329999,1058.85396,up
2016-05-23,15.480001,15.710001,14.12,74.699998,down
2014-01-21,32.659999,32.999999,29.489999,1492.999967,up
2016-09-29,33.290001,34.200001,32.060001,32.860001,down
2013-10-11,42.119999,43.539999,41.249999,2148.999952,up
2017-02-07,25.790001,26.07,24.5,25.280001,down
2014-01-30,30.639999,30.769999,29.469999,1490.999967,up
2012-08-30,38.949999,40.379999,38.539999,997.499978,down
2012-01-23,39.229999,39.339999,37.549999,951.999979,down
2014-02-14,20.08,20.99,19.42,1011.499977,up
2012-12-19,34.509999,35.109999,33.979999,873.49998,down
2012-11-23,29.769999,30.579999,28.509999,724.749984,down
2014-09-18,21.94,22.729999,21.67,1125.999975,up
2013-01-17,33.839999,34.689999,32.729999,840.749981,down
2012-12-27,35.179999,35.409999,32.599999,846.749981,up
2017-03-17,31.120001,32.59,30.209999,31.93,down
2013-12-03,50.379999,51.819999,48.589999,2582.499942,up
2013-11-08,35.019999,36.479999,33.109999,1656.999963,down
2012-07-20,57.629999,57.729999,55.499999,1403.249969,down
2013-07-03,124.089997,128.999997,119.139997,3036.999932,up
2015-09-25,23.939999,24.349999,23.229999,1187.999973,down
2014-10-16,26.419999,26.779999,24.849999,1307.999971,up
2012-08-16,45.459999,45.679999,41.309999,1035.749977,down
2015-09-04,30.459999,31.999999,29.549999,1485.999967,up
2012-10-15,26.799999,27.499999,26.179999,655.999985,down
2011-06-28,48.479999,49.339999,47.289999,1127.044912,up
2012-12-04,34.379999,34.699999,32.019999,818.249982,down
2012-10-16,25.739999,25.749999,24.709999,618.499986,down
2011-01-26,53.439999,53.539999,49.069999,1163.271356,up
2010-12-20,42.279999,43.089999,41.899999,999.186876,down
2014-04-15,24.719999,25.499999,24.039999,1207.999973,up
2014-07-31,16.4,17.04,16.22,845.999981,down
2017-03-24,30.690001,31.18,29.77,30.700001,down
2017-01-18,33.41,35.900002,32.360001,34.610001,up
2017-04-05,29.469999,29.98,27.67,28.27,down
2013-01-31,41.059999,42.349999,40.849999,1046.749977,up
2014-06-03,29.119999,30.249999,28.629999,1438.999968,up
2015-05-21,13.2,13.43,12.99,665.999985,down
2011-11-14,29.319999,30.489999,29.069999,713.400488,up
2015-12-09,15.53,16.74,15.23,806.999982,up
2015-06-16,16.54,16.89,16.42,839.999981,up
2012-10-02,23.249999,24.299999,23.049999,591.999987,down
2014-09-05,18.17,18.95,18.0,903.99998,up
2012-03-30,41.789999,43.829999,41.739999,1049.249977,up
2011-05-16,46.969999,47.649999,44.909999,1103.604272,up
2016-08-19,5.35,5.49,5.25,27.15,down
2013-05-21,104.709998,108.289998,98.899998,2597.249942,up
2012-12-03,31.069999,33.159999,30.809999,828.749981,down
2013-05-03,88.479998,89.679998,82.369998,2200.749951,up
2012-06-11,42.899999,45.999999,42.709999,1137.749975,down
2011-04-20,36.229999,36.649999,35.419999,867.303679,down
2011-06-16,48.739999,51.989999,48.559999,1202.339089,up
2014-09-08,18.4,20.01,18.39,994.999978,down
2015-12-10,16.51,16.61,15.5,813.499982,down
2014-05-16,25.139999,25.739999,24.949999,1273.999972,up
2013-11-26,43.739999,45.849999,43.009999,2275.999949,up
2015-06-10,15.07,15.45,14.8,763.499983,down
2012-12-07,34.149999,34.709999,33.489999,853.249981,up
2011-12-13,35.119999,39.189999,33.689999,969.999978,up
2011-09-28,37.019999,40.679999,36.279999,961.066239,down
2011-08-18,34.539999,36.639999,34.539999,855.938521,down
2015-11-27,20.36,20.52,19.6,1001.499978,up
2012-10-24,26.319999,28.469999,26.069999,708.749984,down
2011-10-06,39.599999,40.709999,37.679999,893.112061,up
2011-08-09,40.989999,43.349999,39.049999,924.603022,up
2012-02-24,28.659999,30.019999,28.419999,739.249983,down
2015-10-01,24.459999,26.809999,23.399999,1319.499971,up
2014-06-19,19.92,19.95,17.54,877.49998,down
2013-03-07,53.609999,56.469999,51.349999,1400.999969,up
2012-07-03,44.429999,44.509999,41.359999,1033.999977,down
2011-07-07,41.989999,42.389999,41.379999,1003.448811,down
2015-09-10,29.829999,31.719999,29.309999,1565.999965,up
2011-04-06,35.559999,36.549999,35.199999,853.570779,down
2013-04-18,114.799997,117.329997,103.109998,2683.24994,up
2014-07-02,17.11,17.13,16.2,829.499981,down
2014-09-26,25.309999,26.229999,25.199999,1302.999971,up
2017-03-16,29.129999,31.84,28.809999,31.48,down
2011-07-26,36.649999,37.059999,36.199999,865.409486,up
2014-08-26,16.48,16.7,16.05,804.499982,down
2013-05-29,101.229998,102.619998,89.899998,2247.49995,up
2012-02-21,32.339999,32.869999,30.779999,770.499983,down
2011-06-13,48.389999,50.119999,47.539999,1171.558451,up
2015-06-19,14.94,16.12,14.87,790.999982,down
2014-04-30,23.749999,24.099999,22.899999,1177.999974,up
2011-09-02,30.669999,30.699999,29.639999,710.08565,down
2011-05-05,42.439999,45.329999,41.559999,1046.30493,up
2014-08-11,15.45,15.51,14.95,747.499983,down
2013-09-09,27.539999,28.879999,27.049999,1425.999968,up
2013-07-01,113.759997,122.149997,109.069998,2837.499937,up
2011-12-30,42.169999,43.549999,41.099999,1064.999976,down
2012-01-17,35.159999,38.499999,35.139999,944.999979,down
2014-04-29,24.209999,24.209999,22.619999,1152.499974,up
2016-08-16,4.97,5.11,4.89,25.15,down
2016-08-25,36.290001,37.439999,32.540001,34.740002,up
2014-10-14,26.559999,26.799999,24.819999,1313.499971,up
2014-03-12,19.18,19.45,18.32,917.999979,down
2016-11-09,31.84,39.990002,31.5,37.060001,down
2011-06-15,48.549999,49.399999,46.699999,1147.881037,up
2012-05-30,55.069999,57.449999,50.059999,1304.249971,up
2012-04-18,48.529999,49.329999,46.779999,1215.999973,down
2010-12-31,40.819999,40.969999,40.039999,956.093982,down
2016-06-22,11.0,11.3,10.38,51.950002,down
2016-07-15,6.02,6.03,5.76,29.55,down
2010-12-22,42.289999,43.269999,42.289999,1023.811387,up
2015-10-27,13.5,13.77,12.72,654.499985,down
2014-01-31,28.969999,31.149999,28.899999,1500.999966,up
2010-12-14,39.989999,40.569999,39.399999,950.648177,down
2016-06-06,11.06,11.6,10.7,54.099999,down
2011-09-27,34.269999,37.739999,33.969999,884.351418,up
2016-03-09,4.25,4.35,3.79,195.999996,down
2015-04-23,15.22,15.24,13.98,714.999984,up
2012-10-01,23.039999,23.679999,22.499999,584.999987,down
2016-06-15,10.83,10.97,9.3,47.900002,down
2012-07-11,53.309999,57.069999,53.289999,1385.499969,up
2011-12-20,41.589999,41.659999,39.399999,1000.249978,down
2017-02-03,28.549999,28.879999,27.549999,28.02,down
2011-08-12,36.989999,38.039999,36.639999,873.459807,up
2013-09-23,32.379999,35.199999,30.329999,1682.999962,up
2017-01-10,36.41,38.439999,35.009998,36.669998,down
2011-09-07,31.329999,31.639999,29.519999,699.194039,up
2013-02-22,52.319999,54.189999,51.179999,1334.24997,up
2015-10-09,14.6,14.92,13.61,680.499985,down
2012-06-01,49.899999,49.999999,42.459999,1087.249976,up
2012-01-27,31.599999,31.619999,28.929999,735.999984,down
2016-07-08,6.19,6.34,5.55,28.200001,down
2013-11-11,34.179999,35.439999,32.999999,1652.499963,up
2013-03-13,51.679999,56.529999,51.269999,1401.749969,down
2016-05-19,16.52,16.960001,14.37,73.150003,down
2013-08-14,64.789999,65.199999,55.929999,1398.249969,up
2011-11-18,33.159999,34.779999,32.739999,814.503046,down
2011-12-07,31.879999,33.129999,31.499999,756.493381,down
2010-12-21,41.939999,42.889999,41.919999,1002.501714,up
2017-03-15,38.669998,39.689999,30.299999,30.59,down
2016-10-05,43.57,48.939999,42.759998,45.27,up
2012-11-01,24.249999,24.919999,24.209999,620.499986,up
2013-02-04,40.439999,40.589999,38.039999,988.749978,up
2011-03-01,40.209999,40.329999,39.219999,939.046244,down
2016-11-25,56.23,58.459999,54.830002,56.849998,down
2012-01-09,37.259999,38.019999,36.459999,930.749979,up
2012-03-02,31.069999,32.399999,30.859999,798.499982,down
2011-03-28,41.509999,42.069999,40.649999,994.688167,up
2013-06-18,89.999998,96.369998,88.499998,2382.749947,up
2014-12-04,23.349999,24.999999,22.589999,1235.999972,down
2011-12-16,41.869999,42.849999,39.999999,1033.749977,down
2016-02-12,5.97,6.0,5.04,252.999994,down
2016-05-05,1.64,1.66,1.52,78.499998,down
2012-01-03,39.319999,39.359999,36.339999,919.749979,up
2016-03-21,3.18,3.27,3.05,156.999996,down
2012-10-31,25.069999,25.229999,23.599999,593.499987,up
2013-08-19,48.249999,51.749999,47.529999,1280.749971,up
2016-09-26,31.299999,32.880001,30.34,32.669998,down
2013-08-08,100.459998,101.769998,77.759998,1962.499956,up
2013-03-14,56.779999,57.379999,53.369999,1359.49997,down
2016-12-15,66.0,71.470001,65.400002,68.010002,down
2016-12-29,53.939999,54.139999,43.02,43.349998,down
2012-08-15,46.489999,47.399999,45.859999,1153.499974,up
2016-09-06,31.41,32.34,28.58,28.75,down
2016-09-07,28.9,31.299999,28.67,29.01,up
2012-01-19,37.879999,41.249999,37.449999,999.499978,up
2015-12-18,17.9,18.14,16.73,876.99998,down
2012-02-29,27.999999,31.749999,27.369999,775.999983,down
2013-12-17,45.999999,46.949999,44.799999,2283.999949,up
2014-09-22,24.379999,25.959999,24.349999,1265.999972,down
2014-04-17,24.799999,25.639999,24.309999,1277.999971,up
2013-12-27,43.999999,45.329999,43.599999,2179.999951,up
2016-03-14,3.53,4.08,3.46,202.499995,down
2012-09-07,30.129999,30.469999,29.219999,741.749983,up
2016-10-10,47.16,48.549999,45.849998,47.450001,down
2012-04-09,49.449999,50.089999,47.739999,1248.499972,up
2012-07-19,56.679999,57.529999,55.349999,1416.749968,up
2013-08-30,27.789999,28.309999,26.069999,1371.999969,down
2012-11-27,29.829999,31.239999,29.459999,780.249983,down
2015-12-17,17.68,18.92,17.64,939.999979,up
2011-06-29,46.869999,47.019999,44.489999,1078.979762,up
2016-08-26,32.549999,36.599998,30.5,35.299999,down
2013-05-17,109.759998,118.719997,109.309998,2967.999934,up
2015-06-12,15.94,16.39,15.72,812.499982,down
2012-03-15,40.739999,41.499999,39.039999,1025.499977,up
2013-08-26,22.16,23.029999,21.14,1102.999975,up
2012-01-04,37.189999,37.759999,35.459999,921.249979,down
2012-03-16,41.439999,41.819999,40.619999,1038.749977,up
2016-01-13,16.46,17.12,15.54,810.499982,down
2011-07-29,39.539999,40.989999,39.499999,966.748819,up
2013-03-22,50.109999,50.849999,48.729999,1252.249972,up
2012-11-09,25.349999,26.499999,25.099999,661.249985,down
2014-02-11,24.479999,24.619999,22.12,1125.499975,up
2013-12-31,48.169999,48.249999,43.659999,2202.499951,up
2013-05-01,89.519998,92.439998,84.539998,2194.499951,down
2015-05-26,14.3,14.85,14.28,735.999984,down
2013-09-04,27.729999,28.189999,26.299999,1314.999971,up
2016-04-25,2.01,2.11,1.97,103.999998,down
2014-08-18,15.31,15.5,14.84,741.999983,up
2013-02-13,40.969999,42.769999,40.139999,1065.249976,up
2016-04-26,2.01,2.11,1.94,96.999998,down
2014-05-14,23.629999,23.839999,23.299999,1186.999973,up
2011-01-31,50.819999,52.159999,50.229999,1214.414571,up
2014-12-15,27.739999,32.229999,26.229999,1604.499964,up
2016-12-02,53.959999,53.959999,49.259998,50.080002,down
2011-04-11,34.939999,37.339999,34.929999,869.434647,up
2016-08-10,4.69,4.96,4.61,24.05,down
2015-04-27,14.53,14.67,13.23,710.499984,up
2015-09-17,26.849999,27.199999,22.849999,1187.499973,up
2014-11-11,37.839999,38.159999,32.499999,1741.999961,up
2014-12-10,22.499999,24.379999,21.03,1212.999973,down
2011-11-16,30.779999,31.099999,29.869999,734.236612,down
2012-07-30,50.519999,50.809999,47.909999,1204.749973,up
2013-12-05,50.859999,51.289999,48.229999,2517.999944,up
2013-03-08,57.829999,59.049999,53.219999,1389.999969,down
2016-12-23,66.650002,66.919998,63.59,64.349998,down
2015-10-07,15.5,16.45,15.11,784.499982,up
2012-04-10,49.959999,51.409999,47.619999,1201.999973,up
2012-04-13,45.059999,46.849999,44.669999,1154.249974,down
2011-10-14,36.509999,36.769999,35.129999,831.787558,down
2015-11-03,16.62,16.76,15.5,799.999982,down
2015-10-13,14.83,15.11,13.8,726.999984,down
2014-04-10,20.97,22.749999,20.82,1130.999975,up
2015-12-02,18.4,19.11,17.69,922.499979,down
2013-09-24,35.119999,36.159999,32.949999,1696.999962,up
2011-05-26,42.349999,43.369999,42.209999,1002.738488,down
2013-11-22,40.099999,42.189999,38.959999,2099.999953,up
2015-12-08,16.25,17.31,15.99,836.999981,down
2015-09-11,32.249999,34.999999,30.359999,1549.499965,up
2012-04-17,48.059999,49.099999,45.369999,1179.749974,down
2013-09-27,32.419999,34.479999,31.559999,1677.999962,up
2017-03-02,34.869999,37.75,34.07,37.27,down
2012-05-04,57.059999,57.489999,53.889999,1413.749968,up
2010-12-16,41.919999,43.739999,41.919999,1015.99784,down
2015-06-02,13.88,14.0,13.36,678.499985,down
2016-10-14,47.080002,48.279999,44.18,47.639999,down
2016-04-14,2.25,2.51,2.19,120.499997,up
2011-02-01,49.949999,51.009999,47.879999,1144.802973,up
2015-07-14,21.09,21.52,20.57,1071.999976,down
2012-01-18,38.229999,38.349999,37.049999,941.749979,down
2011-10-26,34.119999,35.929999,33.579999,813.555949,down
2013-01-25,38.289999,41.019999,38.019999,1021.999977,up
2016-12-05,52.860001,55.34,48.639999,50.389999,down
2012-08-22,39.029999,40.349999,36.509999,914.99998,up
2015-04-22,14.35,15.32,14.14,764.499983,down
2012-05-24,50.429999,54.169999,48.799999,1274.499972,up
2014-12-30,25.699999,25.809999,23.299999,1224.999973,down
2015-12-15,17.8,18.63,17.36,905.99998,down
2012-04-11,47.669999,50.099999,47.479999,1243.999972,up
2017-03-06,36.389999,40.07,36.279999,38.700001,down
2015-09-24,26.639999,27.039999,22.479999,1145.499974,up
2016-07-13,5.82,5.98,5.49,28.15,down
2011-11-11,30.679999,30.739999,28.849999,689.012751,up
2012-02-01,29.319999,30.359999,29.219999,753.749983,up
2013-11-04,33.169999,33.539999,31.199999,1570.999965,up
2012-08-27,36.359999,38.039999,36.019999,938.749979,down
2016-11-08,39.169998,41.779999,36.68,40.130001,down
2017-04-06,28.700001,29.18,28.08,28.35,down
2011-01-12,44.669999,46.049999,44.669999,1066.193958,up
2016-05-31,17.6,18.080001,15.87,85.000001,down
2016-10-04,39.27,46.209999,39.189999,46.080002,down
2015-01-02,26.009999,26.439999,22.469999,1127.999975,up
2015-04-28,13.9,13.9,12.47,629.499986,down
2017-02-22,27.6,29.799999,27.23,28.129999,down
2014-10-29,30.049999,33.049999,29.019999,1637.499963,up
2015-06-24,16.7,16.85,16.23,825.999982,down
2016-05-20,14.110001,15.7,14.07,72.400003,down
2017-02-21,27.59,28.75,26.73,27.120001,down
2017-02-01,31.6,32.029999,30.0,30.469999,up
2016-05-18,13.260001,15.44,12.7,76.900003,up
2015-06-25,16.61,17.05,16.32,850.499981,up
2015-06-29,17.03,17.86,16.9,889.99998,up
2013-04-09,63.859999,64.799999,55.759999,1430.749968,up
2011-09-01,32.189999,32.599999,31.039999,747.25919,down
2015-01-08,18.14,19.65,17.06,959.999979,up
2016-10-26,38.200001,41.599998,37.529999,40.330002,down
2012-08-08,46.449999,46.879999,43.839999,1166.749974,up
2015-05-20,13.07,13.16,12.6,652.999985,down
2012-05-02,49.929999,52.289999,49.849999,1279.999971,up
2016-09-28,34.73,36.200001,31.33,32.139999,down
2011-04-18,37.519999,39.729999,37.519999,904.713994,up
2016-08-30,36.049999,41.09,35.599998,40.07,down
2014-02-13,24.539999,24.799999,21.38,1074.999976,up
2016-12-20,71.059998,72.470001,66.160004,66.599998,down
2011-09-19,30.639999,31.359999,29.949999,736.841128,up
2014-03-10,20.07,20.76,19.86,1023.499977,up
2011-01-14,48.919999,50.469999,48.919999,1183.633932,up
2016-04-06,3.25,3.28,3.08,154.999997,down
2016-01-29,14.8,15.0,13.5,679.499985,up
2014-06-06,27.769999,28.819999,27.589999,1383.999969,up
2012-06-25,49.469999,50.249999,45.079999,1150.999974,down
2015-12-23,16.53,16.63,15.77,789.499982,down
2015-06-17,17.04,17.09,15.34,772.499983,down
2013-06-28,159.529996,160.279996,115.929997,3053.749932,up
2014-01-27,30.429999,32.719999,30.039999,1629.999964,down
2016-11-22,50.529999,54.720001,50.009998,50.400002,down
2016-03-23,3.51,3.86,3.46,191.999996,up
2015-03-18,21.06,21.65,17.59,890.49998,up
2014-10-07,28.269999,31.709999,28.139999,1585.499965,up
2011-03-18,45.489999,45.959999,44.479999,1070.219119,down
2012-11-06,27.809999,28.739999,26.839999,675.999985,down
2011-10-12,35.679999,36.639999,35.389999,852.150134,up
2011-05-03,39.259999,42.029999,38.959999,974.79914,up
2012-11-07,26.559999,28.239999,25.619999,649.749985,down
2012-12-05,32.659999,35.719999,32.649999,886.49998,up
2011-12-22,40.939999,42.649999,40.829999,1029.249977,up
2014-02-18,19.75,20.84,19.65,993.499978,down
2012-10-03,23.719999,25.109999,23.709999,622.999986,down
2015-12-31,16.7,16.86,16.34,825.999982,up
2016-12-06,50.619999,52.279999,48.060001,51.330002,down
2012-11-13,28.399999,28.779999,27.339999,708.249984,up
2015-02-03,12.29,12.97,11.85,635.999986,down
2013-12-10,42.339999,42.499999,40.199999,2070.499954,up
2013-10-22,30.709999,30.959999,28.359999,1433.999968,down
2011-08-19,35.209999,35.209999,33.699999,812.608853,down
2014-03-27,26.529999,27.149999,25.079999,1267.999972,up
2012-02-09,30.629999,32.139999,30.179999,799.499982,down
2014-10-01,27.829999,28.189999,26.409999,1408.999969,up
2016-07-07,5.96,6.34,5.92,31.05,down
2011-12-19,41.709999,45.119999,41.609999,1120.499975,up
2013-01-24,35.119999,37.829999,34.829999,941.999979,down
2015-02-09,13.05,13.09,12.47,634.499986,down
2013-07-12,110.529998,116.839997,108.689998,2784.999938,up
2011-12-08,33.299999,35.179999,33.169999,823.026915,down
2017-01-13,37.93,38.990002,35.650002,36.040001,down
2012-10-25,26.279999,26.719999,25.519999,643.749986,up
2011-08-15,37.089999,37.579999,34.709999,824.44756,up
2013-01-02,29.659999,30.309999,29.069999,746.749983,down
2011-11-07,29.839999,29.839999,28.449999,674.09598,down
2012-09-05,35.359999,36.339999,34.839999,875.74998,up
2016-06-08,9.79,10.26,9.38,50.599999,down
2015-10-02,23.349999,23.719999,20.1,1009.999977,up
2014-03-13,18.52,18.68,16.88,846.999981,down
2012-10-26,25.609999,26.629999,25.329999,657.749985,down
2013-10-08,35.719999,40.049999,35.509999,1958.499956,up
2010-12-13,39.619999,40.389999,39.129999,950.884951,down
2016-04-01,3.49,3.55,3.16,157.999996,down
2016-12-12,53.200001,55.310001,51.52,54.18,down
2015-08-04,36.049999,38.599999,35.439999,1880.999958,up
2013-02-14,42.089999,42.189999,40.209999,1052.249976,down
2016-07-21,6.81,6.97,6.26,31.950001,down
2013-03-20,52.879999,53.979999,52.329999,1333.99997,up
2013-07-23,74.529998,77.159998,67.189998,1679.749962,up
2016-03-10,3.75,3.79,3.38,170.499996,down
2014-05-22,24.779999,25.519999,24.749999,1271.499972,up
2016-02-05,9.29,9.57,7.17,360.999992,down
2014-11-10,35.429999,40.729999,35.409999,1993.999955,up
2016-01-28,14.61,15.0,13.72,727.999984,down
2013-01-09,34.649999,35.869999,34.499999,883.49998,up
2011-11-29,35.189999,35.379999,34.189999,827.762398,down
2015-05-14,11.53,12.0,11.1,590.999987,down
2016-12-16,66.0,70.870003,63.419998,67.830002,down
2011-02-08,45.649999,45.949999,44.879999,1065.246862,up
2014-02-07,30.749999,30.779999,28.059999,1403.499969,up
2015-11-12,21.75,21.97,19.75,1056.499976,down
2015-03-17,21.15,21.48,19.67,1044.499977,down
2015-06-30,18.03,18.52,17.41,916.49998,down
2013-03-25,51.369999,53.219999,50.299999,1298.499971,up
2013-05-22,98.479998,104.059998,88.469998,2491.499944,up
2013-09-20,28.159999,32.199999,28.149999,1592.999964,down
2016-08-29,36.419998,37.029999,34.0,35.09,down
2016-03-08,3.36,3.99,3.32,198.499996,up
2011-07-20,37.769999,38.059999,36.259999,864.46239,up
2016-10-12,50.0,50.630001,45.630001,47.509998,down
2014-05-30,29.769999,30.549999,28.339999,1416.999968,up
2013-02-12,42.109999,42.939999,40.439999,1017.749977,down
2016-11-15,54.060001,55.759998,46.720001,47.77,down
2012-08-23,35.479999,36.819999,34.999999,914.74998,up
2015-07-06,18.95,19.28,17.27,894.49998,down
2012-01-30,30.469999,31.299999,29.649999,758.999983,down
2012-12-31,34.609999,34.719999,30.959999,787.749982,up
2012-12-11,33.109999,33.399999,32.359999,830.999981,up
2014-07-22,15.48,15.97,15.32,789.499982,down
2011-03-16,45.629999,48.309999,44.749999,1125.387493,up
2016-03-04,3.83,3.98,3.22,193.999996,down
2014-07-29,15.0,15.6,14.83,769.999983,up
2015-12-21,16.36,16.99,16.09,827.999981,up
2017-04-11,26.5,26.93,24.950001,25.33,down
2015-03-31,18.27,19.41,17.95,959.999979,up
2011-05-12,46.879999,48.049999,45.279999,1097.211371,up
2013-02-05,38.869999,40.299999,38.609999,993.749978,down
2017-03-08,40.84,41.25,38.689999,40.130001,down
2014-01-23,30.399999,30.399999,28.499999,1476.499967,up
2011-10-28,33.469999,33.609999,31.139999,744.181126,down
2012-07-10,46.289999,52.719999,45.769999,1307.999971,up
2012-08-09,46.629999,47.509999,44.349999,1126.749975,down
2016-01-08,13.65,14.19,13.25,677.499985,down
2014-06-09,27.769999,28.149999,27.239999,1407.499969,up
2011-01-13,44.749999,48.559999,44.739999,1137.699749,down
2014-05-05,22.06,22.969999,21.92,1129.499975,down
2013-06-20,120.029997,132.379997,117.299997,3173.749929,up
2015-04-24,14.56,15.1,14.13,754.999983,down
2011-04-08,35.049999,35.439999,34.549999,823.974012,up
2015-08-27,33.209999,33.769999,26.909999,1393.999969,up
2015-09-30,27.849999,27.959999,24.749999,1245.499972,down
2014-11-18,26.569999,27.249999,23.799999,1204.499973,down
2017-02-02,28.4,29.15,27.85,28.5,down
2016-01-25,17.17,17.45,16.48,831.999981,up
2014-07-07,17.08,17.46,16.97,865.999981,up
2012-11-02,25.849999,28.149999,25.789999,697.499984,down
2012-07-02,47.479999,47.959999,45.849999,1167.499974,up
2012-02-07,30.819999,32.099999,29.879999,776.499983,down
2011-03-22,43.359999,43.719999,42.129999,1008.421068,up
2011-12-23,40.639999,41.009999,40.179999,1006.249978,down
2017-04-12,25.280001,26.1,24.690001,24.700001,down
2015-11-17,20.46,22.899999,20.25,1131.999975,up
2015-08-13,24.059999,26.239999,23.409999,1286.999971,up
2014-05-23,25.389999,25.819999,25.199999,1285.999971,down
2011-10-24,39.139999,39.189999,36.639999,872.749485,down
2011-04-26,38.149999,39.319999,38.149999,920.814635,up
2016-02-08,6.63,6.73,6.12,335.499993,down
2012-12-10,33.249999,33.709999,32.439999,819.499982,up
2015-03-09,18.53,21.12,18.39,1051.999976,up
2011-06-22,46.409999,46.469999,44.139999,1074.007505,up
2011-08-29,32.199999,33.769999,32.189999,783.248859,down
2015-04-30,13.14,13.68,12.98,662.499985,down
2012-10-12,24.879999,26.389999,24.729999,655.999985,down
2013-04-11,63.569999,66.339999,61.939999,1654.999963,up
2013-12-24,49.509999,49.579999,45.039999,2274.499949,up
2012-01-20,40.329999,41.009999,38.689999,996.999978,down
2017-01-09,35.169998,38.18,35.080002,37.389999,down
2017-03-20,31.629999,32.34,30.559999,30.99,down
2014-01-17,33.369999,33.599999,31.199999,1574.499965,up
2011-01-28,52.449999,52.539999,48.699999,1197.366832,down
2013-03-27,53.999999,54.399999,50.409999,1264.999972,up
2011-12-09,34.419999,35.079999,33.299999,798.875953,down
2013-06-14,82.589998,88.899998,82.489998,2212.249951,up
2016-08-11,4.79,4.95,4.58,24.55,down
2014-03-25,23.309999,23.929999,22.759999,1176.999974,up
2016-05-17,1.31,1.35,1.21,62.499999,down
2014-10-03,28.679999,30.949999,28.659999,1544.999965,up
2016-07-25,6.74,7.34,6.73,35.700001,down
2013-04-05,59.609999,63.919999,57.879999,1566.249965,up
2014-03-14,16.25,17.27,16.16,834.999981,down
2011-06-06,43.539999,45.909999,42.919999,1081.347503,up
2012-05-23,61.379999,64.839999,51.769999,1295.999971,up
2012-04-25,52.239999,53.509999,48.999999,1233.249972,down
2016-11-17,49.189999,55.139999,46.200001,52.389999,down
2015-02-13,13.35,13.58,12.87,672.999985,up
2016-07-06,6.0,6.08,5.63,28.4,down
2015-10-30,15.61,15.99,14.65,794.499982,up
2016-11-07,38.959999,41.0,38.459999,39.5,down
2016-02-22,5.49,5.54,4.78,244.499995,up
2015-03-23,16.0,16.24,15.22,765.499983,up
2011-07-19,35.929999,37.709999,35.839999,883.404321,up
2016-01-12,15.7,17.0,15.66,807.499982,down
2013-11-14,33.179999,33.749999,31.739999,1596.999964,up
2011-10-21,39.619999,40.739999,39.059999,947.806887,down
2013-03-21,52.099999,52.559999,48.619999,1226.249973,up
2012-04-26,49.239999,50.559999,48.789999,1233.499972,up
2016-01-11,13.41,15.5,13.28,758.499983,down
2011-07-27,36.049999,38.819999,35.749999,917.499797,up
2014-08-08,15.18,15.5,14.75,764.499983,down
2015-09-16,29.529999,29.569999,25.639999,1297.499971,up
2016-08-23,5.55,5.99,5.53,29.700001,down
2014-06-10,27.559999,27.689999,26.299999,1317.499971,up
2014-06-04,28.729999,29.349999,28.599999,1451.999968,up
2013-12-09,49.639999,51.089999,46.809999,2342.499948,up
2015-02-23,15.15,15.44,14.3,735.499984,down
2014-03-03,19.03,20.1,18.87,995.499978,up
2012-06-12,44.239999,44.579999,41.789999,1055.249976,up
2012-02-13,33.009999,34.139999,32.739999,843.749981,down
2013-06-13,88.529998,90.269998,83.999998,2104.999953,up
2011-08-01,40.829999,41.039999,38.939999,949.227532,down
2013-04-23,102.669998,108.839998,101.819998,2628.749941,up
2011-08-16,34.829999,35.809999,34.459999,841.258524,down
2013-06-21,122.929997,137.259997,120.749997,3076.249931,up
2014-12-24,30.029999,30.999999,26.819999,1386.499969,down
2012-09-11,30.649999,31.239999,29.799999,770.249983,down
2015-04-13,15.13,15.81,15.13,782.999982,up
2013-10-09,39.979999,42.499999,37.399999,1924.999957,up
2016-07-20,6.47,7.17,6.46,35.250001,down
2010-12-09,40.719999,41.709999,40.689999,974.562365,up
2014-10-20,27.649999,28.279999,26.559999,1336.99997,up
2014-07-01,16.56,17.2,16.29,849.999981,down
2016-10-25,39.869999,40.380001,36.599998,37.98,down
2015-08-25,24.749999,29.949999,24.499999,1461.499967,up
2012-03-06,36.089999,37.749999,35.979999,903.74998,down
2015-03-13,20.1,22.18,20.07,1017.999977,up
2012-03-05,32.739999,34.699999,32.599999,848.999981,down
2012-01-31,28.659999,31.399999,28.309999,757.999983,down
2014-08-06,15.7,15.8,15.25,770.499983,up
2013-01-23,32.199999,34.499999,32.089999,860.999981,up
2014-01-24,28.549999,31.769999,27.949999,1477.999967,up
2014-08-22,16.29,16.75,16.1,816.499982,down
2011-03-11,45.899999,46.119999,42.819999,1027.836547,up
2015-07-27,33.719999,36.929999,30.499999,1802.99996,up
2014-03-05,20.25,20.56,19.39,974.999978,down
2011-07-01,45.929999,47.759999,45.919999,1105.261691,up
2015-03-19,18.11,18.83,17.6,906.49998,down
2013-12-04,49.999999,51.509999,45.599999,2352.499947,up
2014-04-24,24.219999,24.539999,23.069999,1211.999973,down
2016-02-24,4.22,4.68,3.92,222.999995,down
2015-02-24,15.23,15.43,14.52,749.499983,up
2016-09-22,28.030001,30.49,27.059999,29.49,down
2012-10-17,24.729999,25.289999,23.659999,601.249987,up
2014-11-17,30.559999,31.479999,27.439999,1404.499969,up
2016-10-19,38.400002,39.82,36.66,37.299999,down
2012-03-26,38.999999,40.529999,38.719999,987.249978,up
2014-10-30,33.809999,40.179999,33.699999,1999.999955,up
2013-08-09,79.659998,82.969998,70.089998,1835.499959,down
2015-11-19,19.7,19.85,18.05,925.499979,down
2013-03-04,56.689999,62.029999,56.319999,1545.249965,up
2016-04-15,2.37,2.47,2.18,110.499998,down
2016-11-03,36.849998,37.060001,33.759998,34.509998,down
2015-08-03,34.989999,38.439999,34.819999,1883.499958,up
2012-03-20,44.029999,45.319999,41.349999,1041.249977,down
2014-11-24,25.459999,26.739999,24.719999,1303.499971,up
2012-01-13,36.159999,37.669999,36.059999,903.74998,down
2012-03-23,43.439999,44.139999,40.869999,1043.249977,up
2015-10-15,12.4,12.62,11.5,587.499987,down
2015-04-21,14.26,14.59,13.76,699.499984,up
2013-12-16,45.399999,46.499999,43.299999,2232.99995,up
2016-06-02,16.830001,17.19,16.12,82.85,down
2014-10-28,30.059999,30.989999,28.999999,1455.499967,up
2011-05-25,42.799999,43.259999,41.669999,1004.632681,down
2014-07-14,16.17,16.3,15.51,800.999982,down
2016-06-07,11.25,11.38,10.83,56.150002,down
2014-06-18,22.779999,22.979999,20.88,1046.999977,up
2014-02-06,30.289999,31.449999,29.899999,1547.999965,up
2011-12-27,40.999999,42.529999,40.719999,1050.249977,down
2013-01-15,32.589999,33.629999,31.629999,814.249982,down
2014-10-17,26.059999,28.759999,25.999999,1436.499968,up
2016-08-02,4.83,4.9,4.68,24.15,down
2011-03-03,40.529999,41.629999,40.439999,962.25011,up
2015-08-20,20.47,21.06,18.97,991.999978,up
2011-04-29,37.309999,37.489999,35.999999,860.200455,down
2016-03-07,3.73,3.77,3.29,174.499996,down
2015-02-12,13.78,14.2,13.43,682.999985,up
2013-02-27,50.159999,52.139999,50.029999,1292.249971,up
2011-04-28,36.619999,37.599999,35.919999,886.008837,down
2013-08-27,20.28,25.089999,20.1,1247.999972,up
2011-12-01,30.119999,31.249999,29.269999,715.531455,down
2015-06-09,14.97,15.75,14.65,786.499982,up
2012-04-27,47.479999,48.459999,46.669999,1191.249973,up
2016-02-01,13.23,13.28,12.3,616.999986,down
2016-05-12,1.33,1.44,1.28,70.499998,down
2016-07-28,5.59,5.98,5.5,28.450001,down
2013-11-12,34.139999,35.709999,33.049999,1766.999961,up
2013-10-10,39.059999,40.829999,37.729999,2015.999955,up
2013-07-11,113.669997,118.749997,105.519998,2637.999941,up
2016-04-18,2.14,2.3,2.13,110.499998,down
2014-10-24,29.049999,30.219999,28.679999,1466.499967,up
2015-05-27,14.59,14.9,14.27,714.999984,down
2013-12-30,44.979999,47.439999,44.219999,2359.999947,up
2014-02-19,20.39,21.98,19.75,1081.499976,down
2016-06-28,8.9,9.01,8.52,44.400002,down
2016-12-30,43.200001,49.0,40.5,48.369999,up
2014-10-06,29.829999,30.519999,28.329999,1435.499968,up
2012-08-31,38.969999,40.089999,34.639999,871.749981,down
2015-05-07,14.38,14.9,13.72,686.499985,down
2011-11-15,30.259999,30.899999,29.739999,710.559198,up
2011-10-25,36.719999,38.289999,34.019999,829.183043,up
2012-01-10,34.689999,35.519999,34.189999,884.74998,up
2013-09-17,34.749999,35.699999,33.609999,1687.999962,up
2017-03-23,29.059999,31.870001,28.74,30.4,down
2015-08-06,38.249999,39.089999,34.009999,1843.999959,up
2014-05-07,23.249999,24.829999,23.199999,1221.999973,down
2014-04-04,22.559999,24.099999,22.509999,1187.999973,down
2011-12-12,36.349999,38.279999,36.349999,884.824966,down
2013-07-25,78.199998,78.659998,70.289998,1850.749959,up
2016-03-29,3.5,3.62,2.96,150.499997,down
2012-09-10,29.899999,31.579999,29.799999,782.749983,up
2013-02-01,39.779999,41.949999,39.429999,996.999978,up
2014-11-07,42.109999,42.109999,33.329999,1695.499962,up
2011-08-03,37.779999,38.009999,36.909999,890.981094,down
2012-04-24,52.649999,54.489999,52.179999,1336.74997,up
2014-12-26,25.039999,26.529999,24.499999,1277.999971,down
2011-01-05,44.629999,45.759999,44.269999,1059.327508,down
2010-12-10,41.589999,42.299999,40.649999,968.643012,down
2013-04-08,62.809999,65.649999,61.449999,1621.749964,up
2011-01-27,49.369999,52.389999,49.359999,1224.12231,down
2014-07-03,17.1,17.55,16.53,826.499982,down
2013-09-25,33.429999,33.649999,30.329999,1618.999964,up
2015-10-16,11.85,12.8,11.56,639.999986,down
2012-03-29,43.889999,45.939999,43.139999,1081.999976,up
2015-07-07,19.02,20.55,19.02,1018.999977,down
2014-05-02,24.209999,24.449999,22.719999,1141.499974,up
2013-01-03,30.569999,33.789999,30.019999,840.249981,down
2016-10-11,48.98,51.349998,47.77,50.889999,down
2012-08-17,41.149999,42.919999,40.649999,1054.749976,up
2014-05-19,24.829999,25.929999,24.679999,1272.499972,up
2011-05-02,37.229999,39.349999,36.409999,916.789475,down
2014-04-09,22.609999,22.909999,20.71,1071.999976,up
2012-02-17,31.819999,34.079999,31.809999,845.999981,down
2016-09-21,34.580002,34.860001,28.629999,29.309999,down
2014-05-21,25.929999,26.119999,25.219999,1260.999972,up
2011-06-21,48.959999,49.959999,46.239999,1100.762983,down
2015-03-06,16.98,19.21,16.95,951.499979,down
2013-10-30,27.139999,30.799999,26.589999,1361.49997,up
2012-10-19,26.429999,27.359999,25.489999,646.999986,down
2012-05-18,61.449999,65.009999,58.659999,1607.499964,up
2015-08-05,36.399999,39.999999,35.549999,1964.499956,up
2011-06-30,45.129999,46.149999,44.869999,1070.692667,down
2014-07-08,16.82,17.68,16.54,827.499982,down
2012-08-06,50.399999,50.709999,46.079999,1194.999973,up
2015-07-09,19.92,21.19,19.65,1031.999977,down
2011-11-04,30.629999,31.699999,30.249999,719.083067,down
2013-10-24,28.939999,29.059999,27.329999,1391.999969,up
2014-09-10,19.72,20.41,19.26,1003.999978,down
2012-11-15,32.419999,35.829999,32.349999,872.49998,down
2012-06-20,41.229999,42.719999,38.179999,1022.249977,up
2013-01-08,34.999999,36.259999,34.569999,869.249981,down
2017-01-20,35.080002,36.0,32.610001,34.119999,down
2012-05-01,48.679999,49.609999,47.239999,1216.499973,up
2014-06-30,18.06,18.26,16.51,831.999981,down
2016-01-27,14.75,15.18,13.63,683.499985,down
2013-02-15,43.869999,46.849999,43.839999,1161.499974,up
2015-10-08,16.49,16.62,14.1,814.499982,down
2010-12-08,40.479999,42.019999,40.179999,985.927524,up
2012-03-08,34.639999,35.919999,33.669999,863.999981,down
2013-11-25,44.449999,46.369999,41.299999,2112.999953,up
2015-11-10,20.8,21.4,20.15,1054.499976,down
2014-03-31,24.859999,26.359999,24.199999,1291.999971,up
2014-01-07,40.199999,40.949999,38.589999,1931.999957,up
2014-08-21,16.01,16.62,15.9,817.499982,down
2012-03-12,35.139999,36.569999,34.709999,905.24998,up
2013-01-22,33.549999,33.959999,31.669999,798.249982,down
2016-11-23,56.41,60.41,56.34,57.75,down
2016-07-01,7.17,7.22,6.56,33.5,down
2012-07-26,54.119999,55.179999,50.719999,1280.999971,up
2011-07-05,44.409999,45.189999,43.189999,1034.702997,down
2013-03-19,53.419999,54.289999,51.639999,1325.24997,up
2015-09-22,26.749999,28.599999,26.499999,1414.999968,up
2013-01-28,40.919999,42.499999,40.469999,1055.749976,down
2015-07-23,31.869999,36.999999,31.459999,1823.999959,up
2013-02-19,47.119999,49.239999,47.109999,1208.999973,down
2016-05-10,1.61,1.68,1.43,72.999998,down
2014-11-20,25.859999,27.149999,24.789999,1287.499971,up
2012-09-26,26.959999,27.859999,25.079999,640.249986,down
2016-04-22,1.97,2.09,1.85,101.999998,down
2014-04-25,23.709999,23.959999,22.599999,1131.999975,up
2014-11-13,33.349999,37.029999,32.959999,1811.49996,up
2011-03-15,47.709999,47.969999,45.239999,1077.795891,down
2011-02-18,42.659999,42.859999,41.449999,1003.448811,down
2014-06-16,22.509999,23.279999,22.33,1152.999974,up
2012-12-12,32.349999,32.579999,29.729999,761.999983,down
2013-01-11,33.099999,33.979999,32.699999,824.249982,up
2013-10-04,37.019999,38.299999,36.459999,1872.999958,up
2011-10-19,36.969999,40.769999,36.939999,962.486884,down
2013-10-29,26.999999,28.999999,26.649999,1441.499968,up
2017-02-08,24.49,25.35,24.040001,24.4,down
2015-01-28,11.94,13.07,11.6,636.999986,up
2016-07-27,6.24,6.73,5.54,28.4,down
2011-01-21,50.779999,51.679999,49.999999,1221.754569,up
2016-04-19,1.96,2.0,1.84,94.999998,down
2016-07-26,6.78,6.95,6.38,32.849999,down
2015-06-04,14.81,15.11,14.74,749.999983,up
2016-03-16,3.98,4.13,3.0,151.499997,down
2014-01-02,41.179999,41.329999,38.119999,1929.499957,up
2015-09-08,28.899999,30.189999,27.499999,1440.499968,down
2015-08-31,26.579999,28.429999,25.549999,1277.499971,down
2014-07-17,16.26,16.38,15.05,757.499983,down
2016-07-14,6.1,6.21,5.7,28.65,down
2016-04-08,2.86,2.87,2.52,127.999997,up
2014-08-04,16.5,17.22,16.25,840.499981,up
2013-07-30,74.239998,77.279998,72.999998,1873.499958,up
2012-11-16,34.909999,36.269999,33.059999,843.499981,down
2012-12-28,33.879999,34.849999,33.109999,869.999981,up
2011-02-16,44.289999,45.479999,44.019999,1046.30493,up
2013-06-26,156.829996,166.499996,154.659997,4142.499907,up
2016-03-03,4.29,4.32,3.7,192.499996,down
2013-05-24,98.759998,103.039998,93.999998,2557.499943,up
2015-06-08,15.5,15.9,15.13,756.499983,down
2014-01-08,40.399999,41.169999,39.629999,2025.999955,up
2014-02-04,31.009999,31.189999,29.499999,1475.499967,down
2015-10-28,12.29,14.25,11.3,681.999985,down
2013-10-03,35.999999,37.279999,34.879999,1857.499958,up
2012-06-08,46.609999,47.369999,42.819999,1092.249976,down
2013-10-31,29.769999,30.779999,28.999999,1535.999966,up
2013-08-23,24.879999,24.889999,22.16,1125.499975,down
2017-04-10,28.799999,29.32,27.5,27.77,down
2015-06-22,16.43,16.66,16.15,831.499981,up
2016-08-03,4.93,5.13,4.93,25.0,down
2012-06-21,43.439999,47.279999,43.119999,1179.749974,up
2015-04-17,14.23,14.64,13.78,722.499984,down
2011-01-19,47.299999,49.789999,47.289999,1165.639097,up
2015-07-15,22.08,23.089999,21.93,1147.499974,down
2014-05-06,22.579999,23.049999,22.529999,1145.999974,down
2013-07-16,110.879998,110.879998,95.009998,2375.249947,up
2012-12-06,35.539999,35.699999,33.599999,874.24998,down
2017-01-12,34.540001,37.869999,33.610001,36.59,down
2015-10-20,13.84,13.89,12.17,631.999986,up
2012-08-10,45.059999,45.429999,43.789999,1101.999975,up
2013-05-14,92.289998,94.559998,86.699998,2346.999948,up
2012-11-08,26.409999,27.229999,24.789999,633.749986,down
2013-06-17,88.999998,90.009998,85.999998,2200.499951,up
2012-10-10,25.819999,26.109999,24.279999,629.999986,down
2011-08-02,39.069999,39.699999,37.839999,916.079153,up
2011-03-30,40.839999,41.689999,40.209999,953.726241,up
2016-08-09,5.08,5.14,4.97,25.3,down
2015-12-22,16.75,17.06,16.0,841.499981,up
2014-06-24,16.93,18.67,16.63,930.999979,up
2015-02-10,13.17,13.73,13.1,675.499985,down
2016-04-27,1.91,2.05,1.86,93.499998,down
2012-06-27,47.569999,50.739999,47.279999,1220.249973,up
2011-11-01,35.609999,36.369999,32.699999,792.009503,down
2015-07-08,19.76,20.93,19.36,1043.499977,up
2014-10-27,29.929999,30.999999,29.679999,1549.999965,up
2012-07-27,50.469999,52.709999,49.659999,1250.999972,down
2013-09-19,23.949999,27.839999,23.839999,1341.49997,up
2012-05-15,69.109998,77.459998,67.109998,1925.499957,up
2016-05-16,1.29,1.34,1.24,64.499999,down
2014-05-09,24.209999,25.199999,23.889999,1225.999973,up
2014-04-07,23.959999,24.299999,22.619999,1181.999974,down
2017-03-14,37.0,40.27,35.66,39.73,down
