2012-07-05,11.86,12.14,11.57,1164.999974,down
2011-04-12,38.609999,39.159999,37.149999,3634.670995,up
2015-04-08,10.98,11.21,10.32,21.26,down
2014-05-28,28.559999,28.889999,27.040001,54.799999,up
2014-05-20,32.529999,33.540001,32.41,65.879997,up
2011-11-21,29.279999,29.459999,28.079999,2811.79917,up
2015-05-01,11.81,12.43,11.75,24.82,down
2012-03-19,17.02,17.46,16.5,1652.999963,up
2015-02-20,14.42,14.97,13.95,27.98,down
2014-02-10,39.830002,42.470001,39.830002,84.0,up
2012-09-12,14.73,14.75,13.42,1450.999968,up
2015-07-22,3.55,3.91,3.42,7.48,down
2014-10-09,24.040001,24.08,20.18,43.84,up
2013-02-25,6.04,6.27,5.95,604.999986,up
2013-12-13,27.459999,28.209999,26.610001,53.720001,down
2011-12-28,19.92,20.09,17.95,1799.99996,up
2011-05-17,29.489999,30.439999,28.859999,2916.580746,up
2015-11-04,35.1,36.31,32.07,6.42,down
2012-08-01,9.21,9.48,7.94,895.99998,up
2016-07-05,151.409998,155.500002,142.030001,30.756001,down
2016-09-19,19.059999,19.15,18.309999,18.49,down
2012-09-17,18.2,18.37,17.3,1800.99996,up
2011-10-05,26.489999,28.869999,26.099999,2762.772928,up
2013-06-24,6.01,6.07,5.38,111.199999,down
2015-09-23,2.91,2.94,2.66,5.36,down
2017-02-15,11.94,12.49,11.8,12.43,up
2012-11-28,10.94,11.98,10.75,1194.999973,up
2015-03-04,13.88,13.9,13.0,26.120001,down
2015-07-10,7.0,7.02,6.58,13.5,down
2010-12-17,37.319999,37.479999,36.279999,3566.418776,up
2012-01-26,24.619999,25.499999,23.909999,2428.999946,down
2016-05-25,71.500001,79.229999,67.329998,15.51,down
2013-03-28,5.57,5.64,5.48,561.999987,up
2016-11-11,10.78,10.83,8.11,8.28,down
2014-11-03,11.5,12.55,11.11,24.719999,up
2016-06-30,123.249998,127.220001,119.499998,25.224001,up
2011-12-02,34.289999,34.499999,30.099999,2908.890355,up
2015-05-22,11.7,11.91,11.5,23.08,down
2014-02-27,48.889999,50.619999,47.52,95.860001,up
2015-01-21,21.34,21.4,18.360001,39.240002,down
2017-03-28,9.72,9.87,8.77,9.06,down
2011-10-18,29.539999,30.989999,27.929999,2955.993999,up
2015-01-29,16.540001,17.32,15.75,34.0,down
2012-01-25,19.4,23.739999,19.05,2337.999948,up
2013-06-19,8.91,9.09,7.91,160.800005,down
2013-05-23,9.96,9.99,9.41,191.800006,up
2011-08-22,37.839999,40.079999,37.479999,3810.588687,up
2012-05-25,11.36,11.65,11.09,1147.999974,down
2015-09-09,2.79,2.91,2.65,5.36,down
2017-03-22,9.81,10.0,9.46,9.63,up
2015-08-18,4.03,4.18,3.83,8.12,down
2016-03-17,70.85,74.650002,64.200001,12.932,up
2011-09-26,29.829999,31.759999,29.099999,3029.052713,up
2012-09-21,19.2,19.41,18.49,1895.999958,down
2015-12-14,27.909999,28.180001,23.800001,4.766,down
2015-05-19,12.73,12.73,11.83,23.719999,up
2014-09-19,29.25,29.389999,26.950001,55.02,up
2013-06-27,4.7,4.98,4.6,96.800004,up
2012-02-15,22.389999,22.419999,21.28,2138.999952,up
2010-12-23,36.499999,37.779999,36.309999,3586.606052,up
2011-12-14,21.59,22.27,19.67,2067.999954,down
2014-08-14,50.040001,51.029999,47.720001,97.160004,down
2012-02-14,22.23,22.539999,20.9,2161.999952,up
2016-04-29,105.799999,119.180002,105.52,23.813999,down
2016-03-31,63.140001,63.88,58.400002,11.708,down
2012-06-19,13.51,13.62,13.08,1340.99997,up
2015-01-26,16.610001,18.5,16.040001,37.0,down
2016-12-22,5.95,6.29,5.9,5.98,down
2015-05-08,11.81,12.0,11.25,23.68,up
2016-09-23,21.82,22.0,19.59,20.26,down
2013-04-15,13.67,13.730001,11.7,235.399997,up
2013-06-04,11.61,11.71,11.02,229.000003,down
2013-04-16,13.080001,13.210001,11.22,229.800006,up
2011-03-17,31.659999,31.939999,31.149999,3041.549598,up
2016-09-20,18.48,18.92,18.0,18.42,down
2016-11-04,15.33,15.43,14.21,14.88,down
2012-09-06,13.32,13.86,13.1,1377.999969,up
2015-11-30,24.5,25.769999,24.289999,5.09,down
2016-09-01,17.52,19.870001,17.15,19.76,up
2013-01-14,10.4,10.46,10.07,1010.999977,up
2011-09-20,39.369999,42.669999,38.779999,4013.422747,up
2015-02-17,14.72,15.05,14.16,28.6,down
2012-05-03,12.01,12.08,10.65,1105.999975,up
2012-09-27,17.17,17.99,16.7,1793.99996,up
2015-01-22,20.299999,20.620001,19.02,38.52,down
2016-10-18,13.04,13.77,12.65,13.67,down
2014-06-20,43.66,44.529999,42.330002,86.800003,up
2014-07-10,52.389999,53.220001,46.75,93.959999,up
2013-04-02,26.09,26.110001,23.6,475.799995,up
2016-03-22,69.400001,70.26,64.050002,13.262,down
2016-06-10,114.34,118.999996,104.499998,21.375999,up
2012-01-12,23.499999,24.199999,22.769999,2325.999948,up
2012-04-23,12.38,12.38,11.35,1208.999973,down
2013-06-03,11.5,12.42,11.37,243.399998,down
2011-05-11,32.179999,32.559999,29.829999,2914.658148,up
2013-01-18,10.11,10.12,9.88,1001.999978,down
2013-12-11,30.719999,30.719999,27.33,54.779999,down
2017-01-11,9.27,9.82,8.63,9.48,down
2015-02-19,15.26,15.41,13.94,28.42,up
2013-08-15,7.91,9.88,7.85,197.000003,up
2011-02-14,32.209999,32.989999,32.209999,3149.21507,up
2012-10-04,17.46,18.19,17.3,1815.999959,down
2015-02-11,16.049999,16.18,14.9,30.059999,down
2012-03-13,19.35,20.1,18.92,1915.999957,up
2014-10-23,18.74,20.0,18.139999,39.139999,down
2012-04-02,16.37,17.55,16.25,1716.999962,up
2013-07-29,7.93,7.98,7.55,152.199999,down
2014-08-20,46.459999,47.619999,45.5,92.099998,down
2014-07-16,43.200001,45.599998,43.200001,89.459999,down
2013-06-07,11.14,11.29,10.27,210.600009,up
2013-08-02,6.67,6.96,6.2,124.800005,down
2013-08-01,7.45,7.49,6.66,134.000002,up
2013-04-24,11.34,13.080001,11.31,257.000004,up
2016-08-04,169.300003,174.300003,168.850002,34.138,down
2013-08-21,93.32,94.400002,83.769997,168.740005,up
2010-12-29,39.179999,39.389999,38.719999,3750.026859,up
2016-08-05,156.77,158.500004,151.800003,30.893999,down
2013-02-21,5.64,6.13,5.6,584.999987,up
2014-06-25,41.43,43.830002,41.34,85.599998,down
2012-01-24,20.53,20.55,19.55,1973.999956,up
2016-09-08,24.200001,24.879999,22.51,23.07,down
2015-08-24,4.32,4.74,3.39,6.98,down
2014-01-10,29.4,30.950001,29.049999,61.34,up
2011-03-10,33.929999,34.139999,32.699999,3178.054036,up
2012-10-22,15.53,16.32,15.5,1629.999964,down
2012-09-13,14.36,16.75,13.88,1669.999963,up
2016-10-24,14.71,14.78,12.92,13.46,down
2014-07-09,47.02,50.220001,46.869999,99.419998,up
2013-02-28,5.84,5.84,5.44,551.999988,up
2015-03-03,14.69,15.15,13.58,27.58,down
2016-03-01,58.990002,59.489999,50.66,10.236,down
2016-06-24,124.879999,125.4,110.019999,22.790001,up
2013-07-24,8.38,8.47,6.84,146.600008,up
2016-05-03,114.680004,115.050001,101.129999,20.712,down
2014-08-27,43.43,44.09,42.799999,85.919998,up
2014-03-19,48.52,49.130001,44.080002,88.379997,up
2012-07-25,8.6,9.24,8.36,882.99998,up
2014-09-12,33.0,33.73,32.049999,64.68,down
2012-01-06,22.639999,22.759999,21.44,2160.999952,up
2014-12-12,12.64,12.97,11.85,24.0,down
2014-08-15,45.939999,48.009998,45.630001,93.879997,up
2015-12-03,26.94,27.920001,26.02,5.438,down
2012-02-23,25.589999,26.479999,25.239999,2574.999942,up
2015-07-30,3.38,3.5,3.2,6.5,down
2015-09-01,3.42,3.52,3.03,6.1,down
2013-02-07,8.05,8.53,7.99,831.999981,up
2016-08-12,178.320007,178.799992,165.0,33.396,down
2012-02-28,24.919999,26.049999,24.459999,2597.999942,up
2015-03-05,13.36,13.72,12.86,26.299999,down
2014-11-21,16.360001,16.49,14.82,31.040001,up
2012-04-16,14.1,14.39,13.19,1341.99997,up
2013-10-18,46.080002,47.450001,44.77,90.599998,down
2012-05-21,9.25,10.21,9.23,1014.999977,up
2012-08-14,10.16,10.48,10.01,1005.999978,down
2015-08-26,2.99,2.99,2.61,5.34,down
2015-04-09,10.28,10.58,10.11,20.74,up
2012-09-18,17.95,18.48,17.52,1844.999959,up
2013-10-07,46.240002,47.490002,45.830002,94.440002,down
2016-04-20,89.069996,95.59,82.869997,16.879999,down
2016-11-10,13.58,13.59,10.62,10.97,down
2011-03-08,36.529999,36.619999,35.199999,3477.979281,up
2016-02-19,52.43,54.780002,49.520001,10.068,down
2013-09-16,57.049999,58.689999,54.349998,109.059998,up
2013-07-09,5.0,5.23,4.84,99.000001,down
2011-11-28,29.659999,30.089999,28.989999,2818.528262,up
2013-04-01,5.62,5.62,5.32,540.999988,down
2016-06-23,97.209997,102.150002,95.810003,19.396,down
2014-06-02,28.469999,29.27,27.799999,56.560001,up
2015-01-12,15.99,17.950001,15.75,34.599998,down
2011-11-25,28.139999,29.039999,27.949999,2689.714214,up
2011-03-02,38.249999,38.369999,37.369999,3647.16788,up
2012-06-14,12.97,13.02,12.26,1281.999971,down
2015-10-21,43.850002,44.439998,40.640001,8.346,down
2017-01-17,10.61,10.72,10.23,10.47,up
2017-02-27,11.21,11.87,9.29,9.45,down
2011-05-13,29.999999,30.649999,28.619999,2837.754239,up
2015-01-14,16.24,16.34,13.61,29.120001,down
2011-07-13,33.739999,35.619999,33.599999,3354.933027,up
2015-03-27,10.53,10.91,10.04,20.76,down
2017-01-26,9.84,10.1,9.63,9.77,down
2015-08-19,4.17,4.47,4.15,8.76,down
2011-12-05,30.109999,31.999999,29.049999,2840.638136,up
2011-07-06,31.269999,31.669999,30.799999,3013.671931,up
2013-07-10,5.04,5.23,4.76,98.800005,down
2017-02-24,12.08,12.08,11.14,11.26,down
2011-01-06,35.309999,35.329999,33.229999,3209.776898,up
2011-10-03,30.249999,30.749999,28.329999,2725.282272,down
2012-05-07,11.17,11.43,10.44,1088.999976,down
2011-06-27,27.099999,27.789999,26.719999,2636.842777,up
2014-11-19,16.6,16.700001,13.88,28.040001,down
2012-06-18,12.35,13.64,12.19,1346.99997,up
2013-09-30,49.200001,52.09,48.799999,100.519997,down
2016-05-27,74.809999,76.950002,69.159999,14.174,down
2015-06-15,9.27,9.74,9.15,18.780001,up
2014-02-24,53.099998,53.490002,52.0,104.0,up
2014-12-18,11.16,11.94,10.61,23.639999,down
2015-05-18,13.46,13.59,13.06,26.52,up
2011-05-18,30.809999,31.369999,30.429999,2956.955298,up
2015-03-20,10.64,11.49,10.53,22.52,down
2012-05-16,7.9,8.63,7.69,793.999982,up
2017-02-09,13.48,13.55,12.33,12.45,down
2012-03-01,23.529999,24.499999,23.059999,2385.999947,up
2017-03-03,8.08,8.89,7.89,8.57,down
2015-11-18,22.79,24.960001,21.700001,4.89,down
2015-04-16,12.21,12.5,11.49,23.280001,up
2013-10-23,53.43,54.57,48.860001,99.099998,up
2011-08-24,36.139999,36.539999,33.679999,3369.352509,up
2016-04-04,59.08,59.099998,54.400001,10.94,down
2015-10-29,39.64,40.86,35.009999,7.166,down
2011-04-27,37.119999,38.549999,35.829999,3686.581134,up
2015-03-24,12.11,12.15,11.6,23.639999,down
2011-04-15,38.839999,38.839999,37.779999,3675.045547,up
2016-04-07,63.590002,65.939999,62.940001,13.056,down
2015-07-17,5.87,5.88,5.14,10.42,down
2015-04-29,12.92,13.65,12.69,26.719999,up
2011-09-14,40.059999,40.179999,38.579999,3728.878284,up
2015-05-12,12.12,12.49,12.02,24.84,down
2012-09-25,17.83,18.01,16.28,1628.999964,up
2012-07-12,8.44,8.97,8.0,877.99998,down
2015-06-18,10.2,10.25,9.97,20.200001,down
2015-01-07,14.13,15.6,13.72,28.719999,up
2016-11-21,8.79,9.15,8.59,8.84,down
2016-09-09,22.0,22.049999,18.93,19.33,up
2012-05-08,10.18,10.26,9.47,978.999978,up
2014-12-02,13.02,14.3,12.69,26.620001,down
2011-02-04,33.319999,33.479999,32.279999,3124.2213,up
2011-03-31,36.819999,37.319999,36.519999,3530.850718,up
2015-12-01,26.09,28.0,25.17,5.566,down
2014-03-04,47.740002,49.470001,47.0,97.040001,up
2015-07-13,6.47,6.78,6.3,13.54,down
2014-01-14,32.599998,34.0,30.790001,62.040001,up
2012-03-27,17.72,17.76,16.65,1673.999963,up
2011-02-10,32.119999,32.549999,31.359999,3096.343633,up
2016-07-12,162.5,165.499992,148.000002,29.724001,down
2011-04-13,38.669999,38.669999,37.109999,3609.677225,up
2012-08-07,10.17,10.28,9.96,1027.999977,down
2012-07-31,9.99,10.14,9.35,939.999979,down
2011-04-01,36.489999,36.859999,35.999999,3493.360063,up
2013-02-20,6.2,6.28,5.55,559.999987,down
2013-11-29,32.02,33.209999,31.66,65.199997,down
2016-02-09,48.309999,48.979998,40.630002,8.172,down
2011-10-17,31.829999,31.899999,30.199999,2923.309838,up
2014-09-03,41.889999,42.299999,41.130001,82.519997,down
2015-12-07,30.23,30.46,26.68,5.51,down
2014-10-02,23.6,24.01,22.5,47.52,up
2015-10-05,34.15,38.13,34.02,7.55,down
2015-12-28,26.15,26.229999,24.170001,4.998,down
2016-02-04,34.630001,38.25,34.51,7.37,up
2011-02-22,37.369999,37.589999,35.099999,3376.081601,up
2014-12-22,11.39,11.57,9.5,19.379999,down
2012-11-21,11.58,12.19,11.35,1213.999973,up
2013-05-09,12.06,13.54,12.01,244.399998,down
2013-08-22,87.43,92.129997,85.019997,175.100006,down
2016-03-18,64.109998,69.580002,64.000001,13.264,down
2016-05-11,102.5,107.720003,94.15,20.872,up
2012-04-12,13.36,14.93,13.36,1476.999967,up
2016-10-27,13.74,13.85,12.38,12.79,down
2013-10-14,39.759998,40.099998,38.099998,78.139999,up
2016-05-02,123.000002,123.959999,109.15,22.577999,down
2016-01-15,23.099999,23.099999,20.599999,4.138,down
2012-07-24,8.32,8.37,7.92,811.999982,up
2014-05-12,35.790001,36.169998,35.029999,70.720001,down
2015-08-28,3.1,3.53,3.09,6.84,down
2017-04-03,9.04,9.49,8.98,9.43,up
2013-02-06,8.12,8.34,8.1,827.999981,up
2014-04-21,34.130001,34.880001,31.879999,67.559998,down
2016-02-23,54.499998,55.900002,52.550001,10.898,down
2011-10-31,33.589999,33.619999,32.439999,3123.260001,up
2014-11-26,16.540001,16.540001,15.83,32.02,down
2011-09-29,29.529999,29.819999,28.019999,2774.308514,up
2013-03-18,5.6,5.74,5.42,546.999988,down
2014-07-23,46.009998,47.580002,45.599998,91.440002,down
2014-06-23,43.549999,45.689999,42.759998,91.080002,down
2014-05-29,27.059999,28.93,27.030001,56.139999,down
2012-09-28,17.68,18.14,17.25,1771.99996,up
2013-09-18,55.959999,76.099998,54.869999,146.740005,down
2016-02-10,40.4,43.499999,36.19,8.68,down
2014-12-31,10.9,11.5,10.53,22.32,up
2012-10-18,16.46,16.63,15.47,1549.999965,up
2016-07-11,161.509991,169.820004,160.100002,33.584,down
2012-11-29,12.16,12.4,11.7,1206.999973,up
2011-06-23,28.259999,29.049999,27.499999,2789.689296,up
2014-10-21,22.18,22.67,21.01,42.34,down
2012-05-29,11.84,11.91,10.54,1088.999976,up
2016-05-13,98.730001,103.439999,96.689997,20.174,down
2014-04-14,38.869999,39.950001,37.849998,76.879997,up
2013-10-17,44.0,48.360001,43.25,91.599998,up
2017-03-21,9.38,9.9,9.35,9.61,down
2014-03-21,46.27,46.700001,43.310001,88.959999,up
2014-12-01,12.94,14.66,12.73,28.879999,down
2011-08-30,38.389999,39.029999,37.579999,3717.342697,up
2015-07-21,3.75,4.1,3.72,7.54,down
2012-03-22,15.67,16.05,15.36,1570.999965,up
2013-02-11,7.97,7.97,7.62,769.999983,down
2016-03-24,53.049998,55.760002,51.669998,10.922,down
2013-07-18,6.13,6.2,5.79,117.400003,up
2014-04-23,35.25,38.099998,35.0,74.540001,down
2014-06-11,31.459999,32.599998,31.26,65.139999,down
2016-12-13,7.76,8.15,7.6,8.08,down
2016-04-12,84.969997,88.120003,80.33,17.23,up
2015-06-26,8.69,8.83,8.55,17.24,up
2014-08-12,48.509998,50.950001,48.290001,100.099998,up
2014-02-20,47.139999,52.349998,46.759998,103.459999,up
2012-09-20,18.31,18.58,17.79,1850.999959,up
2016-07-29,156.029997,163.400002,152.229996,32.102001,down
2012-08-13,10.82,11.04,10.14,1026.999977,up
2014-03-07,49.709999,49.950001,48.060001,97.760002,down
2013-12-06,26.879999,27.34,25.5,51.240002,down
2016-06-13,114.919996,115.740004,102.609997,21.280001,down
2012-11-05,13.96,14.11,13.43,1345.99997,up
2011-02-23,35.639999,37.009999,35.399999,3505.856948,up
2015-01-20,19.93,21.0,19.75,41.279999,down
2014-05-13,35.279999,36.099998,34.560001,69.120003,up
2012-02-27,24.579999,25.039999,23.859999,2427.999946,up
2016-10-21,14.5,14.62,13.98,14.42,down
2016-05-24,80.860004,83.360004,72.270002,14.5,up
2015-09-28,2.86,2.91,2.65,5.34,down
2015-08-21,5.25,5.26,4.41,9.08,up
2011-11-09,35.889999,37.229999,34.499999,3321.287566,up
2017-01-05,9.33,10.5,9.3,10.32,down
2012-05-11,10.02,10.55,9.83,990.999978,up
2016-08-22,142.76,143.879995,139.490004,28.388,down
2017-04-13,11.27,11.62,10.94,11.15,down
2016-06-16,119.790001,119.919996,99.680004,20.148001,up
2016-03-02,52.399998,55.98,51.18,10.976,down
2016-01-05,26.61,26.65,25.350001,5.192,down
2011-06-17,26.839999,27.719999,26.599999,2590.700432,up
2014-07-11,47.43,50.799999,47.279999,101.080002,down
2014-09-04,41.860001,42.139999,36.619999,73.919998,down
2011-12-15,21.49,21.63,19.78,1988.999956,up
2012-04-19,13.66,13.95,13.24,1338.99997,down
2011-04-25,40.029999,40.029999,37.499999,3626.980604,up
2011-10-13,30.709999,30.819999,29.459999,2897.354768,down
2013-11-13,41.310001,41.919998,40.240002,81.980003,down
2013-05-06,12.15,12.24,11.91,242.200001,up
2014-05-15,34.880001,35.41,33.549999,68.0,down
2011-04-14,37.639999,38.909999,37.509999,3698.11672,up
2015-02-06,17.18,17.68,16.049999,32.220001,down
2013-05-07,11.42,11.54,10.83,221.000003,up
2013-06-05,11.6,12.14,11.19,231.399997,up
2015-04-06,11.6,11.86,11.34,23.42,down
2015-09-02,3.06,3.17,2.8,5.96,down
2015-04-20,11.36,11.85,11.17,23.700001,up
2015-08-07,3.15,3.47,3.1,6.3,down
2013-04-03,23.430001,24.3,20.080001,410.799994,up
2013-11-20,38.349998,39.459999,34.549999,71.5,down
2013-05-13,11.55,11.7,11.14,223.800006,up
2013-07-02,6.08,6.12,5.15,107.000002,down
2011-07-11,31.699999,32.049999,30.399999,2954.071401,up
2014-09-02,43.279999,43.349998,41.200001,82.580002,down
2015-10-19,46.18,47.049999,40.139999,8.212,down
2015-02-05,18.15,19.27,17.809999,38.459999,up
2011-12-29,17.42,19.12,17.09,1901.999957,up
2012-12-18,10.84,10.89,10.04,1031.999977,down
2013-03-15,5.37,5.51,5.31,540.999988,down
2016-11-02,16.120001,16.559999,14.07,14.48,down
2011-01-10,33.529999,33.729999,32.899999,3225.15768,up
2011-01-04,37.469999,37.569999,34.869999,3472.211488,up
2013-07-08,5.27,5.3,4.77,95.400003,down
2016-06-27,117.189999,122.799997,110.349998,23.634001,down
2012-07-16,9.16,9.2,8.86,901.99998,up
2016-11-14,7.75,9.18,7.31,8.51,down
2015-01-30,17.120001,18.66,16.309999,37.119999,up
2015-09-14,2.63,2.79,2.53,5.26,down
2015-10-26,46.690001,46.719999,42.690001,8.576,up
2016-09-13,20.0,20.139999,17.610001,18.459999,up
2015-02-18,14.41,15.47,13.9,30.459999,up
2016-01-04,26.48,27.1,25.109999,5.272,down
2013-07-15,5.65,5.78,5.48,111.6,up
2013-04-25,13.610001,14.2,13.04,265.799992,up
2013-11-06,45.639999,46.5,45.16,91.720001,down
2011-09-13,39.769999,40.719999,38.419999,3874.995711,up
2014-01-28,34.599998,36.73,33.669998,72.379997,down
2015-05-06,12.53,12.58,11.32,22.799999,down
2014-09-24,26.469999,27.200001,25.780001,51.599998,up
2015-07-29,3.43,3.69,3.3,7.2,down
2012-02-06,24.449999,25.479999,24.219999,2462.999945,up
2014-06-26,41.93,43.91,41.16,87.639999,down
2013-04-26,13.34,13.57,11.52,238.000004,up
2014-08-07,45.59,47.330002,44.669998,93.120003,down
2011-06-24,28.899999,28.909999,27.379999,2644.533168,up
2012-01-05,21.45,22.729999,20.89,2218.99995,down
2016-11-28,8.05,8.65,7.8,8.62,down
2011-04-05,36.399999,39.929999,36.319999,3834.621158,up
2014-09-09,33.860001,35.59,33.130001,70.580002,down
2011-07-14,35.819999,35.819999,34.189999,3307.829382,up
2011-03-24,37.999999,38.319999,36.419999,3527.005523,up
2011-06-03,31.499999,32.489999,31.459999,3072.311161,down
2014-09-29,25.549999,25.709999,24.25,48.5,down
2011-09-30,28.339999,30.579999,28.169999,2799.302285,up
2016-12-09,8.36,8.44,7.51,7.69,down
2015-01-09,14.43,15.6,14.4,31.08,up
2015-03-12,9.69,9.84,9.0,18.639999,down
2015-11-09,24.920001,26.860001,24.02,5.372,down
2016-10-06,11.62,12.24,11.22,11.7,up
2014-09-23,26.91,27.450001,26.01,53.82,up
2012-08-28,12.27,12.52,12.05,1211.999973,up
2015-04-02,10.67,11.12,10.13,21.1,down
2012-11-19,11.76,11.96,11.53,1191.999973,up
2017-03-10,7.57,8.18,7.45,8.01,down
2014-03-20,43.060001,45.91,42.75,88.220001,up
2014-01-16,33.029999,33.509998,32.279999,66.32,down
2011-07-12,30.679999,33.079999,30.629999,3138.640783,up
2015-03-11,8.77,9.59,8.17,19.0,down
2017-01-30,10.33,10.68,10.03,10.14,down
2016-06-03,87.659998,100.220003,87.659998,19.98,up
2014-03-17,56.450001,56.970001,51.900002,104.080002,up
2016-06-14,108.100004,108.269997,96.98,19.9,down
2011-01-18,31.989999,32.509999,31.819999,3096.343633,up
2011-05-06,32.609999,33.449999,31.559999,3056.930379,down
2012-02-03,25.459999,25.709999,24.329999,2499.999944,down
2016-01-20,19.2,19.5,17.920001,3.884,down
2012-07-06,11.06,11.37,10.5,1064.999976,up
2014-08-13,50.330002,51.240002,49.299999,100.099998,down
2011-09-16,38.599999,40.039999,38.379999,3813.472583,up
2013-06-11,9.87,10.2,9.52,191.800006,down
2012-06-05,13.08,13.48,12.87,1342.99997,up
2011-08-31,38.769999,39.209999,37.329999,3695.232824,up
2015-02-04,18.23,18.98,17.549999,37.200001,down
2016-10-28,12.68,13.68,12.3,12.94,down
2014-08-19,47.5,48.0,45.900002,92.5,up
2012-08-02,8.85,9.39,8.6,882.99998,up
2013-07-31,7.43,7.93,6.87,147.000002,down
2014-03-06,51.849998,52.799999,51.029999,104.879997,down
2013-08-12,7.57,8.0,7.54,157.000002,up
2013-03-01,5.59,5.69,5.35,540.999988,up
2011-05-19,30.769999,31.249999,30.429999,2982.910367,up
2016-06-29,117.910004,125.0,116.660004,23.896,down
2012-05-22,10.12,10.67,9.57,981.999978,up
2017-03-13,8.2,8.42,8.01,8.33,down
2014-01-13,30.98,33.470001,30.190001,66.739998,up
2016-09-30,20.5,20.620001,18.65,18.93,down
2016-01-06,27.1,27.720001,26.64,5.434,down
2016-06-17,105.860004,106.859999,98.000002,20.82,up
2013-08-06,5.81,5.82,5.12,102.800005,up
2011-02-07,33.049999,33.189999,32.239999,3113.647012,up
2015-02-02,17.42,19.549999,17.35,37.98,down
2011-03-04,36.959999,37.869999,36.959999,3589.489949,up
2014-02-05,37.91,38.07,35.119999,70.260002,down
2015-02-26,15.32,15.42,14.86,30.0,down
2012-11-26,12.45,12.64,11.94,1262.999972,up
2014-11-06,10.3,11.65,10.2,21.6,down
2015-05-11,11.79,12.17,11.52,23.799999,up
2015-03-26,11.87,12.18,10.43,21.559999,down
2013-01-07,9.9,10.01,9.6,964.999978,up
2011-11-23,29.519999,29.689999,28.299999,2754.121238,up
2011-09-15,38.099999,38.429999,36.549999,3686.581134,up
2014-07-21,48.599998,48.599998,45.779999,95.519997,down
2014-11-12,12.8,13.33,11.51,24.719999,down
2012-03-07,19.8,20.21,19.12,1989.999956,up
2013-07-17,6.6,6.78,5.91,118.6,down
2015-05-28,10.62,11.12,10.33,22.120001,down
2015-10-06,40.809999,42.659998,38.540001,8.39,down
2016-04-28,90.889997,101.300001,90.290003,19.98,up
2013-05-02,12.3,12.42,11.72,239.000004,up
2014-01-15,30.32,32.32,30.030001,64.440002,down
2012-01-11,22.939999,22.999999,21.96,2270.999949,up
2010-12-30,39.209999,39.299999,38.219999,3696.194122,up
2011-02-02,31.769999,31.879999,30.699999,2992.523356,down
2012-07-13,8.99,9.24,8.76,913.99998,down
2016-12-28,6.6,7.17,6.5,7.11,down
2011-08-17,35.819999,37.139999,35.629999,3479.901879,up
2013-12-02,30.6,30.940001,26.75,53.619999,down
2011-03-09,36.379999,36.569999,35.069999,3414.533556,up
2015-08-12,4.2,4.78,4.17,9.48,down
2013-08-28,87.57,92.0,76.080002,155.460007,up
2012-09-04,12.99,13.05,12.4,1275.999971,up
2013-01-10,9.88,10.33,9.84,1022.999977,down
2013-09-03,80.230003,82.419998,77.25,156.679993,down
2012-10-09,17.34,17.95,16.06,1607.999964,up
2011-12-21,21.55,21.82,20.6,2109.999953,up
2013-03-06,4.87,5.5,4.72,547.999988,down
2017-02-17,12.93,13.02,12.13,12.23,down
2015-03-10,9.14,9.6,8.45,17.440001,up
2013-06-10,10.53,10.96,10.17,211.399997,up
2015-01-06,13.44,15.59,13.28,30.299999,down
2012-03-21,17.17,17.43,16.64,1665.999963,up
2011-11-17,33.279999,33.479999,30.969999,3002.136344,up
2013-09-05,77.349998,78.230003,70.25,142.199997,down
2013-04-12,18.710001,18.8,16.580001,334.200017,up
2013-09-06,74.25,76.669998,73.099998,148.779999,down
2016-11-18,8.31,8.6,8.0,8.36,down
2015-01-05,12.4,13.1,11.78,26.139999,up
2011-02-24,36.929999,36.929999,34.059999,3284.75821,up
2015-10-22,41.329999,44.949999,41.100001,8.77,down
2014-10-22,20.85,21.08,19.219999,38.52,up
2016-09-14,18.98,19.719999,18.049999,18.379999,down
2017-01-04,8.9,8.91,8.36,8.76,down
2012-05-09,9.21,10.77,9.02,1030.999977,up
2012-03-28,16.5,16.59,15.47,1578.999965,up
2011-06-07,30.619999,30.809999,29.659999,2873.322297,up
2013-09-12,58.380001,59.209999,53.740002,108.160004,down
2015-03-16,9.36,9.62,8.81,18.700001,down
2014-01-03,31.49,31.799999,30.08,60.240002,up
2013-04-29,12.43,12.79,12.13,247.800007,up
2013-10-25,53.900002,56.98,52.5,112.080002,down
2015-08-17,4.1,4.34,4.05,8.52,down
2012-08-21,11.8,12.39,11.54,1178.999974,up
2016-12-21,6.1,6.18,5.87,6.01,down
2015-02-27,15.42,16.1,15.32,31.34,up
2014-04-01,35.110001,35.880001,34.209999,70.040001,up
2011-09-21,41.679999,43.369999,40.079999,3857.692331,up
2011-03-25,36.759999,37.369999,35.749999,3466.443694,down
2016-12-08,8.51,8.71,8.3,8.63,down
2014-04-28,37.34,37.439999,35.34,71.919998,up
2017-03-30,8.93,9.13,8.69,8.74,down
2014-12-05,12.5,13.06,12.11,24.719999,up
2011-08-10,32.779999,35.889999,31.669999,3350.126532,up
2013-12-12,25.33,26.75,24.709999,53.119999,down
2013-08-05,6.26,6.57,6.06,122.400003,up
2017-01-31,10.84,11.11,10.77,11.08,down
2011-10-11,30.159999,30.989999,29.579999,2957.916597,up
2015-03-30,9.87,10.19,9.63,19.58,down
2011-11-03,34.979999,35.849999,33.829999,3444.333821,up
2011-07-15,34.649999,35.339999,34.439999,3394.34628,down
2014-11-14,11.15,14.2,11.0,27.860001,down
2013-11-05,45.0,45.5,42.73,88.260002,up
2017-03-01,8.95,9.84,8.73,9.65,down
2013-12-23,24.75,25.1,24.4,49.66,up
2011-10-10,30.029999,30.729999,29.549999,2954.071401,up
2013-10-15,38.290001,42.299999,37.830002,84.300003,down
2016-02-02,27.17,27.709999,25.120001,5.232,down
2011-06-02,32.719999,33.339999,31.209999,3088.653242,up
2016-12-07,8.77,8.95,8.43,8.63,down
2017-03-07,7.66,8.12,7.49,7.8,down
2013-03-05,5.09,5.17,4.85,484.999989,up
2016-04-05,59.000001,60.0,54.780002,11.894,down
2015-07-31,3.5,3.59,3.31,6.88,down
2012-05-17,8.36,9.42,8.3,898.99998,up
2014-12-23,9.71,10.62,9.25,18.74,down
2016-02-17,44.439998,47.17,43.000002,9.262,down
2011-02-17,34.639999,35.069999,34.379999,3362.623417,up
2016-03-28,55.999999,56.399999,51.620002,10.902,down
2014-01-29,37.880001,39.220001,36.0,78.199997,up
2016-04-11,76.300001,84.949999,75.749998,16.808001,down
2011-06-08,29.309999,29.599999,27.879999,2743.546951,up
2011-05-04,34.279999,34.929999,32.799999,3295.332497,up
2016-05-09,93.509998,95.469999,86.999998,17.43,down
2013-04-17,11.48,11.9,9.61,195.2,up
2012-02-02,25.919999,27.029999,25.389999,2640.999941,up
2015-04-01,9.86,10.96,9.74,21.799999,down
2014-07-25,43.639999,47.25,43.310001,94.32,up
2015-04-10,10.93,11.25,10.91,22.459999,down
2011-10-04,27.579999,27.579999,24.189999,2537.828994,up
2015-11-11,25.139999,25.73,24.560001,5.138,down
2014-10-15,22.620001,23.91,21.639999,44.759998,up
2013-09-26,53.150002,54.75,48.700001,101.32,up
2011-01-07,33.109999,34.469999,33.049999,3208.8156,up
2014-03-11,49.169998,49.549999,47.509998,96.720001,down
2011-06-20,26.919999,27.629999,26.919999,2617.6168,up
2011-11-22,29.989999,30.939999,29.539999,2920.425941,up
2016-07-19,154.020004,156.350002,150.970001,30.370001,down
2015-11-06,25.869999,26.400001,24.549999,4.998,down
2011-01-24,31.899999,31.899999,29.179999,2835.831641,up
2017-02-28,9.93,10.15,9.2,9.48,down
2013-09-11,64.040001,65.160004,60.75,129.559998,up
2011-02-03,31.499999,33.099999,30.659999,3166.51845,up
2015-11-05,32.249999,32.249999,28.180001,5.748,down
2016-08-17,158.310003,159.969997,145.109997,31.200001,up
2013-05-30,10.88,11.88,10.78,236.800007,up
2011-05-23,30.809999,31.729999,30.319999,2953.110102,up
2011-02-09,33.829999,34.229999,32.469999,3155.944162,up
2011-12-06,28.829999,31.969999,28.369999,3009.826735,down
2011-03-07,37.769999,38.409999,36.619999,3542.386305,up
2016-07-22,131.499996,138.380003,131.499996,27.226,down
2011-08-23,38.229999,38.889999,35.889999,3548.154098,up
2015-01-13,18.280001,18.32,14.5,30.219999,down
2011-02-28,35.969999,36.739999,35.649999,3527.005523,up
2016-09-02,21.620001,22.120001,20.629999,21.809999,down
2014-06-17,34.0,35.779999,33.740002,71.339996,up
2011-06-09,28.799999,29.909999,28.359999,2837.754239,up
2014-07-30,46.139999,46.299999,44.0,90.860001,down
2012-03-09,20.22,21.36,19.87,2057.999954,up
2017-02-10,12.03,13.1,11.98,12.97,down
2014-02-26,48.43,49.75,46.759998,96.699997,up
2011-07-08,31.889999,32.219999,31.119999,3026.168816,up
2011-09-22,36.049999,36.099999,33.059999,3265.532232,up
2017-02-13,12.52,12.78,12.35,12.49,down
2014-01-09,29.040001,29.17,27.84,55.720001,up
2013-12-20,25.15,25.66,24.68,49.5,down
2016-05-06,102.600002,111.32,100.769997,21.544001,down
2015-11-20,27.390001,27.690001,23.499999,4.8,down
2014-12-08,12.87,13.25,11.36,25.1,up
2011-05-10,33.079999,33.139999,32.379999,3124.2213,up
2017-02-06,12.49,13.24,12.09,13.24,down
2011-02-25,34.649999,35.609999,34.649999,3423.185246,up
2015-11-23,23.52,24.219999,23.099999,4.702,down
2013-10-21,45.689999,48.529999,45.5,96.360001,up
2013-10-01,46.439999,47.830002,45.75,92.779999,down
2014-05-01,35.18,35.93,34.619999,70.0,down
2012-12-20,9.71,9.92,9.24,987.999978,up
2011-10-27,32.579999,33.459999,31.879999,3162.673254,up
2012-07-09,10.54,10.68,10.17,1046.999977,down
2011-05-09,32.509999,32.999999,31.889999,3166.51845,up
2015-06-05,9.78,10.05,9.53,19.58,down
2012-06-07,13.56,13.59,11.65,1216.999973,up
2013-11-27,31.08,31.459999,29.799999,61.560001,down
2011-11-02,33.299999,34.659999,32.689999,3242.46106,up
2016-08-24,129.93,130.369997,105.249996,21.332001,down
2015-09-18,3.62,3.68,3.3,7.02,down
2016-01-21,18.62,19.910001,17.55,3.92,down
2014-06-12,32.990002,35.25,32.869999,70.379997,up
2011-09-08,43.219999,43.609999,42.479999,4154.733679,up
2016-08-08,153.999996,163.260002,153.299999,31.662001,down
2017-01-06,9.64,10.19,8.76,9.26,down
2012-04-05,13.82,13.9,12.95,1310.999971,up
2012-12-14,10.6,10.99,10.45,1077.999976,down
2014-05-27,31.34,31.41,28.92,57.939999,down
2014-09-15,33.0,33.029999,31.879999,65.099998,up
2011-08-04,35.239999,35.239999,29.609999,2950.226206,up
2015-07-20,4.48,4.54,3.53,7.2,down
2013-04-19,11.15,11.45,10.22,221.000003,up
2013-11-18,41.59,41.939999,39.220001,79.279999,down
2014-11-04,12.14,12.2,10.79,22.08,down
2016-05-04,98.330002,103.299999,86.199999,17.525999,down
2014-03-18,49.529999,52.25,48.779999,99.519997,up
2011-05-27,33.139999,33.819999,33.099999,3229.002876,up
2013-01-29,8.07,8.24,7.92,810.999982,down
2015-06-23,8.86,9.21,8.85,18.0,down
2016-12-14,8.42,8.6,6.9,6.91,down
2012-10-11,16.76,17.05,16.41,1644.999963,up
2013-05-15,10.21,10.46,9.24,186.2,down
2014-09-16,32.650002,33.82,31.51,65.559998,down
2016-10-07,12.75,13.01,11.25,11.9,down
2013-11-01,45.810001,45.990002,42.02,84.82,up
2013-12-26,28.120001,28.68,26.75,54.860001,down
2013-08-20,88.019997,98.900002,87.449997,193.919998,up
2015-10-12,49.349999,49.41,40.999999,8.47,down
2016-11-01,15.01,15.88,14.73,15.12,up
2016-01-07,28.59,31.500001,27.920001,6.148,down
2017-03-09,7.65,7.84,7.4,7.42,up
2015-09-15,2.62,2.76,2.57,5.32,down
2016-02-03,26.849999,31.94,26.84,6.362,up
2011-07-28,33.399999,33.549999,32.289999,3208.8156,up
2013-07-26,7.3,7.86,7.05,157.000002,down
2016-01-26,22.460001,24.760001,22.43,4.908,down
2012-10-05,17.92,18.58,17.37,1763.999961,up
2015-01-16,17.57,19.049999,17.51,37.360001,down
2015-08-10,3.29,3.78,3.13,7.5,down
2016-02-18,44.02,54.910002,43.499999,10.944,up
2014-02-03,37.459999,38.880001,35.73,71.459999,up
2017-03-29,8.97,9.31,8.86,9.18,down
2015-08-11,3.91,3.96,3.51,7.92,down
2014-09-25,25.129999,26.42,24.620001,52.580002,up
2016-02-25,55.479999,59.6,55.0,11.764,down
2015-04-14,10.87,11.44,10.84,22.34,up
2010-12-28,38.299999,38.899999,37.629999,3726.955686,up
2015-12-11,26.55,29.360001,26.48,5.688,down
2011-11-08,37.329999,38.049999,36.649999,3525.082925,up
2012-05-14,9.34,9.79,8.89,896.99998,down
2015-11-25,25.009999,26.719999,24.549999,5.094,down
2012-04-20,13.53,13.77,12.95,1296.999971,up
2014-12-29,10.79,10.82,10.07,20.440001,down
2015-09-29,2.74,2.86,2.63,5.42,down
2013-07-05,5.06,5.11,4.67,101.6,up
2017-04-07,10.36,10.48,9.49,9.84,down
2013-06-12,9.64,10.3,9.51,195.600009,up
2011-11-30,32.049999,33.819999,31.909999,3220.351186,up
2013-05-10,11.25,12.1,10.9,241.200001,down
2016-02-29,54.899998,58.48,54.749999,11.608,down
2011-01-20,30.319999,30.899999,29.449999,2955.0327,up
2012-12-13,10.85,11.1,10.45,1072.999976,down
2012-10-23,15.17,15.42,14.9,1493.999967,up
2013-06-25,5.62,5.77,5.3,109.000002,down
2013-01-16,10.15,10.23,10.02,1011.999977,up
2012-12-21,9.6,10.16,9.6,993.999978,down
2014-08-01,44.0,45.049999,42.599998,87.620003,down
2014-11-28,14.02,14.03,11.45,23.860001,down
2015-06-03,11.09,11.27,10.58,21.4,down
2015-05-29,11.12,11.39,10.87,22.0,up
2015-01-23,18.709999,18.969999,17.200001,35.279999,up
2014-07-28,46.310001,48.110001,45.91,96.019997,up
2015-09-03,2.83,3.25,2.81,5.64,down
2011-10-20,26.609999,27.299999,25.589999,2560.900167,up
2014-02-21,52.040001,52.939999,49.450001,102.080002,down
2015-02-25,14.31,14.95,14.17,29.360001,down
2014-10-08,20.58,24.75,18.879999,48.16,up
2012-06-04,12.92,13.27,12.06,1325.99997,up
2015-05-05,13.07,13.24,12.11,24.68,down
2012-11-30,11.86,12.25,11.34,1171.999974,up
2012-09-24,18.15,18.37,17.04,1715.999962,up
2013-01-30,8.53,8.65,7.94,796.999982,down
2016-03-11,64.419999,67.649999,60.59,12.35,down
2011-01-25,28.779999,29.369999,28.469999,2798.340986,up
2014-09-17,33.02,33.18,30.360001,61.139999,down
2011-07-25,37.439999,37.699999,35.789999,3454.908108,up
2013-01-04,9.81,10.19,9.67,1018.999977,down
2012-02-10,22.579999,22.929999,21.95,2246.99995,up
2013-08-07,5.08,5.41,5.03,101.6,down
2011-09-12,40.809999,41.859999,37.669999,3824.046871,up
2014-05-08,34.889999,35.650002,34.5,69.5,down
2011-06-10,28.959999,29.029999,27.949999,2738.740456,up
2011-09-23,31.849999,32.999999,28.879999,2937.729321,up
2016-11-29,7.99,8.59,7.85,8.4,down
2014-12-11,12.65,14.0,12.41,25.4,up
2013-06-06,11.69,12.28,11.38,241.200001,up
2014-08-28,44.439999,44.849998,43.779999,89.400002,down
2017-02-14,12.97,13.04,11.96,12.46,down
2016-05-26,80.930004,83.000002,74.93,15.424,up
2017-01-03,7.86,8.6,7.75,8.6,down
2012-11-12,14.44,14.65,13.82,1392.999969,up
2013-05-08,11.53,12.94,11.44,256.799992,down
2013-04-10,22.74,23.180001,20.99,421.4,up
2012-06-29,11.08,11.17,10.53,1091.999976,up
2011-04-19,37.479999,38.539999,37.149999,3697.155421,up
2014-09-11,32.650002,34.23,32.0,67.860001,down
2014-07-15,46.849998,48.060001,42.16,85.139999,up
2017-03-27,9.83,9.94,9.48,9.78,down
2012-02-22,23.779999,25.519999,23.379999,2521.999944,up
2014-04-16,36.189999,36.43,34.66,70.419998,down
2013-11-15,44.75,45.07,42.080002,84.519997,up
2014-12-19,11.76,12.33,11.41,22.860001,down
2013-08-29,75.449997,82.599998,71.339996,158.899994,up
2016-03-30,60.890002,63.260002,57.37,12.15,down
2011-09-09,42.379999,43.649999,41.499999,4054.758598,up
2014-02-12,46.970001,47.0,41.919998,85.580002,down
2012-08-20,10.95,11.32,10.66,1120.999975,up
2012-07-18,8.48,8.65,8.28,838.999981,down
2014-04-08,39.490002,40.549999,38.509998,80.559998,down
2012-11-20,11.72,11.89,11.4,1160.999974,up
2011-01-03,39.729999,39.899999,37.869999,3676.968145,up
2014-11-05,9.94,11.15,9.51,19.6,down
2016-12-19,6.05,6.15,5.82,5.99,down
2013-11-19,40.0,40.740002,39.0,79.68,up
2016-08-18,160.100002,162.439995,155.279999,32.341999,down
2014-03-24,42.34,42.950001,38.119999,76.900002,up
2012-06-06,14.12,14.41,12.89,1343.99997,up
2011-08-08,31.019999,32.999999,30.089999,2907.929056,up
2014-06-13,35.02,35.619999,33.740002,71.099998,down
2012-09-14,17.2,18.22,17.18,1798.99996,up
2015-07-24,3.22,3.76,3.06,7.48,down
2016-12-27,6.55,6.72,6.39,6.72,down
2011-05-31,34.179999,34.299999,33.069999,3256.880543,up
2012-10-08,17.1,17.48,16.84,1722.999961,down
2016-08-01,158.769999,167.999992,155.760002,33.285999,down
2013-09-13,53.27,56.709999,52.57,111.839996,up
2011-07-21,36.389999,36.549999,35.379999,3433.759533,up
2015-06-01,11.42,11.58,10.81,21.799999,down
2016-09-12,18.35,21.209999,18.120001,20.700001,down
2015-12-30,24.170001,24.5,23.599999,4.816,down
2015-08-14,4.19,4.25,3.75,7.68,up
2012-09-19,18.67,19.11,18.06,1894.999958,up
2014-10-13,21.450001,23.290001,21.1,42.82,down
2013-09-10,67.489998,67.730003,62.52,126.860001,up
2013-03-11,5.39,5.43,5.2,526.999988,up
2014-04-22,34.049999,35.25,33.110001,70.419998,down
2013-05-20,8.2,9.92,8.13,195.800006,up
2015-04-15,11.39,12.17,11.15,24.200001,down
2013-03-26,5.47,5.54,5.25,539.999988,up
2017-04-04,9.65,9.79,9.46,9.79,down
2013-05-28,9.16,9.74,8.74,178.600009,up
2014-08-05,42.099998,43.939999,40.900002,86.639999,down
2016-08-15,167.889996,170.879993,162.119999,32.779999,down
2012-02-16,20.61,23.249999,20.3,2292.999949,up
2014-08-25,42.779999,42.779999,40.75,81.699997,down
2015-03-02,15.78,15.85,14.29,29.059999,down
2011-05-24,31.339999,32.459999,31.279999,3087.691943,up
2017-01-27,9.78,10.26,9.76,10.2,down
2012-04-30,13.1,13.29,12.55,1311.999971,up
2015-09-21,3.36,3.43,3.17,6.36,down
2011-08-05,31.019999,32.069999,28.429999,2903.122562,up
2016-12-01,7.67,8.29,7.3,7.73,down
2014-08-29,44.220001,46.09,43.93,91.480003,up
2014-03-26,39.139999,39.650002,34.23,68.82,down
2014-09-30,24.040001,24.620001,22.719999,45.759998,down
2014-01-22,37.34,37.34,34.599998,70.360001,up
2015-01-27,19.01,20.4,18.860001,40.52,down
2014-04-02,36.849998,38.5,36.810001,75.0,up
2014-12-03,13.87,14.85,13.56,28.08,down
2012-06-26,11.03,11.35,10.38,1075.999976,up
2014-07-24,44.849998,44.860001,42.889999,87.099998,down
2015-12-16,25.569999,27.219999,24.21,5.364,down
2011-06-01,33.849999,34.189999,32.559999,3136.718185,up
2017-01-24,10.95,11.64,10.73,11.07,down
2013-02-08,8.33,8.43,8.16,817.999982,up
2015-10-14,45.79,52.030001,45.39,10.238,down
2014-07-18,46.630001,48.18,45.48,95.620003,up
2014-12-09,13.86,15.1,13.66,28.6,down
2016-09-27,19.049999,19.25,18.0,18.68,down
2013-07-22,7.45,8.08,7.33,156.199999,up
2011-08-11,34.129999,35.719999,32.769999,3394.34628,up
2016-01-14,22.57,23.22,20.26,4.196,down
2017-03-31,8.82,9.37,8.71,8.99,up
2016-06-01,74.499998,77.880001,70.650001,14.88,up
2014-01-06,30.889999,31.879999,30.370001,61.299999,up
2016-06-21,95.92,98.850002,93.719997,18.746,down
2010-12-27,37.249999,37.249999,36.209999,3541.425006,up
2016-10-03,18.639999,19.139999,17.18,17.85,down
2014-12-17,9.36,10.65,9.15,20.84,up
2016-11-16,9.39,9.53,8.73,9.31,down
2013-12-19,24.52,25.139999,24.139999,49.299999,up
2016-07-18,155.790005,157.1,150.170002,31.392,down
2012-05-31,11.02,11.4,10.15,1057.999976,up
2012-02-08,24.519999,25.089999,23.599999,2379.999947,up
2016-10-13,12.16,13.5,11.86,12.57,down
2011-04-04,36.709999,37.429999,36.279999,3487.592269,up
2012-05-10,10.74,10.97,10.11,1039.999977,down
2011-06-14,27.959999,28.809999,27.959999,2733.933962,up
2016-09-15,18.23,19.65,17.5,18.75,down
2016-04-21,91.149998,91.929998,84.67,17.756001,down
2015-03-25,12.17,12.28,11.27,22.66,up
2013-05-31,11.32,11.61,10.77,223.2,up
2013-10-28,56.59,59.869999,54.5,114.739998,down
2016-02-11,52.44,54.8,48.16,10.532,down
2012-04-04,14.55,14.58,12.91,1359.99997,up
2012-03-14,18.43,18.43,16.58,1708.999962,up
2016-10-20,14.8,14.94,13.92,14.69,down
2015-05-04,13.0,13.14,12.46,25.379999,up
2011-02-11,32.379999,33.019999,31.699999,3058.852977,up
2016-11-30,8.4,8.4,7.57,7.93,down
2015-12-24,26.51,27.639999,26.35,5.512,down
2015-01-15,16.43,17.42,16.15,33.919998,up
2012-06-15,12.97,12.99,12.53,1283.999971,up
2015-06-11,9.75,9.82,9.46,19.200001,down
2013-08-16,10.19,10.39,8.97,185.399997,up
2013-04-04,20.210001,22.57,19.57,444.600013,up
2012-12-26,10.11,10.25,9.88,1013.999977,up
2014-04-11,39.169998,39.950001,36.779999,74.300003,down
2013-10-02,47.77,50.0,46.700001,93.559998,up
2015-04-07,11.45,11.58,10.8,21.639999,down
2016-01-22,18.87,20.769999,18.6,4.01,down
2015-05-13,12.95,13.5,12.9,26.6,up
2011-03-21,34.059999,34.339999,33.429999,3300.138991,up
2012-04-03,17.28,17.29,15.13,1551.999965,down
2016-04-13,81.479998,84.969997,78.080001,15.81,down
2012-07-17,8.99,9.05,8.27,874.99998,up
2014-10-31,11.23,12.3,10.76,21.84,down
2016-06-09,106.660004,112.729998,104.750004,22.344,up
2017-01-25,10.4,10.6,10.07,10.57,down
2017-01-19,9.67,10.07,9.41,9.81,down
2016-06-20,94.6,104.289999,93.549995,20.454,up
2016-02-26,54.8,58.390002,52.129998,10.516,down
2016-10-17,12.0,12.5,11.8,12.33,up
2015-07-16,6.15,6.17,5.96,12.02,down
2013-04-22,11.74,11.9,10.92,229.2,up
2011-08-25,33.959999,36.829999,33.479999,3498.166557,up
2017-02-16,12.66,13.04,12.52,12.84,down
2015-10-23,45.510001,48.09,42.259998,9.414,down
2012-11-14,13.37,13.4,11.55,1161.999974,up
2016-10-31,13.12,14.09,12.8,14.06,down
2015-05-15,13.05,13.68,12.82,26.48,up
2014-02-25,51.830002,52.5,49.709999,100.0,up
2011-03-14,34.099999,34.319999,33.339999,3279.951715,up
2012-12-17,10.69,10.96,10.52,1083.999976,down
2011-10-07,30.699999,30.779999,27.999999,2756.043836,up
2011-04-21,39.609999,40.089999,39.099999,3815.395181,up
2013-03-12,5.53,5.8,5.48,568.999987,down
2011-11-10,34.899999,35.099999,32.909999,3268.416129,up
2014-04-03,36.779999,36.939999,35.43,73.260002,down
2017-01-23,10.43,11.05,10.3,10.98,down
2012-07-23,8.26,8.31,7.98,811.999982,up
2015-11-13,24.549999,25.799999,24.300001,5.102,down
2014-12-16,10.4,10.54,9.07,18.16,up
2013-07-19,6.11,6.63,6.0,131.800005,up
2013-02-26,6.17,6.41,5.87,627.999986,up
2014-03-28,35.099998,38.02,34.299999,73.720001,down
2016-03-15,54.190001,57.5,51.799998,11.472,down
2011-03-23,34.629999,37.159999,34.629999,3548.154098,up
2016-08-31,18.120001,18.629999,17.52,17.790001,down
2014-10-10,21.48,22.950001,20.09,40.779999,up
2010-12-15,39.009999,39.579999,38.129999,3677.929444,up
2011-01-11,34.519999,34.959999,34.079999,3360.70082,down
2015-11-16,26.170001,26.81,25.599999,5.22,down
2013-10-16,41.619999,41.889999,39.389999,79.440002,up
2015-12-04,28.139999,31.700001,28.099999,6.284,down
2011-05-20,31.029999,32.049999,29.889999,3001.175046,up
2013-04-30,12.04,12.94,11.26,258.799992,down
2013-11-21,34.599998,34.68,32.619999,67.919998,down
2013-05-16,8.93,9.8,8.58,187.000003,up
2016-09-16,17.969999,18.98,17.370001,18.209999,down
2014-02-28,48.389999,48.919998,46.610001,94.82,up
2011-04-07,39.779999,40.799999,39.389999,3818.279078,up
2017-02-23,12.12,12.28,11.57,11.6,down
2015-07-01,8.02,8.05,7.44,14.96,up
2012-08-29,12.2,12.22,11.65,1171.999974,up
2011-07-18,36.139999,36.829999,35.949999,3501.050453,up
2015-07-02,7.6,7.94,7.58,15.76,down
2015-11-02,33.410001,35.99,32.260001,7.01,down
2013-08-13,7.65,7.89,7.06,144.399996,up
2011-07-22,36.169999,36.849999,35.839999,3513.547339,up
2012-08-24,12.5,12.84,12.26,1264.999972,down
2014-06-05,29.049999,30.15,28.799999,59.459999,down
2012-06-13,13.0,13.27,12.59,1272.999972,up
2016-01-19,21.19,21.389999,17.4,3.582,down
2014-06-27,43.650002,44.73,42.509998,87.540001,up
2012-06-22,11.0,11.46,10.49,1087.999976,up
2011-08-26,36.509999,38.169999,34.639999,3663.509961,up
2016-02-16,48.499999,51.999998,42.11,8.462,down
2013-11-07,43.830002,46.5,42.150002,85.059998,up
2014-11-25,15.05,16.74,14.96,33.380001,down
2012-12-24,10.0,10.03,9.55,1001.999978,up
2015-12-29,25.82,26.15,24.809999,5.12,down
2012-06-28,10.27,10.46,9.46,994.999978,up
2013-12-18,27.709999,29.08,25.84,51.939999,down
2012-08-03,9.19,9.45,9.03,927.999979,up
2011-09-06,41.419999,43.259999,40.359999,3993.235471,up
2015-07-28,3.44,3.51,3.29,6.88,down
2015-11-24,24.860001,26.25,24.27,5.216,down
2011-02-15,33.439999,34.209999,33.439999,3260.725738,up
2016-05-23,83.549995,91.850004,82.040005,17.290001,down
2014-01-21,34.959999,38.5,34.450001,76.0,up
2016-09-29,19.139999,19.93,18.6,19.43,down
2013-10-11,39.650002,40.43,38.130001,77.300003,up
2017-02-07,12.76,13.48,12.64,13.05,down
2014-01-30,35.619999,37.200001,35.419998,73.040001,up
2012-08-30,11.77,11.89,11.33,1147.999974,up
2012-01-23,20.43,21.37,20.43,2114.999953,up
2014-02-14,50.790001,52.25,48.75,100.580002,down
2012-12-19,10.15,10.32,9.98,1002.999978,up
2012-11-23,12.31,12.82,11.98,1267.999972,up
2014-09-18,30.26,30.639999,29.18,58.759998,down
2013-01-17,9.91,10.25,9.65,995.999978,up
2012-12-27,9.93,10.69,9.87,1034.999977,up
2017-03-17,9.18,9.41,8.73,8.92,down
2013-12-03,26.209999,27.15,25.42,50.860001,up
2013-11-08,40.93,43.27,39.0,86.540001,up
2012-07-20,8.48,8.81,8.47,871.999981,up
2013-07-03,5.51,5.74,5.35,113.000002,down
2015-09-25,3.07,3.18,3.02,6.2,down
2014-10-16,22.02,23.4,21.74,44.299999,up
2012-08-16,10.34,11.25,10.27,1121.999975,up
2015-09-04,2.77,2.85,2.63,5.7,down
2012-10-15,15.32,15.7,14.9,1568.999965,up
2011-06-28,27.739999,28.419999,27.259999,2715.669284,up
2012-12-04,10.49,11.25,10.39,1101.999975,down
2012-10-16,15.97,16.56,15.95,1653.999963,up
2011-01-26,29.089999,31.899999,29.019999,3066.543368,up
2010-12-20,37.769999,37.999999,36.829999,3626.980604,up
2014-04-15,35.23,36.43,34.0,72.379997,down
2014-07-31,44.07,44.529999,42.200001,85.400002,up
2017-03-24,9.24,9.52,9.09,9.21,down
2017-01-18,10.46,10.72,9.6,10.01,up
2017-04-05,9.42,10.04,9.25,9.81,down
2013-01-31,7.95,7.95,7.65,776.999983,up
2014-06-03,28.35,28.799999,27.25,57.360001,down
2015-05-21,11.83,12.02,11.62,23.440001,down
2011-11-14,35.999999,36.389999,34.589999,3370.313808,up
2015-12-09,28.659999,29.34,26.919999,5.578,down
2015-06-16,9.16,9.24,8.97,18.059999,up
2012-10-02,18.06,18.2,17.27,1754.999961,up
2014-09-05,37.490002,37.82,35.959999,75.279999,down
2012-03-30,16.44,16.45,15.65,1635.999963,up
2011-05-16,29.399999,30.859999,29.119999,2861.786711,up
2016-08-19,152.209997,155.240002,147.840004,29.854,down
2013-05-21,8.94,9.52,8.57,178.000003,up
2012-12-03,11.66,11.77,10.89,1091.999976,up
2013-05-03,12.02,12.8,11.82,238.800007,down
2012-06-11,12.63,12.69,11.74,1183.999974,up
2011-04-20,39.249999,40.249999,38.999999,3753.872054,up
2011-06-16,27.909999,28.049999,26.049999,2575.31965,down
2014-09-08,36.950001,37.009998,33.639999,67.779999,down
2015-12-10,27.27,28.989999,27.060001,5.526,down
2014-05-16,33.5,33.799999,32.73,66.199997,up
2013-11-26,31.610001,32.099998,29.93,60.279999,down
2015-06-10,10.1,10.25,9.86,19.92,down
2012-12-07,10.48,10.68,10.3,1047.999977,up
2011-12-13,25.539999,26.399999,22.419999,2285.999949,up
2011-09-28,31.449999,32.109999,28.429999,2747.392146,up
2011-08-18,36.479999,36.509999,34.429999,3362.623417,up
2015-11-27,23.78,24.719999,23.499999,4.82,down
2012-10-24,15.25,15.39,14.06,1411.999968,up
2011-10-06,28.819999,30.189999,27.939999,2901.199964,up
2011-08-09,31.369999,32.699999,29.679999,3143.447277,up
2012-02-24,25.739999,25.919999,24.419999,2485.999944,down
2015-10-01,29.319999,30.59,26.55,5.4,down
2014-06-19,40.32,44.720001,40.259998,89.260002,up
2013-03-07,5.53,5.76,5.23,526.999988,up
2012-07-03,11.49,12.23,11.46,1215.999973,up
2011-07-07,31.769999,32.159999,31.439999,3022.32362,up
2015-09-10,2.8,2.84,2.64,5.32,down
2011-04-06,40.569999,41.059999,39.499999,3850.00194,up
2013-04-18,10.06,10.96,9.82,212.600009,down
2014-07-02,44.990002,47.439999,44.990002,92.68,down
2014-09-26,25.889999,25.889999,24.860001,50.200001,down
2017-03-16,9.77,9.86,8.95,9.04,down
2011-07-26,35.929999,36.289999,35.449999,3461.6372,up
2014-08-26,42.630001,43.509998,41.970001,86.760002,down
2013-05-29,9.17,10.17,9.07,202.399997,up
2012-02-21,23.069999,24.049999,22.669999,2396.999946,up
2011-06-13,28.179999,28.719999,27.169999,2647.417065,up
2015-06-19,10.01,10.07,9.23,18.92,down
2014-04-30,36.009998,37.400002,35.5,72.779999,up
2011-09-02,40.309999,41.569999,40.239999,3947.093125,up
2011-05-05,33.189999,33.879999,30.679999,3049.239989,down
2014-08-11,46.080002,47.720001,46.009998,95.339996,down
2013-09-09,74.449997,75.989998,71.099998,144.0,up
2013-07-01,6.19,6.43,5.79,123.6,down
2011-12-30,19.68,20.18,19.1,1956.999956,up
2012-01-17,23.049999,23.099999,20.97,2132.999952,up
2014-04-29,35.66,37.830002,35.580002,74.400002,down
2016-08-16,164.880009,167.5,160.499992,32.596001,down
2016-08-25,21.379999,23.48,20.57,22.129999,down
2014-10-14,21.99,23.33,21.75,44.299999,up
2014-03-12,50.830002,52.950001,50.200001,105.379997,up
2016-11-09,15.69,15.8,13.06,14.05,down
2011-06-15,28.099999,29.149999,27.559999,2703.172398,up
2012-05-30,10.39,11.39,9.85,1093.999976,down
2012-04-18,13.43,13.94,13.19,1342.99997,up
2010-12-31,38.799999,39.539999,38.639999,3768.291537,up
2016-06-22,94.93,100.139999,92.340002,19.988001,down
2016-07-15,151.560001,158.889999,151.560001,30.955999,up
2010-12-22,37.639999,37.639999,36.739999,3534.695914,up
2015-10-27,41.98,44.299998,40.929999,8.594,down
2014-01-31,37.720001,37.810001,35.029999,73.059998,up
2010-12-14,39.939999,40.319999,39.309999,3814.433882,up
2016-06-06,99.01,102.480001,94.099998,20.216,down
2011-09-27,33.889999,34.119999,30.909999,3008.865436,up
2016-03-09,53.709998,59.949999,51.999998,11.6,down
2015-04-23,10.99,11.84,10.95,23.280001,up
2012-10-01,18.23,18.61,17.71,1791.99996,up
2016-06-15,99.700003,113.599997,98.149996,22.222,down
2012-07-11,9.29,9.3,8.59,891.99998,up
2011-12-20,20.65,21.59,20.6,2129.999952,up
2017-02-03,11.72,12.12,11.57,11.89,down
2011-08-12,34.389999,34.699999,33.299999,3311.674578,up
2013-09-23,53.419998,56.740002,49.060001,101.800003,down
2017-01-10,9.6,9.95,9.1,9.54,down
2011-09-07,39.479999,41.719999,38.699999,4006.693655,up
2013-02-22,5.92,6.03,5.69,577.999987,down
2015-10-09,44.000001,46.420002,43.239999,9.258,down
2012-06-01,11.36,12.85,11.33,1261.999972,up
2012-01-27,24.259999,26.299999,24.189999,2596.999942,up
2016-07-08,153.09,168.899994,149.759998,33.335999,down
2013-11-11,41.810001,43.400002,40.200001,86.400002,up
2013-03-13,5.7,5.73,5.15,520.999988,up
2016-05-19,78.509998,90.179996,76.12,17.775999,down
2013-08-14,7.41,8.39,7.37,167.000002,up
2011-11-18,31.579999,31.979999,30.039999,2919.464642,up
2011-12-07,31.419999,31.709999,30.079999,3008.865436,up
2010-12-21,37.929999,37.929999,37.079999,3615.445018,up
2017-03-15,7.82,9.37,7.6,9.29,down
2016-10-05,13.32,13.49,11.81,12.8,up
2012-11-01,16.16,16.25,15.75,1578.999965,up
2013-02-04,8.0,8.49,7.97,819.999982,down
2011-03-01,37.449999,38.229999,37.289999,3641.400087,up
2016-11-25,7.84,8.02,7.55,7.74,down
2012-01-09,21.87,22.3,21.42,2194.999951,up
2012-03-02,23.239999,23.419999,22.13,2244.99995,up
2011-03-28,35.229999,36.009999,34.749999,3344.358739,up
2013-06-18,9.37,9.55,8.7,175.800006,down
2014-12-04,14.24,14.69,13.21,26.58,down
2011-12-16,20.86,21.64,20.31,2091.999953,up
2016-02-12,48.200002,56.890001,47.649999,11.374,down
2016-05-05,92.869997,98.000002,91.160002,19.256001,up
2012-01-03,21.0,22.399999,21.0,2215.99995,up
2016-03-21,65.430002,68.189998,63.610001,13.236,down
2012-10-31,15.68,16.62,15.65,1654.999963,up
2013-08-19,9.33,9.48,8.65,175.399997,down
2016-09-26,20.65,21.200001,19.6,19.74,down
2013-08-08,5.33,6.41,5.27,127.6,up
2013-03-14,5.14,5.46,5.08,535.999988,up
2016-12-15,6.19,6.22,5.55,5.93,down
2016-12-29,7.34,8.77,7.32,8.76,up
2012-08-15,10.09,10.23,9.89,1015.999977,up
2016-09-06,23.18,25.059999,22.620001,25.030001,down
2016-09-07,24.83,24.969999,22.68,24.66,down
2012-01-19,21.34,21.62,19.45,2008.999955,up
2015-12-18,23.210001,24.5,22.809999,4.696,down
2012-02-29,26.089999,26.699999,22.589999,2334.999948,up
2013-12-17,27.08,27.860001,26.51,54.400002,down
2014-09-22,27.08,27.1,25.26,51.540001,down
2014-04-17,35.189999,35.91,34.060001,68.120003,up
2013-12-27,27.93,28.040001,27.110001,56.0,down
2016-03-14,63.249998,64.250002,54.000001,10.806,down
2012-09-07,14.78,15.18,14.65,1492.999967,up
2016-10-10,12.16,12.48,11.82,12.11,down
2012-04-09,13.47,13.92,13.3,1334.99997,up
2012-07-19,8.65,8.83,8.51,861.999981,down
2013-08-30,75.190002,80.489998,73.650002,152.059998,down
2012-11-27,12.26,12.44,11.65,1168.999974,up
2015-12-17,24.059999,24.100001,22.0,4.424,down
2011-06-29,29.169999,30.079999,28.529999,2831.986446,up
2016-08-26,23.549999,24.870001,21.0,21.879999,down
2013-05-17,9.04,9.06,8.22,164.399996,up
2015-06-12,9.53,9.66,9.26,18.74,down
2012-03-15,17.19,17.88,16.85,1709.999962,up
2013-08-26,96.889999,101.470001,93.449997,195.039993,down
2012-01-04,21.92,23.049999,21.61,2208.999951,up
2012-03-16,16.86,17.25,16.72,1687.999962,down
2016-01-13,23.039999,24.300001,22.11,4.666,down
2011-07-29,33.099999,33.119999,31.839999,3076.156357,up
2013-03-22,5.78,5.94,5.68,575.999987,down
2012-11-09,15.17,15.24,14.41,1444.999968,up
2014-02-11,43.57,47.580002,43.349998,93.82,down
2013-12-31,25.25,27.700001,25.25,54.82,down
2013-05-01,11.77,12.6,11.36,241.800007,up
2015-05-26,10.88,10.9,10.41,21.0,down
2013-09-04,75.349998,79.5,74.0,158.759995,up
2016-04-25,83.16,84.540005,79.109998,15.97,down
2014-08-18,46.16,47.799999,45.720001,95.5,up
2013-02-13,7.86,8.02,7.5,752.999983,up
2016-04-26,82.510004,85.579996,79.200001,17.101999,down
2014-05-14,35.799999,36.220001,35.5,71.760002,up
2011-01-31,30.269999,30.629999,29.499999,2881.973987,up
2014-12-15,11.44,12.13,9.55,19.120001,down
2016-12-02,8.01,8.67,8.0,8.52,down
2011-04-11,41.329999,41.329999,38.349999,3758.678548,up
2016-08-10,174.969997,177.250004,165.879993,34.174,down
2015-04-27,11.36,12.29,11.26,23.26,down
2015-09-17,3.01,3.48,2.96,6.72,down
2014-11-11,11.52,12.98,11.46,24.6,up
2014-12-10,14.29,15.28,13.11,26.34,up
2011-11-16,34.299999,35.419999,33.909999,3268.416129,up
2012-07-30,9.5,10.0,9.44,993.999978,down
2013-12-05,25.52,27.09,25.18,51.419998,down
2013-03-08,5.1,5.54,5.0,530.999988,up
2016-12-23,6.03,6.29,5.99,6.24,down
2015-10-07,42.069998,43.150001,39.460001,8.298,up
2012-04-10,13.33,13.97,12.95,1382.999969,up
2012-04-13,14.56,14.7,13.95,1418.999968,up
2011-10-14,30.839999,31.879999,30.599999,3064.62077,up
2015-11-03,33.03,35.5,32.750001,6.862,down
2015-10-13,42.470002,45.190001,41.52,8.612,up
2014-04-10,42.07,42.450001,38.700001,77.739998,up
2015-12-02,25.799999,26.949999,24.679999,5.148,down
2013-09-24,49.080002,52.060001,47.450001,101.019997,up
2011-05-26,32.619999,32.849999,31.809999,3141.524679,up
2013-11-22,34.41,35.459999,32.75,65.720001,down
2015-12-08,27.880001,28.150001,26.010001,5.388,down
2015-09-11,2.59,2.74,2.36,5.42,up
2012-04-17,13.58,14.33,13.29,1379.999969,up
2013-09-27,52.610001,53.900002,49.52,101.459999,down
2017-03-02,9.0,9.24,8.17,8.29,down
2012-05-04,11.02,11.68,10.98,1114.999975,up
2010-12-16,38.029999,38.029999,36.369999,3564.496178,up
2015-06-02,11.1,11.49,11.01,22.76,down
2016-10-14,12.0,12.81,11.66,11.83,down
2016-04-14,78.000002,79.93,69.000001,14.438,up
2011-02-01,30.869999,31.739999,30.129999,3048.27869,up
2015-07-14,6.76,6.94,6.63,13.26,down
2012-01-18,21.15,21.83,21.07,2149.999952,up
2011-10-26,31.879999,32.399999,30.299999,3047.317391,up
2013-01-25,8.61,8.67,7.95,798.999982,down
2016-12-05,8.11,8.79,7.66,8.48,down
2012-08-22,11.82,12.61,11.44,1255.999972,up
2015-04-22,11.74,11.92,10.9,21.82,down
2012-05-24,11.35,11.74,10.57,1126.999975,up
2014-12-30,10.8,11.68,10.74,22.5,down
2015-12-15,24.489999,25.0,23.410001,4.804,down
2012-04-11,13.94,14.0,13.24,1334.99997,up
2017-03-06,8.48,8.5,7.62,7.94,down
2015-09-24,2.9,3.28,2.85,6.46,down
2016-07-13,158.16,166.359997,154.639997,32.484001,up
2011-11-11,34.589999,36.579999,34.569999,3495.28266,up
2012-02-01,25.909999,25.979999,24.959999,2520.999944,down
2013-11-04,43.860001,46.299999,43.52,92.419998,down
2012-08-27,12.68,12.76,12.05,1212.999973,up
2016-11-08,13.35,14.17,12.5,13.05,down
2017-04-06,9.7,9.9,9.52,9.81,down
2011-01-12,35.049999,35.159999,34.079999,3348.203935,up
2016-05-31,70.700002,77.410002,68.730001,14.614,down
2016-10-04,16.049999,16.059999,12.6,12.63,down
2015-01-02,10.5,12.12,10.35,24.200001,up
2015-04-28,11.85,13.0,11.83,25.84,up
2017-02-22,11.79,11.92,10.8,11.52,down
2014-10-29,18.73,19.42,16.780001,33.860001,up
2015-06-24,8.9,9.16,8.83,18.059999,down
2016-05-20,91.77,92.1,82.279997,17.9,down
2017-02-21,11.77,12.16,11.23,11.97,down
2017-02-01,10.58,11.2,10.45,11.0,down
2016-05-18,103.999996,108.610001,84.499998,16.934,up
2015-06-25,8.95,9.11,8.72,17.540001,up
2015-06-29,8.71,8.78,8.33,16.66,down
2013-04-09,21.47,24.160001,21.2,473.400001,up
2011-09-01,38.349999,39.779999,37.839999,3769.252836,up
2015-01-08,14.58,15.35,13.31,27.379999,down
2016-10-26,14.31,14.55,13.0,13.47,down
2012-08-08,10.15,10.73,10.05,1005.999978,up
2015-05-20,11.94,12.37,11.9,23.92,down
2012-05-02,12.86,12.86,12.2,1248.999972,up
2016-09-28,18.49,20.309999,17.709999,19.860001,down
2011-04-18,37.889999,38.169999,35.839999,3600.064236,up
2016-08-30,21.34,21.620001,18.17,18.76,down
2014-02-13,42.529999,47.860001,42.009998,95.260002,up
2016-12-20,5.63,6.07,5.51,6.01,down
2011-09-19,39.799999,40.669999,38.789999,3760.601146,up
2014-03-10,48.849998,49.290001,47.060001,95.519997,down
2011-01-14,31.939999,31.939999,30.859999,2996.368551,up
2016-04-06,57.410002,60.440001,56.620002,11.964,down
2016-01-29,23.800001,25.869999,23.380001,5.134,down
2014-06-06,29.610001,29.790001,28.5,59.32,up
2012-06-25,10.54,11.52,10.36,1127.999975,up
2015-12-23,24.890001,25.96,24.719999,5.19,down
2015-06-17,8.89,9.78,8.86,19.4,up
2013-06-28,4.65,6.0,4.63,117.199999,up
2014-01-27,36.959999,37.369999,33.959999,68.220001,down
2016-11-22,8.92,9.0,8.2,8.95,down
2016-03-23,58.600001,59.48,51.199999,10.268,up
2015-03-18,9.0,10.5,8.76,20.9,up
2014-10-07,22.299999,22.440001,19.799999,39.619999,up
2011-03-18,32.509999,33.139999,32.179999,3140.56338,up
2012-11-06,13.9,14.28,13.4,1418.999968,down
2011-10-12,31.519999,31.799999,30.729999,3005.98154,up
2011-05-03,35.979999,36.359999,33.399999,3281.874313,up
2012-11-07,14.47,14.8,13.57,1472.999967,down
2012-12-05,11.06,11.06,10.02,1011.999977,down
2011-12-22,20.82,20.83,19.81,2049.999954,up
2014-02-18,51.5,51.880001,48.900002,101.860001,down
2012-10-03,17.69,17.7,16.65,1678.999962,up
2015-12-31,24.02,24.48,23.759999,4.856,down
2016-12-06,8.5,8.89,8.17,8.33,up
2012-11-13,13.41,13.96,13.21,1345.99997,up
2015-02-03,18.280001,18.92,17.129999,35.200001,down
2013-12-10,30.299999,31.440001,30.030001,61.18,up
2013-10-22,51.529999,55.139999,51.25,109.18,up
2011-08-19,35.989999,37.329999,35.819999,3530.850718,up
2014-03-27,34.23,36.0,33.330002,71.279999,down
2012-02-09,24.659999,24.969999,23.469999,2360.999947,up
2014-10-01,23.33,24.459999,23.040001,46.200001,down
2016-07-07,160.830002,161.399994,149.060001,30.488001,down
2011-12-19,20.79,20.89,19.1,1931.999957,up
2013-01-24,9.43,9.54,8.69,871.999981,down
2015-02-09,16.51,17.209999,16.459999,33.84,down
2013-07-12,5.76,5.89,5.42,113.199999,up
2011-12-08,29.849999,30.059999,28.019999,2749.314744,up
2017-01-13,9.21,9.8,8.93,9.7,down
2012-10-25,15.16,15.53,14.93,1537.999966,up
2011-08-15,34.349999,36.479999,33.749999,3494.321361,up
2013-01-02,11.61,11.82,11.38,1151.999974,down
2011-11-07,35.919999,37.569999,35.919999,3609.677225,up
2012-09-05,12.71,12.92,12.38,1284.999971,down
2016-06-08,110.0,113.579998,105.839996,21.374001,down
2015-10-02,30.109999,33.429999,29.719999,6.682,down
2014-03-13,52.41,57.09,51.880001,113.839996,up
2012-10-26,15.5,15.68,14.9,1509.999966,up
2013-10-08,47.200001,47.59,41.66,85.68,down
2010-12-13,40.269999,40.719999,39.509999,3808.666089,up
2016-04-01,54.000001,59.749999,52.789998,11.95,down
2016-12-12,7.91,8.15,7.63,7.76,down
2015-08-04,3.21,3.26,3.02,6.18,down
2013-02-14,7.62,7.95,7.6,761.999983,up
2016-07-21,129.919996,139.350004,127.139997,27.41,down
2013-03-20,5.52,5.57,5.39,545.999988,up
2013-07-23,7.79,8.57,7.53,171.199999,down
2016-03-10,60.840001,66.339998,60.170002,13.178,down
2014-05-22,34.0,34.0,33.0,66.199997,up
2016-02-05,34.219999,43.369999,33.0,8.606,down
2014-11-10,12.8,12.8,10.69,22.0,up
2016-01-28,24.05,25.75,23.310001,4.824,down
2013-01-09,9.73,9.79,9.41,956.999979,up
2011-11-29,29.409999,30.309999,29.249999,2851.212423,up
2015-05-14,13.71,14.19,13.18,26.799999,down
2016-12-16,6.1,6.29,5.66,5.9,down
2011-02-08,33.379999,33.929999,33.219999,3258.80314,up
2014-02-07,35.27,38.43,35.27,76.419998,down
2015-11-12,23.95,26.500001,23.72,4.932,down
2015-03-17,8.94,9.65,8.8,18.120001,up
2015-06-30,8.23,8.51,8.0,16.219999,down
2013-03-25,5.66,5.75,5.41,554.999988,up
2013-05-22,9.53,10.35,9.0,185.600009,down
2013-09-20,63.330002,63.330002,53.549999,110.220001,down
2016-08-29,21.15,22.639999,20.75,21.92,down
2016-03-08,69.120002,70.219998,57.280002,11.494,down
2011-07-20,34.859999,36.249999,34.499999,3466.443694,up
2016-10-12,11.38,12.36,11.25,11.93,down
2014-05-30,27.809999,29.07,27.02,58.040001,up
2013-02-12,7.65,7.97,7.5,789.999982,up
2016-11-15,8.57,9.7,8.31,9.55,down
2012-08-23,12.98,13.13,12.49,1255.999972,up
2015-07-06,7.76,8.44,7.6,16.34,down
2012-01-30,24.999999,25.689999,24.189999,2503.999944,up
2012-12-31,10.05,11.14,10.05,1096.999975,down
2012-12-11,10.8,11.03,10.68,1073.999976,down
2014-07-22,47.32,47.799999,45.810001,92.599998,down
2011-03-16,32.749999,33.099999,30.589999,2989.639459,up
2016-03-04,61.78,71.459999,59.190001,12.146,down
2014-07-29,48.450001,48.810001,46.310001,93.860001,up
2015-12-21,25.03,25.5,24.24,4.966,down
2017-04-11,10.46,11.06,10.3,10.89,up
2015-03-31,9.87,10.05,9.29,18.84,up
2011-05-12,29.599999,30.759999,28.819999,2882.935286,up
2013-02-05,8.33,8.36,8.02,812.999982,down
2017-03-08,7.5,7.93,7.43,7.65,down
2014-01-23,37.169998,39.27,37.040001,75.760002,up
2011-10-28,32.559999,34.799999,32.279999,3314.558474,up
2012-07-10,10.8,10.92,9.35,948.999979,down
2012-08-09,10.1,10.6,9.92,1044.999977,up
2016-01-08,28.340001,29.289999,27.0,5.702,down
2014-06-09,29.610001,30.15,29.209999,58.439999,up
2011-01-13,34.939999,34.969999,32.129999,3125.182599,up
2014-05-05,38.52,38.790001,37.080002,75.32,down
2013-06-20,6.78,7.0,5.86,123.800005,up
2015-04-24,11.39,11.74,10.95,21.92,down
2011-04-08,40.959999,41.719999,40.679999,3976.89339,up
2015-08-27,2.7,3.19,2.64,6.26,down
2015-09-30,2.59,2.89,2.57,5.78,down
2014-11-18,15.48,16.959999,15.13,33.720001,up
2017-02-02,11.77,11.97,11.5,11.7,down
2016-01-25,21.09,21.87,20.75,4.32,down
2014-07-07,44.869999,45.23,43.889999,88.459999,up
2012-11-02,15.12,15.18,13.73,1372.999969,up
2012-07-02,10.8,11.14,10.67,1093.999976,down
2012-02-07,24.539999,25.279999,23.499999,2430.999946,up
2011-03-22,33.999999,34.949999,33.719999,3325.132762,up
2011-12-23,20.89,21.15,20.7,2111.999953,down
2017-04-12,10.92,11.22,10.55,11.18,down
2015-11-17,25.510001,25.739999,22.3,4.512,down
2015-08-13,4.34,4.5,3.9,8.0,up
2014-05-23,33.09,33.389999,32.599998,65.279999,up
2011-10-24,28.029999,29.799999,27.999999,2847.367228,up
2011-04-26,37.359999,37.379999,36.169999,3523.160327,up
2016-02-08,46.589999,49.54,45.960002,9.192,down
2012-12-10,10.76,11.0,10.6,1089.999976,up
2015-03-09,10.53,10.58,9.11,18.280001,down
2011-06-22,29.169999,30.599999,29.109999,2867.554504,up
2011-08-29,38.359999,38.489999,36.409999,3591.412546,up
2015-04-30,12.27,12.42,11.7,24.4,down
2012-10-12,16.51,16.65,15.56,1565.999965,up
2013-04-11,21.04,21.580001,20.110001,405.200018,down
2013-12-24,25.0,27.27,25.0,54.040001,down
2012-01-20,19.99,20.8,19.62,2011.999955,up
2017-01-09,9.91,9.93,9.17,9.37,down
2017-03-20,9.01,9.3,8.81,9.22,down
2014-01-17,34.41,36.5,34.18,72.32,up
2011-01-28,29.489999,31.539999,29.299999,2925.232435,up
2013-03-27,5.32,5.7,5.3,567.999987,down
2011-12-09,28.859999,29.689999,28.289999,2818.528262,up
2013-06-14,10.26,10.29,9.51,191.600009,down
2016-08-11,171.509991,178.980007,166.019993,33.504002,down
2014-03-25,39.400002,40.27,38.400002,77.779999,up
2016-05-17,105.819998,114.060001,102.299995,22.191999,down
2014-10-03,22.51,22.549999,20.5,41.18,up
2016-07-25,129.969997,129.969997,117.1,24.348,down
2013-04-05,23.07,23.69,21.510001,439.799994,up
2014-03-14,59.27,59.5,55.73,115.220001,down
2011-06-06,31.739999,32.099999,29.869999,2891.586975,up
2012-05-23,9.5,11.1,8.95,1108.999975,down
2012-04-25,12.37,13.12,12.1,1300.999971,up
2016-11-17,9.26,9.84,8.14,8.65,down
2015-02-13,15.96,16.469999,15.68,31.559999,up
2016-07-06,160.709991,169.829998,158.879995,33.542,up
2015-10-30,35.350001,37.550001,34.560001,6.938,down
2016-11-07,13.47,13.68,12.62,13.23,up
2016-02-22,45.630002,52.83,45.250001,10.3,down
2015-03-23,11.48,12.0,11.29,23.98,up
2011-07-19,36.759999,36.769999,34.869999,3394.34628,up
2016-01-12,24.289999,24.300001,22.1,4.694,down
2013-11-14,42.779999,44.5,42.099998,88.419998,up
2011-10-21,27.729999,28.089999,26.989999,2645.494467,up
2013-03-21,5.59,5.95,5.54,589.999987,down
2012-04-26,13.09,13.19,12.7,1302.999971,up
2016-01-11,28.900001,29.08,24.5,5.014,down
2011-07-27,36.419999,36.749999,33.669999,3254.957945,up
2014-08-08,47.02,48.34,46.009998,93.32,down
2015-09-16,2.8,3.13,2.8,6.18,down
2016-08-23,145.799999,146.389999,135.010004,27.152,up
2014-06-10,29.690001,31.110001,29.65,62.220001,up
2014-06-04,28.709999,28.84,28.110001,56.599998,down
2013-12-09,26.049999,27.549999,25.940001,54.84,down
2015-02-23,13.76,14.56,13.5,28.32,down
2014-03-03,51.650002,51.990002,49.16,99.32,up
2012-06-12,12.19,12.83,12.12,1270.999972,up
2012-02-13,22.809999,22.989999,22.05,2226.99995,up
2013-06-13,9.58,10.1,9.4,201.600009,down
2011-08-01,31.999999,33.479999,31.819999,3130.950392,up
2013-04-23,11.04,11.12,10.32,214.000003,down
2011-08-16,36.179999,36.729999,35.299999,3422.223947,up
2013-06-21,6.46,6.52,5.72,126.400003,down
2014-12-24,9.48,10.43,9.15,20.26,down
2012-09-11,14.49,14.84,14.18,1435.999968,up
2015-04-13,11.25,11.27,10.77,21.76,down
2013-10-09,41.799999,44.630001,39.099998,86.400002,up
2016-07-20,140.500002,140.769997,122.749996,25.052,down
2010-12-09,39.179999,39.259999,38.259999,3720.226594,up
2014-10-20,20.879999,21.57,20.379999,42.98,down
2014-07-01,46.48,47.27,44.720001,90.480003,up
2016-10-25,13.72,14.83,13.6,14.37,down
2015-08-25,3.72,3.73,3.04,6.22,down
2012-03-06,19.82,19.85,18.75,1972.999956,up
2015-03-13,9.45,9.47,8.51,18.620001,down
2012-03-05,21.95,22.05,20.58,2118.999953,up
2012-01-31,26.519999,26.749999,24.149999,2500.999944,up
2014-08-06,45.470001,46.75,45.259998,92.519997,down
2013-01-23,10.37,10.42,9.62,961.999978,up
2014-01-24,39.369999,40.169998,35.099998,75.300003,down
2014-08-22,43.290001,43.720001,42.009998,86.059998,up
2011-03-11,32.399999,34.649999,32.219999,3289.564704,up
2015-07-27,3.6,3.96,3.23,6.66,down
2014-03-05,48.900002,50.77,48.0,101.099998,up
2011-07-01,29.189999,29.219999,27.999999,2759.889031,up
2015-03-19,10.24,10.54,9.8,20.459999,down
2013-12-04,26.27,28.450001,25.540001,55.259998,up
2014-04-24,35.68,37.599998,35.25,71.480003,up
2016-02-24,59.320002,62.9,53.850002,11.238,down
2015-02-24,13.72,14.36,13.49,27.76,up
2016-09-22,23.15,23.9,21.23,21.91,down
2012-10-17,16.61,17.26,16.15,1699.999962,up
2014-11-17,13.53,14.99,13.12,29.42,down
2016-10-19,14.43,15.0,13.92,14.78,down
2012-03-26,17.69,17.82,17.07,1750.999961,up
2014-10-30,16.42,16.43,13.2,26.5,down
2013-08-09,6.28,7.07,6.03,135.199999,up
2015-11-19,25.650001,27.590001,25.420001,5.404,down
2013-03-04,5.37,5.4,4.86,487.999989,up
2016-04-15,73.369999,79.169998,70.510001,15.624,down
2016-11-03,14.5,15.67,14.14,15.39,down
2015-08-03,3.36,3.38,3.02,6.18,down
2012-03-20,15.92,16.9,15.35,1680.999962,up
2014-11-24,15.29,15.75,14.53,29.76,down
2012-01-13,22.409999,22.529999,21.38,2239.99995,up
2012-03-23,16.0,16.92,15.74,1661.999963,down
2015-10-15,48.600001,52.600002,47.529998,10.256,down
2015-04-21,11.83,12.25,11.54,24.120001,up
2013-12-16,27.5,28.709999,26.84,55.779999,up
2016-06-02,73.779998,76.77,72.020001,14.988,down
2014-10-28,18.889999,19.440001,18.27,38.700001,up
2011-05-25,32.319999,33.149999,31.899999,3141.524679,up
2014-07-14,46.080002,48.369999,45.639999,93.18,down
2016-06-07,97.290001,101.300001,96.120005,19.5,down
2014-06-18,35.650002,38.5,35.25,76.720001,up
2014-02-06,35.939999,36.389999,34.610001,70.040001,down
2011-12-27,20.58,20.82,19.87,2015.999955,up
2013-01-15,10.3,10.59,9.98,1031.999977,down
2014-10-17,22.32,22.379999,20.049999,40.220001,down
2016-08-02,172.910004,177.600002,170.319996,34.470001,down
2011-03-03,37.109999,37.249999,35.899999,3541.425006,up
2015-08-20,4.84,5.14,4.72,9.88,down
2011-04-29,38.339999,39.439999,37.839999,3757.71725,up
2016-03-07,63.010001,69.920001,62.470002,13.374,down
2015-02-12,15.46,15.83,15.02,31.120001,up
2013-02-27,6.11,6.14,5.86,592.999987,up
2011-04-28,38.569999,39.559999,37.759999,3648.129179,up
2013-08-27,105.300003,106.080002,84.169998,168.979996,down
2011-12-01,33.619999,34.719999,32.389999,3228.041577,up
2015-06-09,10.18,10.39,9.67,19.379999,down
2012-04-27,13.51,13.74,13.24,1347.99997,up
2016-02-01,26.45,28.169999,26.259999,5.6,down
2016-05-12,105.010004,108.809996,96.459999,19.563999,up
2016-07-28,150.950003,153.360004,140.570002,29.681999,up
2013-11-12,41.84,43.299999,39.810001,80.919998,up
2013-10-10,42.919998,44.299999,40.830002,82.919998,up
2013-07-11,5.79,6.06,5.59,120.6,up
2016-04-18,80.799999,80.959997,75.079999,15.6,down
2014-10-24,19.530001,19.790001,18.76,38.619999,up
2015-05-27,10.6,10.82,10.38,21.52,down
2013-12-30,27.299999,27.76,25.700001,51.639999,up
2014-02-19,50.009998,51.639999,45.860001,93.139999,up
2016-06-28,113.280001,117.600002,110.85,22.530001,down
2016-12-30,8.72,9.26,7.55,7.64,down
2014-10-06,21.25,22.25,20.82,44.139999,up
2012-08-31,11.77,12.98,11.44,1289.999971,up
2015-05-07,11.09,11.62,10.66,23.219999,down
2011-11-15,34.939999,35.529999,34.129999,3383.771992,up
2011-10-25,29.709999,31.939999,28.459999,2992.523356,down
2012-01-10,23.369999,23.679999,22.869999,2289.999949,down
2013-09-17,56.119999,57.900002,54.75,115.040001,down
2017-03-23,9.75,9.87,8.85,9.33,down
2015-08-06,3.02,3.34,2.96,6.28,down
2014-05-07,36.650002,36.700001,34.060001,69.720001,up
2014-04-04,39.23,39.349998,36.950001,75.040001,up
2011-12-12,27.059999,27.079999,25.329999,2531.099902,up
2013-07-25,7.19,7.95,7.16,151.000002,down
2016-03-29,56.129999,64.15,54.200001,12.716,down
2012-09-10,14.85,14.93,14.01,1413.999968,up
2013-02-01,8.14,8.2,7.73,809.999982,down
2014-11-07,11.47,13.6,11.47,26.799999,down
2011-08-03,34.489999,35.269999,34.319999,3327.05536,up
2012-04-24,12.29,12.39,11.84,1210.999973,down
2014-12-26,11.14,11.34,10.59,21.879999,down
2011-01-05,35.339999,35.549999,34.389999,3383.771992,up
2010-12-10,38.559999,39.229999,37.749999,3750.026859,up
2013-04-08,21.980001,22.4,20.9,423.799994,down
2011-01-27,31.259999,31.889999,29.469999,2859.864113,up
2014-07-03,44.860001,46.400002,43.599998,92.800003,down
2013-09-25,51.380001,56.0,51.02,105.959999,up
2015-10-16,50.890002,52.1,46.64,9.348,down
2012-03-29,15.63,15.93,14.93,1589.999964,up
2015-07-07,7.66,7.68,7.0,14.14,down
2014-05-02,35.369999,37.48,35.02,74.559998,up
2013-01-03,11.27,11.5,10.04,1009.999977,up
2016-10-11,11.68,12.0,11.09,11.2,down
2012-08-17,11.29,11.42,10.79,1099.999975,up
2014-05-19,33.919998,34.099998,32.490002,66.059998,down
2011-05-02,38.099999,39.029999,35.799999,3506.818247,up
2014-04-09,39.099998,42.619999,38.52,82.519997,down
2012-02-17,23.469999,23.519999,21.86,2207.999951,up
2016-09-21,19.6,22.549999,19.440001,22.209999,down
2014-05-21,32.52,33.380001,32.240002,66.720001,up
2011-06-21,27.639999,29.219999,27.589999,2794.49579,up
2015-03-06,11.97,11.98,10.1,20.639999,down
2013-10-30,55.43,56.5,48.860001,110.32,up
2012-10-19,15.31,15.9,14.8,1562.999965,up
2012-05-18,9.59,9.99,9.1,921.999979,down
2015-08-05,3.19,3.25,2.89,5.86,down
2011-06-30,29.769999,29.909999,29.119999,2847.367228,up
2014-07-08,45.5,46.240002,43.299999,92.360001,down
2012-08-06,9.4,10.2,9.36,987.999978,up
2015-07-09,7.18,7.26,6.76,13.92,down
2011-11-04,35.019999,35.479999,33.739999,3394.34628,up
2013-10-24,53.419998,55.700001,53.009998,109.779999,down
2014-09-10,34.18,34.900002,32.759998,66.699997,down
2012-11-15,11.52,11.58,10.31,1067.999976,up
2012-06-20,12.96,14.0,12.45,1306.999971,up
2013-01-08,9.67,9.78,9.32,970.999978,down
2017-01-20,9.88,10.56,9.62,10.14,down
2012-05-01,13.21,13.55,12.92,1316.999971,up
2014-06-30,42.77,46.619999,42.23,92.480003,down
2016-01-27,24.100001,25.899999,23.25,5.166,down
2013-02-15,7.3,7.32,6.77,681.999985,up
2015-10-08,39.38,45.689998,39.059999,7.976,down
2010-12-08,39.269999,40.599999,38.039999,3690.426329,up
2012-03-08,20.55,21.09,19.83,2064.999954,down
2013-11-25,31.0,33.43,29.52,65.120003,down
2015-11-10,25.320001,26.18,24.51,4.962,down
2014-03-31,36.27,37.23,34.0,69.300003,up
2014-01-07,29.639999,30.82,28.950001,61.380001,down
2014-08-21,44.209999,44.450001,42.299999,86.080002,up
2012-03-12,20.25,20.56,19.4,1959.999956,up
2013-01-22,9.98,10.54,9.86,1046.999977,down
2016-11-23,7.88,7.89,7.2,7.62,down
2016-07-01,137.259998,147.1,136.499996,28.892,up
2012-07-26,8.92,9.47,8.74,937.999979,up
2011-07-05,29.969999,30.849999,29.649999,2936.768022,up
2013-03-19,5.46,5.63,5.36,547.999988,down
2015-09-22,2.95,2.97,2.71,5.5,down
2013-01-28,8.03,8.06,7.67,771.999983,up
2015-07-23,3.89,3.93,3.31,6.8,down
2013-02-19,6.74,6.74,6.42,652.999985,up
2016-05-10,88.459997,97.790003,85.0,19.316,down
2014-11-20,15.08,15.65,14.42,30.200001,up
2012-09-26,15.67,16.86,15.12,1652.999963,up
2016-04-22,85.290003,90.719995,79.61,16.285999,down
2014-04-25,36.5,38.139999,36.099998,76.120003,up
2014-11-13,12.87,13.0,11.55,23.66,down
2011-03-15,30.879999,32.699999,30.529999,3125.182599,up
2011-02-18,35.439999,36.549999,35.399999,3436.64343,up
2014-06-16,35.959999,36.299999,34.799999,70.099998,down
2012-12-12,11.03,11.87,10.95,1163.999974,up
2013-01-11,10.16,10.28,9.87,1016.999977,down
2013-10-04,45.889999,46.5,44.25,90.120003,down
2011-10-19,30.299999,30.299999,26.999999,2606.081213,up
2013-10-29,56.48,57.189999,52.049999,104.099998,down
2017-02-08,13.45,13.7,13.02,13.48,down
2015-01-28,19.299999,19.889999,17.25,35.900002,up
2016-07-27,137.460003,151.450005,127.480001,29.768,down
2011-01-21,30.659999,31.099999,30.059999,2893.509573,up
2016-04-19,87.1,91.280003,85.550003,17.841999,down
2016-07-26,127.130003,133.999996,124.510002,26.204,up
2015-06-04,10.35,10.39,10.12,20.4,down
2016-03-16,54.54,69.749999,52.529998,13.798,down
2014-01-02,29.25,31.24,29.209999,61.400002,up
2015-09-08,2.92,3.05,2.8,5.86,down
2015-08-31,3.2,3.33,2.96,6.64,up
2014-07-17,45.32,48.669998,45.029999,96.839996,up
2016-07-14,149.160004,160.550003,146.219997,32.018002,down
2016-04-08,64.759998,72.57,64.499998,14.252,down
2014-08-04,43.66,44.200001,41.57,85.260002,up
2013-07-30,7.55,7.67,7.24,149.000002,up
2012-11-16,10.65,11.21,10.22,1098.999975,up
2012-12-28,10.32,10.55,10.01,1004.999978,down
2011-02-16,34.259999,34.449999,33.359999,3301.10029,up
2013-06-26,4.87,4.96,4.55,91.000001,down
2016-03-03,55.679998,63.29,55.349998,12.324,down
2013-05-24,9.48,9.93,9.03,184.600009,up
2015-06-08,9.87,10.07,9.61,20.1,down
2014-01-08,29.469999,30.0,28.780001,58.619999,up
2014-02-04,35.32,36.990002,35.029999,73.800003,up
2015-10-28,45.700002,49.000001,39.360001,8.292,down
2013-10-03,47.150002,48.57,45.5,91.120003,up
2012-06-08,11.66,12.62,11.4,1236.999972,up
2013-10-31,50.400002,51.860001,48.150002,96.480003,down
2013-08-23,87.160004,96.870003,87.0,189.600006,up
2017-04-10,9.66,10.1,9.46,10.0,down
2015-06-22,9.07,9.24,8.94,17.92,up
2016-08-03,168.959999,169.34,162.159996,33.298,up
2012-06-21,12.27,12.36,11.04,1103.999975,up
2015-04-17,11.86,12.23,11.53,23.26,down
2011-01-19,32.819999,32.819999,31.339999,3038.665701,up
2015-07-15,6.47,6.51,6.15,12.42,down
2014-05-06,37.639999,37.790001,36.869999,74.300003,up
2013-07-16,5.74,6.51,5.74,130.199999,up
2012-12-06,10.06,10.62,10.02,1023.999977,up
2017-01-12,10.09,10.33,9.23,9.55,down
2015-10-20,42.410002,47.1,42.290001,9.12,down
2012-08-10,10.46,10.74,10.34,1065.999976,up
2013-05-14,10.97,11.64,10.67,216.000003,down
2012-11-08,14.5,15.4,14.02,1504.999966,up
2013-06-17,9.54,9.82,9.39,192.000003,down
2012-10-10,15.95,16.92,15.78,1636.999963,up
2011-08-02,33.349999,34.399999,32.879999,3244.383657,up
2011-03-30,35.709999,36.319999,35.029999,3476.056683,up
2016-08-09,162.040005,165.450001,160.030003,32.554001,down
2015-12-22,24.590001,25.680001,24.100001,4.878,down
2014-06-24,46.099998,46.919998,41.43,83.019997,up
2015-02-10,16.290001,16.389999,15.57,31.74,down
2016-04-27,87.220001,88.999996,81.020002,17.642,down
2012-06-27,10.93,11.03,10.23,1064.999976,up
2011-11-01,30.149999,33.129999,29.449999,3111.724415,up
2015-07-08,7.26,7.38,6.87,13.76,down
2014-10-27,19.0,19.1,18.26,36.639999,up
2012-07-27,9.53,9.69,9.11,955.999979,up
2013-09-19,75.339996,75.599998,63.599998,132.960007,down
2012-05-15,8.97,9.14,7.77,790.999982,up
2016-05-16,107.580004,110.880003,103.900003,21.299999,down
2014-05-09,35.099998,35.48,33.59,69.0,up
2014-04-07,37.150002,39.240002,36.599998,75.139999,up
2017-03-14,8.2,8.52,7.47,7.6,down
