2012-01-04,45.41,46.630001,45.279999,21.419469,up
2012-01-05,46.189999,46.400002,45.549999,21.507616,up
2012-01-06,46.380001,46.91,46.23,21.67463,up
2012-01-09,46.73,46.799999,46.27,21.614319,down
2012-01-10,47.049999,47.279999,46.389999,21.721022,up
2012-01-11,46.639999,47.209999,46.470001,21.860199,up
2012-01-12,47.330002,47.630001,47.049999,22.082883,up
2012-01-13,47.5,47.599998,46.939999,21.971542,down
2012-01-17,47.939999,47.990002,47.529999,22.133916,up
2012-01-18,47.860001,48.150002,47.619999,22.287012,up
2012-01-19,47.98,48.049999,47.700001,22.277733,down
2012-01-20,47.939999,48.389999,47.810001,22.338044,up
2012-01-23,48.150002,48.200001,47.110001,21.962263,down
2012-01-24,47.259998,47.799999,47.040001,22.106081,up
2012-01-25,48.09,48.09,47.349998,22.161752,up
2012-01-26,48.060001,48.490002,47.060001,22.42619,up
2012-01-27,47.889999,47.93,46.91,22.198865,down
2012-01-30,47.369999,48.48,47.25,22.491139,up
2012-01-31,48.540001,48.619999,47.82,22.23134,down
2012-02-01,48.34,48.43,47.540001,22.379798,up
2012-02-02,48.23,48.490002,47.41,22.11072,down
2012-02-03,47.970001,48.400002,47.939999,22.416911,up
2012-02-06,48.119999,48.5,47.990002,22.482089,up
2012-02-07,48.25,48.599998,48.119999,22.537957,up
2012-02-08,48.470001,48.810001,48.279999,22.682282,up
2012-02-09,48.860001,49.360001,48.759998,22.905753,up
2012-02-10,48.799999,48.900002,48.5,22.728838,down
2012-02-13,49.049999,49.27,48.73,22.929031,up
2012-02-14,48.970001,49.119999,48.66,22.868507,down
2012-02-15,49.049999,49.200001,48.41,22.570546,down
2012-02-16,48.360001,48.790001,48.330002,22.589169,up
2012-02-17,48.669998,49.02,48.43,22.55658,down
2012-02-21,48.419998,48.869999,48.07,22.468121,down
2012-02-22,48.290001,48.439999,47.869999,22.500712,up
2012-02-23,48.34,48.549999,48.0,22.561235,up
2012-02-24,48.400002,48.700001,48.099998,22.486744,down
2012-02-27,48.130001,48.560001,47.779999,22.454155,down
2012-02-28,48.23,48.919998,48.16,22.770739,up
2012-02-29,48.860001,48.880001,48.490002,22.607792,down
2012-03-01,48.689999,49.09,48.470001,22.677626,up
2012-03-02,48.759998,49.119999,48.529999,22.761427,up
2012-03-05,48.689999,49.400002,48.689999,22.831263,up
2012-03-06,48.540001,49.040001,48.099998,22.500712,down
2012-03-07,48.43,49.52,48.389999,23.040767,up
2012-03-08,49.650002,50.75,49.650002,23.450462,up
2012-03-09,51.75,52.470001,51.07,24.134842,up
2012-03-12,51.959999,52.02,50.939999,23.79498,down
2012-03-13,51.240002,52.349998,51.119999,24.367624,up
2012-03-14,52.0,52.91,51.919998,24.525915,up
2012-03-15,52.849998,53.110001,52.68,24.707485,up
2012-03-16,53.25,53.369999,52.869999,24.772664,up
2012-03-19,53.029999,53.57,52.66,24.930956,up
2012-03-20,53.52,53.830002,53.23,25.014757,up
2012-03-21,53.93,53.959999,53.509998,25.052003,up
2012-03-22,53.68,55.25,53.650002,25.703792,up
2012-03-23,55.490002,55.5,54.5,25.768971,up
2012-03-26,55.52,55.91,55.18,26.029687,up
2012-03-27,55.970001,56.459999,55.66,26.192634,up
2012-03-28,56.220001,56.549999,55.66,26.085554,down
2012-03-29,55.599998,55.869999,54.619999,25.945886,down
2012-03-30,56.200001,56.25,55.740002,26.020376,up
2012-04-02,56.029999,56.889999,55.959999,26.383515,up
2012-04-03,56.689999,57.169998,56.43,26.495251,up
2012-04-04,57.259998,57.650002,56.66,26.518529,up
2012-04-05,57.119999,58.470001,57.07,27.086518,up
2012-04-09,57.27,57.959999,57.110001,26.732688,down
2012-04-10,57.759998,57.919998,56.599998,26.434727,down
2012-04-11,57.360001,59.32,57.189999,27.603294,up
2012-04-12,59.439999,60.650002,59.02,28.22715,up
2012-04-13,60.279999,61.98,59.75,28.711335,up
2012-04-16,61.93,62.0,59.509998,27.770898,down
2012-04-17,59.939999,59.950001,58.18,27.309988,down
2012-04-18,59.0,60.73,58.919998,28.087481,up
2012-04-19,60.400002,60.439999,58.580002,27.379824,down
2012-04-20,59.07,59.869999,59.0,27.54277,up
2012-04-23,58.68,58.84,57.75,27.263433,down
2012-04-24,58.970001,59.75,57.759998,27.025994,down
2012-04-25,58.709999,59.709999,58.349998,27.701062,up
2012-04-26,59.849998,61.150002,59.400002,28.241117,up
2012-04-27,58.27,58.5,56.470001,26.737345,down
2012-04-30,57.43,57.75,56.91,26.70941,down
2012-05-01,57.509998,58.43,57.220001,26.844424,up
2012-05-02,57.529999,58.150002,57.110001,26.96547,up
2012-05-03,57.540001,57.66,56.619999,26.374205,down
2012-05-04,56.029999,56.259998,55.32,25.86674,down
2012-05-07,55.200001,55.810001,55.0,25.90877,up
2012-05-08,55.009998,55.110001,53.049999,25.306349,down
2012-05-09,53.709999,54.860001,53.5,25.264319,down
2012-05-10,54.709999,55.57,54.490002,25.614564,up
2012-05-11,54.59,55.740002,54.549999,25.689283,up
2012-05-14,54.509998,54.610001,53.639999,25.063512,down
2012-05-15,53.799999,54.099998,53.080002,24.909405,down
2012-05-16,53.59,54.049999,52.84,24.759968,down
2012-05-17,53.189999,53.200001,51.630001,24.129526,down
2012-05-18,52.02,53.169998,51.43,24.064147,down
2012-05-21,51.709999,53.740002,51.529999,25.077523,up
2012-05-22,53.810001,54.400002,53.07,24.923415,down
2012-05-23,53.959999,55.48,53.900002,25.820042,up
2012-05-24,55.82,56.389999,53.93,25.572534,down
2012-05-25,54.869999,55.060001,54.290001,25.479137,down
2012-05-29,54.990002,55.849998,54.799999,25.95547,up
2012-05-30,54.860001,55.119999,54.41,25.558525,down
2012-05-31,54.830002,55.080002,53.91,25.633244,up
2012-06-01,53.110001,54.060001,52.040001,24.353684,down
2012-06-04,52.0,53.970001,51.490002,25.170922,up
2012-06-05,52.349998,52.68,51.630001,24.475102,down
2012-06-06,53.09,53.599998,52.880001,24.970115,up
2012-06-07,54.07,54.380001,53.279999,24.956104,down
2012-06-08,52.84,53.759998,52.389999,25.026154,up
2012-06-11,54.150002,54.169998,52.75,24.67124,down
2012-06-12,53.0,53.43,51.869999,24.769308,up
2012-06-13,52.84,53.360001,51.029999,23.94273,down
2012-06-14,51.43,52.48,51.099998,24.437743,up
2012-06-15,51.77,52.59,51.549999,24.535811,up
2012-06-18,52.34,54.290001,52.25,25.301679,up
2012-06-19,54.709999,55.549999,54.529999,25.740652,up
2012-06-20,55.299999,55.91,55.0,25.983489,up
2012-06-21,55.82,55.970001,54.0,25.25031,down
2012-06-22,54.27,54.73,54.040001,25.516496,up
2012-06-25,54.16,54.240002,53.009998,24.886056,down
2012-06-26,53.27,54.099998,53.0,25.194271,up
2012-06-27,53.880001,54.099998,52.360001,24.633879,down
2012-06-28,52.529999,52.59,51.25,24.325664,down
2012-06-29,53.189999,53.41,52.830002,24.900065,up
2012-07-02,53.439999,53.439999,52.150002,24.65256,down
2012-07-03,52.470001,52.599998,51.720001,24.255614,down
2012-07-05,52.040001,52.799999,51.970001,24.470433,up
2012-07-06,52.150002,52.200001,51.299999,24.269625,down
2012-07-09,51.77,52.400002,51.720001,24.465762,up
2012-07-10,52.75,53.009998,52.049999,24.442412,down
2012-07-11,52.18,52.380001,51.700001,24.358353,down
2012-07-12,51.599998,52.950001,51.439999,24.60119,up
2012-07-13,52.43,53.689999,52.16,25.035494,up
2012-07-16,53.459999,53.860001,52.759998,24.703929,down
2012-07-17,53.290001,53.919998,52.939999,25.091532,up
2012-07-18,52.830002,53.59,52.27,24.890725,down
2012-07-19,53.330002,54.279999,52.900002,25.31102,up
2012-07-20,53.32,53.389999,51.540001,24.264955,down
2012-07-23,51.130001,51.169998,49.599998,23.629844,down
2012-07-24,50.529999,51.16,50.080002,23.573805,down
2012-07-25,50.5,50.700001,49.860001,23.541116,down
2012-07-26,51.709999,52.889999,51.380001,24.470433,up
2012-07-27,46.900002,48.200001,46.119999,22.168157,down
2012-07-30,47.450001,47.73,46.689999,21.892631,down
2012-07-31,46.970001,47.0,45.09,21.145441,down
2012-08-01,45.470001,45.509998,43.700001,20.444952,down
2012-08-02,43.599998,44.18,43.040001,20.155417,down
2012-08-03,43.830002,44.200001,43.400002,20.505661,up
2012-08-06,44.189999,44.209999,43.459999,20.383771,down
2012-08-07,43.810001,45.380001,43.689999,21.241691,up
2012-08-08,45.279999,45.400002,44.900002,21.232315,down
2012-08-09,45.59,45.66,45.029999,21.147929,down
2012-08-10,45.25,45.610001,45.099998,21.36358,up
2012-08-13,45.740002,46.310001,45.48,21.616737,up
2012-08-14,46.5,46.689999,46.23,21.766755,up
2012-08-15,46.75,48.310001,46.740002,22.549664,up
2012-08-16,48.139999,48.619999,47.650002,22.690308,up
2012-08-17,48.610001,48.610001,47.84,22.605922,down
2012-08-20,48.25,48.400002,47.849998,22.526224,down
2012-08-21,48.32,48.450001,47.950001,22.544977,up
2012-08-22,48.049999,48.32,47.900002,22.55904,up
2012-08-23,48.139999,48.389999,47.82,22.455904,down
2012-08-24,47.689999,48.779999,47.009998,22.83095,up
2012-08-27,49.0,49.310001,48.75,23.037225,up
2012-08-28,48.939999,49.509998,48.889999,23.140363,up
2012-08-29,49.439999,49.669998,49.049999,23.051288,down
2012-08-30,49.450001,50.0,49.400002,23.304445,up
2012-08-31,50.02,50.060001,49.360001,23.257565,down
2012-09-04,49.450001,49.790001,49.040001,23.210683,down
2012-09-05,49.57,50.650002,49.509998,23.346638,up
2012-09-06,50.259998,50.990002,50.099998,23.834199,up
2012-09-07,50.970001,51.32,50.759998,23.988904,up
2012-09-10,51.18,51.32,50.619999,23.829511,down
2012-09-11,51.0,51.279999,50.610001,23.782629,down
2012-09-12,50.990002,51.450001,50.990002,23.988904,up
2012-09-13,51.169998,51.849998,50.880001,24.24675,up
2012-09-14,51.849998,52.0,50.380001,23.656051,down
2012-09-17,49.950001,50.07,48.990002,23.281005,down
2012-09-18,49.560001,49.639999,49.080002,23.088794,down
2012-09-19,49.34,50.41,49.150002,23.491969,up
2012-09-20,49.810001,51.209999,49.650002,23.998281,up
2012-09-21,51.490002,51.650002,51.02,23.942024,down
2012-09-24,50.900002,51.43,50.599998,23.984217,up
2012-09-25,51.310001,51.68,50.470001,23.688867,down
2012-09-26,50.540001,51.0,49.810001,23.48728,down
2012-09-27,50.330002,51.07,50.0,23.927961,up
2012-09-28,50.560001,50.959999,49.889999,23.773253,down
2012-10-01,50.93,51.299999,49.900002,23.510722,down
2012-10-02,50.439999,50.439999,48.799999,23.112234,down
2012-10-03,49.650002,49.830002,49.049999,23.201308,up
2012-10-04,49.889999,49.93,48.759998,23.018472,down
2012-10-05,49.470001,49.630001,48.66,22.849702,down
2012-10-08,48.66,49.169998,48.400002,22.859077,up
2012-10-09,48.68,48.98,47.259998,22.198058,down
2012-10-10,47.740002,47.810001,46.619999,22.010536,down
2012-10-11,47.200001,47.52,46.889999,22.108985,up
2012-10-12,47.52,47.689999,47.040001,22.118361,up
2012-10-15,47.470001,47.82,47.34,22.348076,up
2012-10-16,48.029999,49.279999,47.880001,22.952839,up
2012-10-17,48.790001,49.169998,48.330002,22.685619,down
2012-10-18,48.43,48.549999,47.189999,22.226187,down
2012-10-19,46.93,46.950001,45.400002,21.419837,down
2012-10-22,45.73,45.740002,45.09,21.237002,down
2012-10-23,44.959999,45.18,44.27,21.082296,down
2012-10-24,45.299999,45.529999,45.080002,21.218249,up
2012-10-25,46.080002,46.869999,45.91,21.68237,up
2012-10-26,46.049999,46.200001,45.380001,21.504222,down
2012-10-31,45.869999,46.189999,45.0,21.518288,up
2012-11-01,45.740002,46.740002,45.389999,21.855828,up
2012-11-02,50.52,51.939999,50.400002,23.834199,up
2012-11-05,50.799999,51.290001,50.700001,23.913895,up
2012-11-06,51.09,52.200001,50.889999,24.242061,up
2012-11-07,51.240002,52.299999,51.09,24.288943,up
2012-11-08,51.639999,51.740002,50.830002,23.843575,down
2012-11-09,50.939999,51.5,50.669998,23.890455,up
2012-11-12,50.959999,51.360001,50.66,23.759189,down
2012-11-13,50.419998,51.02,50.049999,23.683868,down
2012-11-14,50.0,50.48,48.799999,22.991852,down
2012-11-15,49.0,49.07,48.16,22.798841,down
2012-11-16,48.830002,49.0,47.849998,22.954191,up
2012-11-19,48.970001,50.0,48.950001,23.415536,up
2012-11-20,49.580002,50.330002,49.43,23.566179,up
2012-11-21,49.950001,50.639999,49.91,23.778018,up
2012-11-23,50.549999,51.32,50.549999,24.098134,up
2012-11-26,50.849998,51.029999,50.490002,23.956907,down
2012-11-27,50.880001,51.459999,50.130001,23.636791,down
2012-11-28,50.189999,51.400002,49.900002,24.182871,up
2012-11-29,51.779999,52.310001,51.5,24.385298,up
2012-11-30,51.419998,52.009998,51.040001,24.418251,up
2012-12-03,52.139999,52.27,51.5,24.380591,down
2012-12-04,51.650002,51.98,50.939999,24.065182,down
2012-12-05,52.0,52.139999,49.560001,23.909832,down
2012-12-06,51.5,53.849998,51.189999,25.27974,up
2012-12-07,53.43,54.0,53.139999,25.251494,down
2012-12-10,53.52,53.700001,52.799999,24.931377,down
2012-12-11,53.330002,53.5,53.0,25.039652,up
2012-12-12,53.470001,54.189999,53.150002,25.232663,up
2012-12-13,53.5,54.310001,52.950001,25.034945,down
2012-12-14,53.200001,53.75,53.060001,25.119682,up
2012-12-17,53.509998,54.669998,53.5,25.694008,up
2012-12-18,54.669998,54.900002,54.279999,25.581025,down
2012-12-19,54.400002,54.849998,54.130001,25.548072,down
2012-12-20,54.529999,54.610001,53.700001,25.519826,down
2012-12-21,53.049999,53.689999,52.59,25.232663,down
2012-12-24,53.369999,54.0,53.330002,25.275031,up
2012-12-26,53.619999,53.790001,52.880001,25.011407,down
2012-12-27,53.09,53.639999,52.709999,25.063191,up
2012-12-28,52.98,53.27,52.619999,24.780735,down
2012-12-31,52.41,53.669998,52.389999,25.246787,up
2013-01-02,54.59,55.0,54.259998,25.891726,up
2013-01-03,55.07,55.610001,55.0,26.065906,up
2013-01-04,55.529999,56.0,55.310001,26.216548,up
2013-01-07,55.400002,55.790001,55.009998,26.230672,up
2013-01-08,55.580002,55.720001,55.07,26.183595,down
2013-01-09,55.889999,55.900002,54.330002,25.717545,down
2013-01-10,54.759998,55.169998,54.299999,25.675177,down
2013-01-11,55.110001,55.240002,54.439999,25.896432,up
2013-01-14,55.09,55.5,54.540001,25.736374,down
2013-01-15,54.630001,54.790001,53.68,25.646931,down
2013-01-16,54.09,54.419998,53.959999,25.585732,down
2013-01-17,54.790001,54.900002,54.220001,25.656346,up
2013-01-18,54.52,55.029999,54.150002,25.802282,up
2013-01-22,55.07,55.07,54.5,25.887019,up
2013-01-23,54.880001,54.93,54.200001,25.637515,down
2013-01-24,54.740002,54.900002,54.060001,25.689299,up
2013-01-25,56.68,57.27,56.369999,26.743799,up
2013-01-28,56.84,57.150002,55.849998,26.3719,down
2013-01-29,55.619999,56.009998,55.290001,26.17418,down
2013-01-30,55.759998,56.200001,55.380001,26.362484,up
2013-01-31,55.880001,56.490002,55.75,26.418975,up
2013-02-01,56.57,57.099998,56.549999,26.767337,up
2013-02-04,56.349998,56.709999,55.91,26.404853,down
2013-02-05,56.240002,56.450001,55.91,26.556061,up
2013-02-06,55.900002,56.290001,55.720001,26.485181,down
2013-02-07,56.049999,56.060001,55.150002,26.395402,down
2013-02-08,55.84,56.650002,55.84,26.63639,up
2013-02-11,56.52,56.52,55.860001,26.527709,down
2013-02-12,56.0,56.549999,55.950001,26.584412,up
2013-02-13,56.459999,56.459999,55.5,26.381226,down
2013-02-14,55.529999,55.810001,55.349998,26.248917,down
2013-02-15,55.610001,55.700001,54.169998,25.677159,down
2013-02-19,54.360001,54.610001,54.02,25.729138,up
2013-02-20,54.599998,54.84,53.18,25.190456,down
2013-02-21,53.07,53.639999,52.52,25.209356,up
2013-02-22,53.700001,54.209999,53.279999,25.596829,up
2013-02-25,54.400002,54.709999,53.200001,25.143202,down
2013-02-26,53.43,53.860001,52.849998,25.176279,up
2013-02-27,53.25,54.970001,53.080002,25.78584,up
2013-02-28,54.650002,55.169998,54.450001,25.918148,up
2013-03-01,54.630001,54.93,54.0,25.927598,up
2013-03-04,54.77,55.720001,54.66,26.319797,up
2013-03-05,56.0,56.799999,56.0,26.702544,up
2013-03-06,56.759998,57.490002,56.650002,26.981335,up
2013-03-07,57.099998,58.5,57.09,27.524743,up
2013-03-08,58.669998,58.970001,58.150002,27.723204,up
2013-03-11,58.400002,58.93,58.330002,27.694853,down
2013-03-12,58.450001,58.549999,57.98,27.538918,down
2013-03-13,58.330002,58.799999,58.279999,27.685402,up
2013-03-14,58.52,58.75,57.41,27.255402,down
2013-03-15,57.360001,57.860001,57.259998,27.245951,down
2013-03-18,57.060001,57.419998,56.75,26.901006,down
2013-03-19,56.509998,56.98,55.959999,26.853754,down
2013-03-20,57.220001,57.610001,57.0,27.13727,up
2013-03-21,57.299999,57.419998,56.75,26.957709,down
2013-03-22,57.299999,57.75,57.16,27.113644,up
2013-03-25,57.529999,57.830002,56.150002,26.787599,down
2013-03-26,56.990002,57.16,56.709999,26.957709,up
2013-03-27,56.860001,56.950001,56.209999,26.891555,down
2013-03-28,56.93,57.259998,56.860001,26.910457,up
2013-04-01,57.130001,57.34,56.650002,26.872654,down
2013-04-02,57.189999,58.330002,57.150002,27.529467,up
2013-04-03,58.400002,58.900002,57.380001,27.264853,down
2013-04-04,57.610001,58.310001,57.610001,27.458589,up
2013-04-05,57.209999,57.880001,56.720001,27.312105,down
2013-04-08,57.830002,58.119999,57.459999,27.463314,up
2013-04-09,57.959999,58.0,57.18,27.127819,down
2013-04-10,57.639999,58.310001,57.610001,27.312105,up
2013-04-11,57.950001,58.990002,57.799999,27.680678,up
2013-04-12,58.709999,59.709999,58.599998,27.921666,up
2013-04-15,58.66,59.439999,57.599998,27.269577,down
2013-04-16,57.939999,58.939999,57.720001,27.671227,up
2013-04-17,58.029999,58.549999,57.650002,27.48694,down
2013-04-18,58.360001,58.48,57.5,27.274304,down
2013-04-19,57.580002,58.580002,57.540001,27.595623,up
2013-04-22,58.419998,58.869999,57.98,27.709028,up
2013-04-23,58.84,59.900002,58.779999,28.063424,up
2013-04-24,59.689999,59.970001,59.130001,28.271337,up
2013-04-25,60.0,60.639999,59.91,28.58793,up
2013-04-26,59.299999,60.389999,59.200001,28.351666,down
2013-04-29,60.349998,60.919998,60.130001,28.625733,up
2013-04-30,60.630001,60.91,60.310001,28.74859,up
2013-05-01,60.549999,60.68,59.950001,28.41782,down
2013-05-02,60.439999,60.68,59.599998,28.531227,up
2013-05-03,60.849998,61.970001,60.700001,29.235293,up
2013-05-06,62.0,62.48,61.919998,29.523535,up
2013-05-07,62.529999,62.529999,61.709999,29.485605,down
2013-05-08,62.34,62.439999,61.73,29.589912,up
2013-05-09,62.66,62.900002,62.040001,29.566207,down
2013-05-10,62.57,63.189999,62.389999,29.917055,up
2013-05-13,63.200001,63.23,62.610001,29.784302,down
2013-05-14,62.919998,63.57,62.779999,30.116187,up
2013-05-15,63.32,64.199997,63.220001,30.376954,up
2013-05-16,64.0,64.07,63.450001,30.13041,down
2013-05-17,63.77,64.139999,63.5,30.4054,up
2013-05-20,64.029999,64.610001,63.779999,30.263166,down
2013-05-21,64.040001,64.459999,63.880001,30.462296,up
2013-05-22,64.150002,64.93,63.959999,30.414884,down
2013-05-23,63.689999,63.82,63.029999,30.116187,down
2013-05-24,63.080002,63.400002,62.610001,30.040328,down
2013-05-28,64.209999,64.699997,64.040001,30.467038,up
2013-05-29,63.790001,64.099998,63.119999,30.168341,down
2013-05-30,63.869999,64.040001,63.459999,30.092482,down
2013-05-31,63.209999,64.349998,62.790001,29.936021,down
2013-06-03,63.259998,63.540001,62.619999,30.087739,up
2013-06-04,62.610001,64.139999,62.610001,30.026105,down
2013-06-05,63.040001,63.299999,62.310001,29.556724,down
2013-06-06,62.349998,63.060001,62.32,29.879127,up
2013-06-07,63.41,65.089996,63.41,30.836852,up
2013-06-10,65.660004,66.309998,65.480003,31.344162,up
2013-06-11,65.470001,66.110001,65.309998,31.017017,down
2013-06-12,65.82,66.0,64.260002,30.557118,down
2013-06-13,64.540001,66.190002,64.07,31.277785,up
2013-06-14,65.949997,66.669998,65.449997,31.102359,down
2013-06-17,66.190002,66.559998,65.709999,31.306231,up
2013-06-18,66.0,67.129997,65.949997,31.813541,up
2013-06-19,67.019997,67.480003,66.410004,31.486399,down
2013-06-20,65.82,66.32,65.040001,30.922194,down
2013-06-21,65.709999,65.919998,64.230003,30.67091,down
2013-06-24,64.0,64.580002,63.18,30.348507,down
2013-06-25,64.529999,65.360001,64.440002,30.694614,up
2013-06-26,65.370003,66.709999,64.889999,31.197185,up
2013-06-27,66.269997,66.5,65.650002,31.145031,down
2013-06-28,65.510002,66.25,65.400002,31.059689,down
2013-07-01,66.089996,66.489998,65.82,31.405796,up
2013-07-02,66.239998,67.199997,66.080002,31.666564,up
2013-07-03,66.43,67.68,66.400002,31.908367,up
2013-07-05,67.870003,68.0,66.900002,32.107497,up
2013-07-08,67.940002,68.82,67.879997,32.377746,up
2013-07-09,68.900002,69.0,67.989998,32.301885,down
2013-07-10,67.870003,68.120003,67.449997,32.287662,down
2013-07-11,68.68,69.519997,68.349998,32.875571,up
2013-07-12,69.239998,69.720001,68.779999,33.05574,up
2013-07-15,69.690002,69.900002,69.529999,33.027294,down
2013-07-16,69.639999,69.720001,69.080002,32.960913,down
2013-07-17,69.739998,69.82,67.889999,32.335073,down
2013-07-18,68.449997,69.010002,68.040001,32.46783,up
2013-07-19,68.57,69.110001,68.400002,32.614807,up
2013-07-22,69.080002,69.209999,68.550003,32.723853,up
2013-07-23,69.239998,69.32,67.449997,32.079051,down
2013-07-24,68.120003,68.43,66.300003,31.581222,down
2013-07-25,66.940002,68.300003,66.730003,32.32085,up
2013-07-26,72.599998,73.519997,71.849998,34.781541,up
2013-07-29,72.75,73.080002,72.099998,34.350089,down
2013-07-30,72.900002,72.980003,71.709999,34.103548,down
2013-07-31,72.139999,72.5,71.220001,33.80011,down
2013-08-01,72.269997,73.730003,72.080002,34.838437,up
2013-08-02,73.5,74.269997,73.160004,35.194028,up
2013-08-05,74.220001,74.269997,73.709999,35.070756,down
2013-08-06,73.660004,73.849998,72.779999,34.614305,down
2013-08-07,72.360001,73.150002,72.169998,34.324267,down
2013-08-08,72.769997,73.400002,72.400002,34.68087,up
2013-08-09,72.589996,73.230003,72.519997,34.614305,down
2013-08-12,72.279999,73.129997,72.25,34.676115,up
2013-08-13,73.089996,73.089996,71.93,34.538228,down
2013-08-14,72.580002,72.580002,71.790001,34.162605,down
2013-08-15,71.309998,71.349998,70.309998,33.634832,down
2013-08-16,70.980003,71.389999,70.550003,33.620568,down
2013-08-19,70.580002,71.300003,70.18,33.420871,down
2013-08-20,70.360001,71.029999,70.110001,33.596797,up
2013-08-21,70.419998,71.400002,70.279999,33.620568,up
2013-08-22,71.080002,72.260002,71.010002,34.18638,up
2013-08-23,72.059998,72.190002,71.580002,34.219663,up
2013-08-26,72.07,72.209999,71.599998,34.176868,down
2013-08-27,70.900002,71.370003,70.110001,33.359061,down
2013-08-28,70.089996,71.32,69.860001,33.739436,up
2013-08-29,70.730003,71.839996,70.5,33.84404,up
2013-08-30,71.379997,71.400002,70.330002,33.530227,down
2013-09-03,71.699997,72.139999,71.190002,34.043737,up
2013-09-04,71.419998,72.269997,71.089996,34.300492,up
2013-09-05,72.25,72.760002,72.010002,34.257701,down
2013-09-06,72.370003,72.650002,70.93,34.029474,down
2013-09-09,71.68,72.489998,71.669998,34.443135,up
2013-09-10,72.980003,74.32,72.93,35.289473,up
2013-09-11,74.330002,75.5,74.330002,35.845773,up
2013-09-12,75.5,75.910004,75.120003,35.978905,up
2013-09-13,75.589996,75.699997,74.650002,35.931358,down
2013-09-16,76.57,76.599998,74.860001,35.774452,down
2013-09-17,75.260002,76.239998,75.169998,36.15483,up
2013-09-18,75.879997,77.620003,75.550003,36.768189,up
2013-09-19,77.519997,77.839996,76.300003,36.302225,down
2013-09-20,76.260002,77.0,76.07,36.192869,down
2013-09-23,76.110001,76.379997,75.07,35.83151,down
2013-09-24,75.529999,77.309998,75.480003,36.397322,up
2013-09-25,76.839996,77.010002,76.07,36.29747,down
2013-09-26,76.639999,77.279999,76.32,36.696867,up
2013-09-27,76.910004,77.480003,76.400002,36.768189,up
2013-09-30,76.5,77.080002,76.050003,36.597019,down
2013-10-01,76.980003,77.339996,76.559998,36.687359,up
2013-10-02,76.589996,77.230003,76.209999,36.701623,up
2013-10-03,76.959999,77.459999,76.32,36.549472,down
2013-10-04,76.800003,77.459999,76.510002,36.801471,up
2013-10-07,76.599998,77.389999,76.410004,36.544717,down
2013-10-08,77.110001,78.029999,75.440002,35.912339,down
2013-10-09,75.389999,75.800003,74.449997,35.783963,down
2013-10-10,76.290001,77.309998,76.129997,36.66834,up
2013-10-11,77.220001,77.839996,76.879997,37.001169,up
2013-10-14,77.540001,78.32,77.25,37.1343,up
2013-10-15,77.830002,77.900002,76.599998,36.473395,down
2013-10-16,77.199997,78.220001,76.889999,37.105773,up
2013-10-17,77.669998,78.849998,77.449997,37.438601,up
2013-10-18,79.269997,79.669998,78.970001,37.70962,up
2013-10-21,79.110001,79.910004,78.669998,37.780941,up
2013-10-22,79.900002,81.080002,79.599998,38.465621,up
2013-10-23,80.449997,80.849998,79.889999,38.061471,down
2013-10-24,79.360001,79.440002,78.510002,37.586,down
2013-10-25,79.470001,80.0,79.269997,38.018677,up
2013-10-28,80.199997,80.43,78.529999,37.424338,down
2013-10-29,79.209999,79.620003,79.050003,37.857018,up
2013-10-30,80.629997,80.849998,79.760002,38.432338,up
2013-10-31,78.690002,81.620003,78.57,38.536942,up
2013-11-01,81.540001,81.540001,79.669998,38.213622,down
2013-11-04,80.75,80.779999,80.209999,38.213622,down
2013-11-05,80.360001,82.339996,80.150002,38.983883,up
2013-11-06,82.389999,82.5,80.970001,38.574977,down
2013-11-07,81.300003,81.349998,79.0,37.595508,down
2013-11-08,79.510002,81.25,79.400002,38.60826,up
2013-11-11,81.199997,81.419998,80.980003,38.508411,down
2013-11-12,80.760002,81.050003,80.120003,38.451172,down
2013-11-13,79.239998,81.5,79.190002,38.856623,up
2013-11-14,81.529999,81.540001,80.790001,38.703983,down
2013-11-15,81.25,81.449997,80.779999,38.727834,up
2013-11-18,81.019997,81.339996,80.209999,38.417782,down
2013-11-19,80.010002,80.919998,79.860001,38.122039,down
2013-11-20,80.129997,80.25,79.32,38.012331,down
2013-11-21,79.800003,81.650002,79.75,38.890013,up
2013-11-22,81.699997,81.699997,81.099998,38.804153,down
2013-11-25,81.370003,81.480003,80.510002,38.498871,down
2013-11-26,80.860001,81.650002,80.410004,38.880475,up
2013-11-27,81.389999,81.910004,81.199997,38.932945,up
2013-11-29,81.849998,82.370003,81.370003,38.856623,down
2013-12-02,81.489998,81.690002,80.910004,38.670593,down
2013-12-03,80.739998,81.160004,80.290001,38.422553,down
2013-12-04,80.389999,80.720001,79.440002,37.921699,down
2013-12-05,79.559998,80.25,79.330002,38.02664,up
2013-12-06,80.599998,80.75,79.709999,38.131581,up
2013-12-09,80.260002,80.459999,79.610001,38.031411,down
2013-12-10,78.989998,79.07,76.68,36.910452,down
2013-12-11,77.599998,78.0,76.290001,36.442992,down
2013-12-12,76.279999,77.089996,76.0,36.481153,up
2013-12-13,76.830002,76.93,76.089996,36.41914,down
2013-12-16,76.029999,76.980003,75.910004,36.471611,up
2013-12-17,76.580002,76.580002,75.910004,36.295119,down
2013-12-18,76.129997,77.690002,76.099998,37.053554,up
2013-12-19,78.239998,78.5,77.019997,36.800744,down
2013-12-20,77.519997,77.980003,77.239998,37.044016,up
2013-12-23,77.970001,78.339996,77.349998,37.358836,up
2013-12-24,78.099998,78.75,77.949997,37.478086,up
2013-12-26,78.730003,79.029999,78.440002,37.625956,up
2013-12-27,79.290001,79.300003,78.459999,37.478086,down
2013-12-30,78.790001,78.830002,77.860001,37.468548,down
2013-12-31,78.43,78.779999,78.010002,37.392226,down
2014-01-02,78.07,78.269997,77.010002,36.810282,down
2014-01-03,77.300003,77.769997,76.940002,36.705341,down
2014-01-06,76.900002,77.349998,76.010002,36.33328,down
2014-01-07,76.650002,77.410004,76.470001,36.829363,up
2014-01-08,77.279999,78.150002,77.190002,37.220505,up
2014-01-09,78.07,78.099998,76.800003,37.015393,down
2014-01-10,77.559998,77.989998,76.949997,37.048783,up
2014-01-13,77.379997,77.389999,74.760002,35.832429,down
2014-01-14,75.120003,76.360001,74.75,35.994608,up
2014-01-15,75.540001,76.330002,75.410004,36.342822,up
2014-01-16,75.82,76.190002,75.129997,35.913519,down
2014-01-17,75.0,75.459999,74.669998,35.727488,down
2014-01-21,75.050003,75.07,73.260002,35.131235,down
2014-01-22,73.949997,74.199997,73.540001,35.107383,down
2014-01-23,73.480003,73.730003,71.68,35.007213,down
2014-01-24,74.730003,76.160004,74.110001,35.765649,up
2014-01-27,75.230003,75.230003,74.019997,35.398355,down
2014-01-28,74.57,74.800003,73.669998,35.245715,down
2014-01-29,73.5,73.660004,71.459999,34.134298,down
2014-01-30,72.279999,72.43,71.309998,34.301252,up
2014-01-31,70.889999,71.940002,70.870003,33.924419,down
2014-02-03,71.0,71.510002,68.669998,32.898863,down
2014-02-04,70.0,71.199997,69.370003,33.827749,up
2014-02-05,70.089996,70.739998,69.610001,33.751138,down
2014-02-06,70.660004,72.800003,70.559998,34.646509,up
2014-02-07,73.610001,74.489998,72.690002,35.450906,up
2014-02-10,74.309998,75.18,74.309998,35.814801,up
2014-02-11,74.870003,75.190002,73.790001,35.671157,down
2014-02-12,74.489998,75.059998,73.699997,35.388663,down
2014-02-13,73.559998,74.690002,73.389999,35.762132,up
2014-02-14,74.349998,75.089996,74.010002,35.924925,up
2014-02-18,74.989998,75.0,73.940002,35.41739,down
2014-02-19,73.839996,74.279999,73.230003,35.106164,down
2014-02-20,73.400002,73.709999,72.480003,35.216292,up
2014-02-21,73.779999,73.860001,72.519997,34.74227,down
2014-02-24,72.660004,72.879997,72.019997,34.74227,down
2014-02-25,72.5,72.660004,70.550003,33.779869,down
2014-02-26,70.800003,72.220001,69.949997,34.3688,up
2014-02-27,71.620003,72.239998,71.43,34.565113,up
2014-02-28,71.540001,71.93,70.5,33.976178,down
2014-03-03,70.010002,70.730003,70.0,33.741564,down
2014-03-04,71.43,71.959999,71.050003,34.311346,up
2014-03-05,71.989998,72.089996,70.879997,34.138975,down
2014-03-06,71.830002,73.330002,71.769997,34.804517,up
2014-03-07,72.989998,73.099998,72.209999,34.986462,up
2014-03-10,73.25,73.639999,72.790001,35.221077,up
2014-03-11,73.989998,75.410004,73.849998,35.924925,up
2014-03-12,74.550003,75.660004,74.5,36.212208,up
2014-03-13,75.839996,76.419998,74.029999,35.637641,down
2014-03-14,74.089996,74.889999,74.019997,35.56103,down
2014-03-17,74.809998,74.989998,73.82,35.517939,down
2014-03-18,74.349998,74.839996,74.050003,35.719037,up
2014-03-19,75.0,77.330002,74.82,36.346277,up
2014-03-20,76.290001,77.129997,75.599998,36.849023,up
2014-03-21,78.209999,78.639999,76.620003,36.729321,down
2014-03-24,76.900002,77.110001,75.209999,36.279241,down
2014-03-25,76.440002,76.510002,74.290001,35.723826,down
2014-03-26,74.93,74.989998,73.519997,35.211502,down
2014-03-27,73.07,73.959999,72.690002,35.14447,down
2014-03-28,73.290001,74.059998,73.050003,35.28811,up
2014-03-31,73.900002,74.400002,73.169998,35.134892,down
2014-04-01,73.639999,74.980003,73.410004,35.436543,up
2014-04-02,74.349998,74.370003,73.239998,35.273746,down
2014-04-03,73.860001,74.339996,72.82,34.996037,down
2014-04-04,73.550003,73.889999,71.32,34.258677,down
2014-04-07,71.199997,71.379997,70.050003,33.722411,down
2014-04-08,70.639999,71.690002,70.5,34.22516,up
2014-04-09,71.629997,72.68,71.199997,34.703968,up
2014-04-10,72.739998,72.739998,70.169998,33.621862,down
2014-04-11,69.790001,70.129997,68.68,32.90844,down
2014-04-14,69.629997,70.040001,68.699997,33.186145,up
2014-04-15,69.959999,70.099998,67.93,32.985047,down
2014-04-16,69.650002,70.879997,69.160004,33.894782,up
2014-04-17,70.57,71.389999,70.139999,33.588345,down
2014-04-21,70.309998,70.599998,69.849998,33.746353,up
2014-04-22,70.529999,71.279999,70.330002,34.067153,up
2014-04-23,71.459999,71.470001,70.220001,33.703258,down
2014-04-24,71.519997,72.040001,70.110001,34.038422,up
2014-04-25,72.0,72.25,70.940002,34.210793,up
2014-04-28,71.889999,72.019997,69.800003,33.961815,down
2014-04-29,71.18,71.449997,70.269997,33.82296,down
2014-04-30,70.620003,70.760002,70.120003,33.813385,down
2014-05-01,70.75,71.199997,70.32,34.052789,up
2014-05-02,71.25,71.529999,70.57,33.803807,down
2014-05-05,70.5,71.059998,70.18,33.957026,up
2014-05-06,70.730003,70.830002,69.330002,33.438013,down
2014-05-07,69.779999,70.0,69.139999,33.514902,up
2014-05-08,69.599998,70.5,69.339996,33.438013,down
2014-05-09,69.699997,70.309998,69.519997,33.779217,up
2014-05-12,70.639999,71.239998,70.400002,34.192507,up
2014-05-13,70.970001,71.339996,70.900002,34.197313,up
2014-05-14,71.18,71.199997,70.029999,33.721547,down
2014-05-15,70.260002,70.330002,69.279999,33.567765,down
2014-05-16,70.0,71.040001,69.809998,34.091588,up
2014-05-19,70.559998,71.120003,70.279999,34.13003,up
2014-05-20,70.760002,70.900002,69.839996,33.750384,down
2014-05-21,70.709999,70.75,70.07,33.83208,up
2014-05-22,70.349998,71.769997,70.300003,34.312649,up
2014-05-23,72.290001,72.510002,71.830002,34.59138,up
2014-05-27,72.639999,73.779999,72.540001,35.398737,up
2014-05-28,73.300003,73.57,72.919998,35.211311,down
2014-05-29,73.519997,73.559998,72.650002,35.134422,down
2014-05-30,73.160004,73.5,72.529999,35.196895,up
2014-06-02,73.220001,74.059998,73.160004,35.490042,up
2014-06-03,73.720001,74.349998,73.580002,35.648631,up
2014-06-04,74.120003,74.699997,73.639999,35.884109,up
2014-06-05,74.360001,75.139999,74.199997,35.908139,up
2014-06-06,75.059998,75.540001,74.800003,36.201286,up
2014-06-09,75.379997,75.400002,74.650002,36.1292,down
2014-06-10,75.25,75.440002,74.32,35.850469,down
2014-06-11,74.139999,74.870003,73.849998,35.946585,up
2014-06-12,74.690002,74.699997,73.730003,35.542905,down
2014-06-13,73.870003,74.900002,73.529999,35.893722,up
2014-06-16,74.480003,75.160004,74.459999,36.085947,up
2014-06-17,75.029999,75.650002,74.989998,36.191673,up
2014-06-18,75.199997,75.68,74.599998,36.311815,up
2014-06-19,76.550003,77.5,76.459999,37.114369,up
2014-06-20,77.629997,77.629997,76.410004,36.811608,down
2014-06-23,76.690002,77.269997,76.190002,36.874084,up
2014-06-24,76.900002,77.75,76.540001,37.210481,up
2014-06-25,77.040001,78.18,76.959999,37.542075,up
2014-06-26,78.010002,78.330002,77.470001,37.513239,down
2014-06-27,77.959999,78.349998,77.790001,37.455573,down
2014-06-30,78.099998,78.190002,77.080002,37.186451,down
2014-07-01,77.889999,78.199997,77.599998,37.522852,up
2014-07-02,78.379997,78.410004,77.910004,37.575715,up
2014-07-03,78.389999,79.400002,78.139999,37.993808,up
2014-07-07,78.779999,79.379997,78.610001,37.816,down
2014-07-08,78.639999,78.900002,78.25,37.753523,down
2014-07-09,78.540001,79.480003,78.360001,38.18123,up
2014-07-10,78.610001,79.050003,78.190002,37.892889,down
2014-07-11,78.959999,78.989998,78.139999,37.772746,down
2014-07-14,78.980003,78.980003,78.419998,37.753523,down
2014-07-15,78.650002,79.150002,78.459999,37.912112,up
2014-07-16,79.059998,79.059998,78.309998,37.835223,down
2014-07-17,78.120003,78.459999,77.120003,37.119172,down
2014-07-18,77.699997,78.150002,77.25,37.455573,up
2014-07-21,77.860001,77.93,77.169998,37.296984,down
2014-07-22,78.330002,79.029999,78.199997,37.840026,up
2014-07-23,78.510002,79.279999,78.400002,38.032254,up
2014-07-24,79.589996,80.639999,79.150002,38.661799,up
2014-07-25,78.400002,79.32,77.900002,37.840026,down
2014-07-28,78.800003,79.0,78.169998,37.657411,down
2014-07-29,78.489998,79.25,78.410004,37.796776,up
2014-07-30,79.0,79.18,78.519997,37.916919,up
2014-07-31,78.519997,78.699997,77.519997,37.330624,down
2014-08-01,77.5,77.889999,76.580002,36.994227,down
2014-08-04,77.260002,77.760002,77.029999,37.258537,up
2014-08-05,77.169998,77.459999,76.43,37.02709,down
2014-08-06,76.5,77.440002,76.269997,37.191032,up
2014-08-07,77.330002,77.440002,76.559998,36.988514,down
2014-08-08,76.629997,77.669998,76.510002,37.427306,up
2014-08-11,77.669998,78.25,77.650002,37.547852,up
2014-08-12,77.870003,78.139999,77.519997,37.523741,down
2014-08-13,78.099998,78.099998,77.129997,37.244072,down
2014-08-14,77.480003,77.5,76.160004,36.945119,down
2014-08-15,77.220001,77.279999,76.370003,37.084954,up
2014-08-18,77.190002,77.860001,77.18,37.412837,up
2014-08-19,77.800003,78.199997,77.599998,37.668399,up
2014-08-20,78.010002,78.470001,77.739998,37.625,down
2014-08-21,77.809998,78.169998,77.389999,37.354977,down
2014-08-22,77.239998,77.599998,77.050003,37.26336,down
2014-08-25,77.639999,78.220001,77.510002,37.59607,up
2014-08-26,78.010002,78.43,77.760002,37.509276,down
2014-08-27,77.910004,78.269997,77.660004,37.571959,up
2014-08-28,77.790001,78.029999,77.510002,37.518919,down
2014-08-29,78.07,78.099998,77.519997,37.518919,down
2014-09-02,77.699997,77.980003,77.160004,37.3598,down
2014-09-03,77.559998,77.93,76.699997,37.02709,down
2014-09-04,76.800003,77.370003,76.760002,37.2055,up
2014-09-05,77.010002,77.970001,76.809998,37.586424,up
2014-09-08,77.760002,77.959999,77.330002,37.451413,down
2014-09-09,77.449997,77.75,76.980003,37.186212,down
2014-09-10,77.010002,77.400002,76.75,37.229607,up
2014-09-11,76.980003,77.0,76.080002,36.704026,down
2014-09-12,75.830002,76.07,74.940002,36.390604,down
2014-09-15,75.260002,75.339996,74.389999,36.1254,down
2014-09-16,74.839996,75.449997,74.529999,36.207371,up
2014-09-17,75.339996,75.82,75.110001,36.327918,up
2014-09-18,75.589996,75.889999,75.0,36.515974,up
2014-09-19,75.970001,76.330002,75.769997,36.679915,up
2014-09-22,76.050003,76.050003,74.330002,35.971101,down
2014-09-23,74.290001,74.879997,73.779999,35.662502,down
2014-09-24,74.529999,75.43,74.349998,36.318276,up
2014-09-25,75.18,75.279999,74.089996,35.739653,down
2014-09-26,74.0,75.230003,73.940002,36.245947,up
2014-09-29,74.550003,75.519997,74.449997,36.294165,up
2014-09-30,75.559998,75.849998,75.019997,36.385781,up
2014-10-01,75.68,75.910004,74.410004,35.975924,down
2014-10-02,74.410004,75.0,73.779999,35.898772,down
2014-10-03,74.800003,76.099998,74.769997,36.593122,up
2014-10-06,76.019997,76.230003,75.099998,36.236305,down
2014-10-07,74.900002,75.050003,74.019997,35.7059,down
2014-10-08,74.239998,75.419998,73.629997,36.289346,up
2014-10-09,75.040001,75.82,74.360001,35.913241,down
2014-10-10,74.260002,75.790001,74.099998,35.903595,down
2014-10-13,74.209999,74.440002,72.010002,34.809034,down
2014-10-14,72.410004,73.580002,72.209999,35.074234,up
2014-10-15,72.029999,72.93,71.269997,34.900646,down
2014-10-16,71.18,72.870003,70.769997,35.026016,up
2014-10-17,73.349998,73.910004,72.879997,35.459984,up
2014-10-20,73.610001,74.75,73.410004,36.019319,up
2014-10-21,75.0,75.190002,74.139999,35.855377,down
2014-10-22,74.480003,74.989998,74.160004,35.971101,up
2014-10-23,75.150002,75.510002,74.760002,36.086824,up
2014-10-24,74.900002,75.910004,74.349998,36.554546,up
2014-10-27,76.010002,76.379997,75.82,36.631697,up
2014-10-28,76.339996,77.07,75.879997,37.15246,up
2014-10-29,77.099998,77.669998,76.220001,36.906543,down
2014-10-30,76.18,77.449997,76.110001,37.282648,up
2014-10-31,75.25,76.739998,74.919998,36.433999,down
2014-11-03,75.970001,76.269997,75.470001,36.69438,up
2014-11-04,75.610001,76.940002,75.5,36.988514,up
2014-11-05,77.010002,77.389999,76.589996,36.964407,down
2014-11-06,76.970001,77.550003,76.660004,37.345331,up
2014-11-07,77.639999,78.089996,77.209999,37.509276,up
2014-11-10,77.639999,77.900002,77.169998,37.596428,up
2014-11-11,77.830002,78.199997,77.25,37.635163,up
2014-11-12,77.410004,78.010002,77.269997,37.693262,up
2014-11-13,78.190002,78.480003,77.410004,37.712629,up
2014-11-14,78.080002,78.300003,77.730003,37.823992,up
2014-11-17,77.940002,78.470001,77.650002,37.68358,down
2014-11-18,77.629997,78.0,77.32,37.557692,down
2014-11-19,77.440002,78.080002,77.400002,37.678737,up
2014-11-20,77.660004,78.639999,77.650002,37.862723,up
2014-11-21,79.129997,79.919998,78.769997,38.618044,up
2014-11-24,79.900002,80.82,79.709999,38.986016,up
2014-11-25,80.559998,80.919998,80.050003,38.835922,down
2014-11-26,80.120003,80.309998,79.400002,38.58899,down
2014-11-28,80.43,81.639999,80.410004,39.3201,up
2014-12-01,81.0,81.5,80.620003,39.145796,down
2014-12-02,80.690002,80.849998,80.089996,38.913393,down
2014-12-03,80.419998,80.75,80.07,38.96181,up
2014-12-04,80.599998,82.300003,80.389999,39.368517,up
2014-12-05,82.5,83.919998,82.43,40.462761,up
2014-12-08,84.199997,84.199997,83.099998,40.574123,up
2014-12-09,83.07,83.290001,82.199997,40.201304,down
2014-12-10,82.900002,84.040001,82.550003,40.022161,down
2014-12-11,82.900002,84.019997,82.660004,40.244882,up
2014-12-12,82.739998,83.970001,82.57,40.307824,up
2014-12-15,82.269997,82.5,80.690002,39.165163,down
2014-12-16,80.489998,81.089996,79.110001,38.313009,down
2014-12-17,79.129997,80.589996,78.440002,38.947285,up
2014-12-18,81.550003,81.639999,79.260002,38.74877,down
2014-12-19,80.199997,80.290001,79.410004,38.463107,down
2014-12-22,79.849998,80.550003,79.769997,38.995702,up
2014-12-23,81.5,82.050003,81.129997,39.42662,up
2014-12-24,81.470001,81.860001,81.18,39.34915,down
2014-12-26,81.43,82.400002,81.379997,39.620292,up
2014-12-29,81.660004,82.550003,81.5,39.886588,up
2014-12-30,82.07,82.879997,81.790001,39.600924,down
2014-12-31,82.190002,83.330002,82.0,39.726812,up
2015-01-02,82.129997,82.980003,80.889999,39.431463,down
2015-01-05,80.139999,80.669998,79.489998,38.676143,down
2015-01-06,80.339996,80.389999,78.559998,38.36143,down
2015-01-07,79.75,81.230003,79.400002,39.305576,up
2015-01-08,82.330002,83.300003,82.019997,39.939848,up
2015-01-09,80.989998,81.510002,79.120003,38.632568,down
2015-01-12,80.290001,80.830002,79.82,38.845608,up
2015-01-13,81.480003,82.139999,80.129997,39.155482,up
2015-01-14,80.050003,80.779999,79.610001,38.937599,down
2015-01-15,80.599998,80.900002,79.190002,38.530891,down
2015-01-16,79.260002,80.779999,79.0,39.029594,up
2015-01-20,80.800003,81.470001,80.330002,39.324943,up
2015-01-21,81.050003,81.629997,80.529999,39.358835,up
2015-01-22,81.360001,82.839996,80.889999,40.060892,up
2015-01-23,86.5,88.699997,86.440002,42.71419,up
2015-01-26,88.089996,88.5,87.410004,42.665773,down
2015-01-27,87.779999,89.209999,87.449997,42.772289,up
2015-01-28,88.699997,89.589996,87.489998,42.399473,down
2015-01-29,88.010002,89.300003,87.57,43.116058,up
2015-01-30,88.580002,88.940002,87.389999,42.380106,down
2015-02-02,87.68,88.089996,85.860001,42.602827,up
2015-02-03,87.980003,88.489998,86.93,43.001302,up
2015-02-04,88.0,89.43,87.989998,43.103351,up
2015-02-05,88.709999,89.769997,88.709999,43.56014,up
2015-02-06,89.5,89.68,88.68,43.249136,down
2015-02-09,88.510002,89.209999,88.139999,43.161665,down
2015-02-10,89.370003,91.379997,89.330002,44.308497,up
2015-02-11,91.160004,91.790001,90.709999,44.118978,down
2015-02-12,91.089996,91.940002,90.089996,44.624362,up
2015-02-13,91.989998,91.989998,90.910004,44.502875,down
2015-02-17,91.769997,92.239998,91.260002,44.721549,up
2015-02-18,92.389999,93.330002,92.0,45.192917,up
2015-02-19,93.150002,93.779999,93.010002,45.275527,up
2015-02-20,93.459999,93.669998,92.970001,45.44075,up
2015-02-23,93.849998,93.93,93.080002,45.474766,up
2015-02-24,93.260002,93.989998,93.160004,45.411591,down
2015-02-25,93.300003,94.830002,93.25,45.805209,up
2015-02-26,94.300003,94.82,94.080002,45.946134,up
2015-02-27,94.790001,94.800003,93.269997,45.431029,down
2015-03-02,93.330002,94.550003,93.330002,45.790631,up
2015-03-03,94.099998,94.209999,93.199997,45.678862,down
2015-03-04,93.809998,94.190002,92.010002,45.222073,down
2015-03-05,93.279999,93.959999,93.059998,45.499061,up
2015-03-06,93.300003,93.699997,91.879997,44.81388,down
2015-03-09,92.389999,93.129997,92.089996,45.212355,up
2015-03-10,92.160004,92.910004,91.769997,44.794442,down
2015-03-11,92.120003,92.980003,91.220001,44.425122,down
2015-03-12,91.970001,93.529999,91.839996,45.377575,up
2015-03-13,92.68,94.370003,92.68,45.333842,down
2015-03-16,94.0,94.620003,93.739998,45.703161,up
2015-03-17,93.760002,94.480003,93.599998,45.868381,up
2015-03-18,94.0,96.57,93.349998,46.573,up
2015-03-19,96.760002,99.199997,96.379997,47.506018,up
2015-03-20,98.489998,98.900002,97.010002,47.360233,down
2015-03-23,97.879997,97.900002,96.709999,47.316499,down
2015-03-24,97.110001,98.330002,96.760002,47.583767,up
2015-03-25,98.139999,98.480003,95.769997,46.538984,down
2015-03-26,95.349998,95.75,93.660004,46.203684,down
2015-03-27,95.0,95.949997,94.75,46.198824,down
2015-03-30,96.040001,96.5,95.5,46.641036,up
2015-03-31,95.669998,96.199997,94.690002,46.019023,down
2015-04-01,94.279999,94.5,92.559998,45.202634,down
2015-04-02,93.419998,94.639999,93.220001,45.868381,up
2015-04-06,93.849998,94.800003,93.449997,45.931552,up
2015-04-07,94.410004,94.959999,93.959999,45.712878,down
2015-04-08,93.839996,95.279999,93.839996,46.276577,up
2015-04-09,47.650002,47.990002,47.25,46.611877,up
2015-04-10,48.599998,48.599998,47.880001,46.815973,up
2015-04-13,48.560001,48.889999,48.380001,47.136698,up
2015-04-14,48.52,48.709999,47.970001,46.942319,down
2015-04-15,48.810001,48.810001,48.130001,46.786817,down
2015-04-16,48.23,48.48,48.16,46.893726,up
2015-04-17,47.900002,48.0,47.389999,46.281434,down
2015-04-20,47.900002,48.119999,47.700001,46.621597,up
2015-04-21,48.349998,48.48,48.02,47.010352,up
2015-04-22,48.5,48.599998,47.98,46.981196,down
2015-04-23,48.549999,49.700001,48.279999,48.040557,up
2015-04-24,51.32,52.09,50.619999,50.382813,up
2015-04-27,51.810001,51.939999,50.759998,49.440078,down
2015-04-28,50.599998,50.799999,49.98,49.187388,down
2015-04-29,50.419998,50.950001,50.200001,49.226265,up
2015-04-30,50.630001,50.68,49.43,48.186342,down
2015-05-01,49.950001,50.419998,49.68,48.876384,up
2015-05-04,50.299999,50.93,50.27,49.031886,up
2015-05-05,49.939999,50.049999,49.360001,48.1739,down
2015-05-06,49.68,49.700001,48.57,47.705909,down
2015-05-07,48.740002,49.549999,48.720001,48.1154,up
2015-05-08,49.990002,50.43,49.459999,48.534642,up
2015-05-11,49.709999,50.220001,49.380001,48.261649,down
2015-05-12,49.150002,49.990002,49.0,48.466394,up
2015-05-13,49.849998,50.150002,49.43,48.349397,down
2015-05-14,49.98,50.59,49.669998,49.295132,up
2015-05-15,50.790001,50.849998,50.389999,49.529125,up
2015-05-18,50.650002,51.290001,50.560001,49.89962,up
2015-05-19,51.48,51.720001,50.959999,50.133614,up
2015-05-20,51.310001,51.439999,50.43,49.753371,down
2015-05-21,50.939999,51.450001,50.779999,50.045869,up
2015-05-22,51.330002,51.650002,51.209999,50.192114,up
2015-05-26,51.380001,51.779999,50.66,49.568126,down
2015-05-27,51.040001,51.700001,50.91,50.299363,up
2015-05-28,51.84,51.939999,51.450001,50.51386,up
2015-05-29,51.950001,52.23,51.450001,50.660105,up
2015-06-01,51.959999,52.459999,51.669998,50.913603,up
2015-06-02,51.98,52.299999,51.66,50.43586,down
2015-06-03,52.0,52.27,51.669998,50.816102,up
2015-06-04,51.869999,52.18,51.57,50.426112,down
2015-06-05,51.57,52.439999,51.27,50.884351,up
2015-06-08,52.0,52.23,51.490002,50.240862,down
2015-06-09,51.349998,51.700001,51.099998,50.250614,up
2015-06-10,51.799999,52.860001,51.66,51.371842,up
2015-06-11,52.810001,53.0,52.439999,51.176849,down
2015-06-12,52.41,52.740002,52.16,51.313346,up
2015-06-15,52.23,52.459999,52.009998,50.962351,down
2015-06-16,52.27,53.139999,52.200001,51.64484,up
2015-06-17,53.09,53.470001,52.720001,51.908086,up
2015-06-18,53.5,54.279999,53.400002,52.75632,up
2015-06-19,54.080002,54.439999,53.84,52.580823,down
2015-06-22,54.330002,54.43,53.880001,52.551574,down
2015-06-23,54.040001,54.18,53.720001,52.766068,up
2015-06-24,53.75,53.970001,53.52,52.366325,down
2015-06-25,54.09,54.450001,54.0,52.71732,up
2015-06-26,54.459999,54.75,54.299999,53.253559,up
2015-06-29,53.869999,54.389999,53.509998,52.210328,down
2015-06-30,54.150002,54.299999,53.139999,52.278577,up
2015-07-01,53.860001,54.209999,53.599998,52.541822,up
2015-07-02,54.029999,54.700001,53.950001,52.883069,up
2015-07-06,53.639999,54.41,53.630001,52.951317,up
2015-07-07,54.290001,54.540001,53.360001,53.019566,up
2015-07-08,53.860001,54.02,53.310001,52.054331,down
2015-07-09,54.07,54.5,53.880001,52.697819,up
2015-07-10,54.540001,54.73,54.18,53.204811,up
2015-07-13,55.0,55.889999,54.900002,54.306543,up
2015-07-14,55.959999,56.060001,55.52,54.355291,up
2015-07-15,55.919998,55.950001,55.290001,53.955548,down
2015-07-16,56.060001,56.16,55.66,54.345543,up
2015-07-17,55.900002,55.900002,55.369999,54.296791,down
2015-07-20,55.73,56.740002,55.700001,54.803782,up
2015-07-21,56.380001,56.470001,55.779999,54.794034,down
2015-07-22,56.43,56.869999,56.25,55.271773,up
2015-07-23,56.98,57.0,56.16,55.145028,down
2015-07-24,59.119999,59.310001,57.150002,55.856765,up
2015-07-27,57.209999,57.470001,56.849998,55.554519,down
2015-07-28,57.389999,57.400002,56.560001,55.710516,up
2015-07-29,57.380001,57.799999,57.139999,56.071259,up
2015-07-30,57.299999,58.150002,57.009998,56.607503,up
2015-07-31,58.439999,58.439999,57.73,56.480754,down
2015-08-03,58.619999,58.959999,58.040001,56.734248,up
2015-08-04,58.25,58.720001,58.029999,57.38929,up
2015-08-05,59.150002,59.32,58.830002,57.692366,up
2015-08-06,59.130001,59.200001,57.09,55.952112,down
2015-08-07,57.330002,57.360001,56.509998,55.922784,down
2015-08-10,57.290001,57.630001,55.75,55.013549,down
2015-08-11,55.790001,56.439999,55.240002,55.091761,up
2015-08-12,55.689999,56.400002,54.950001,55.121094,up
2015-08-13,56.52,57.25,56.509998,55.580596,up
2015-08-14,56.950001,57.119999,56.66,55.825014,up
2015-08-17,57.0,57.759998,56.73,56.450727,up
2015-08-18,57.959999,58.060001,57.66,56.538717,up
2015-08-19,57.580002,58.080002,57.119999,56.304075,down
2015-08-20,57.0,57.150002,55.77,54.563821,down
2015-08-21,54.720001,54.860001,52.599998,51.660137,down
2015-08-24,48.049999,52.669998,42.049999,49.21596,down
2015-08-25,52.959999,53.610001,51.049999,49.949213,up
2015-08-26,52.990002,54.150002,51.27,52.755128,up
2015-08-27,54.759998,56.209999,54.41,54.700695,up
2015-08-28,55.700001,56.310001,55.200001,54.38784,down
2015-08-31,55.189999,55.470001,54.5,53.488381,down
2015-09-01,53.0,54.360001,52.740002,52.3054,down
2015-09-02,54.5,55.290001,53.75,54.026099,up
2015-09-03,55.720001,55.759998,54.48,53.468827,down
2015-09-04,53.869999,54.57,53.84,53.067982,down
2015-09-08,55.310001,55.450001,54.529999,53.977217,up
2015-09-09,55.900002,56.0,54.57,53.468827,down
2015-09-10,54.34,55.689999,54.330002,54.133644,up
2015-09-11,55.189999,56.540001,55.029999,55.267742,up
2015-09-14,56.540001,56.91,56.049999,55.033103,down
2015-09-15,56.43,57.209999,56.119999,55.639258,up
2015-09-16,56.830002,57.349998,56.209999,55.981441,up
2015-09-17,57.32,58.099998,57.040001,56.000995,up
2015-09-18,56.490002,57.630001,56.279999,55.570821,down
2015-09-21,57.200001,57.84,56.959999,56.255192,up
2015-09-22,56.849998,57.25,56.700001,55.844568,down
2015-09-23,57.16,57.93,57.049999,56.49961,up
2015-09-24,57.380001,58.540001,57.169998,57.066657,up
2015-09-25,58.919998,58.959999,57.740002,56.695145,down
2015-09-28,58.009998,58.43,55.619999,54.524714,down
2015-09-29,55.849998,56.299999,54.810001,54.475831,down
2015-09-30,56.400002,56.900002,55.610001,55.570821,up
2015-10-01,56.990002,57.5,55.889999,56.19653,up
2015-10-02,56.990002,58.09,56.540001,56.783135,up
2015-10-05,58.490002,59.18,58.07,57.721698,up
2015-10-06,58.82,59.139999,58.220001,57.379511,down
2015-10-07,58.619999,58.830002,57.900002,57.467502,up
2015-10-08,58.779999,59.709999,58.389999,58.132318,up
2015-10-09,59.470001,60.110001,59.299999,58.728698,up
2015-10-12,60.349998,60.889999,60.040001,59.188205,up
2015-10-13,60.34,60.75,60.02,58.816689,down
2015-10-14,60.0,60.169998,58.43,57.50661,down
2015-10-15,58.950001,59.830002,58.080002,58.357182,up
2015-10-16,59.959999,60.290001,59.459999,58.591825,up
2015-10-19,60.130001,61.290001,59.869999,59.608604,up
2015-10-20,61.220001,61.360001,60.560001,59.520613,down
2015-10-21,61.07,61.119999,60.16,59.178426,down
2015-10-22,60.959999,61.709999,60.169998,60.116993,up
2015-10-23,62.110001,62.799999,61.619999,61.211984,up
2015-10-26,62.98,63.84,62.970001,62.013674,up
2015-10-27,63.369999,63.41,62.189999,61.309749,down
2015-10-28,63.110001,63.52,62.419998,62.091885,up
2015-10-29,63.419998,63.5,61.709999,61.104439,down
2015-10-30,63.689999,64.0,62.259998,61.172876,up
2015-11-02,63.009998,63.099998,62.119999,60.850246,down
2015-11-03,62.0,62.98,61.650002,61.39774,up
2015-11-04,63.040001,63.040001,61.34,60.576496,down
2015-11-05,62.169998,62.459999,62.009998,60.88935,up
2015-11-06,62.049999,62.240002,61.610001,60.586275,down
2015-11-09,61.75,61.970001,60.860001,60.164515,down
2015-11-10,61.540001,62.32,61.209999,60.988418,up
2015-11-11,62.549999,62.57,61.810001,60.684358,down
2015-11-12,61.34,61.650002,60.75,59.899689,down
2015-11-13,60.889999,61.349998,59.610001,58.595178,down
2015-11-16,59.5,60.689999,59.5,59.517163,up
2015-11-17,60.950001,61.560001,60.439999,59.389654,down
2015-11-18,60.66,61.869999,60.330002,60.615699,up
2015-11-19,61.799999,61.93,61.389999,60.282215,down
2015-11-20,61.959999,62.150002,61.580002,60.802061,up
2015-11-23,62.139999,63.189999,62.099998,61.439602,up
2015-11-24,62.060001,62.369999,61.220001,60.772633,down
2015-11-25,62.049999,62.5,62.0,60.998225,up
2015-11-27,62.189999,62.380001,61.93,60.988418,down
2015-11-30,62.099998,62.290001,61.200001,60.213556,down
2015-12-01,61.080002,61.68,60.509998,60.193939,down
2015-12-02,61.630001,61.709999,61.119999,60.046816,down
2015-12-03,61.369999,61.450001,59.150002,58.408817,down
2015-12-04,59.860001,61.869999,59.599998,60.566658,up
2015-12-07,61.75,61.950001,61.439999,60.703975,up
2015-12-08,61.689999,62.43,61.52,60.968801,up
2015-12-09,61.709999,62.540001,60.82,60.007582,down
2015-12-10,61.130001,62.139999,61.009998,60.684358,up
2015-12-11,60.860001,61.189999,59.599998,58.673643,down
2015-12-14,60.040001,60.139999,58.610001,58.771725,up
2015-12-15,60.549999,60.68,59.970001,58.830577,up
2015-12-16,60.32,60.5,59.509998,59.193486,up
2015-12-17,60.66,60.830002,59.470001,58.379393,down
2015-12-18,59.200001,59.5,58.27,57.496639,down
2015-12-21,58.889999,59.619999,58.66,58.39901,up
2015-12-22,59.939999,60.07,59.279999,58.840387,up
2015-12-23,60.259998,60.369999,59.959999,59.183679,up
2015-12-24,60.369999,60.509998,60.169998,59.164062,down
2015-12-28,60.02,60.330002,59.580002,59.036552,down
2015-12-29,60.459999,61.32,60.349998,59.958541,up
2015-12-30,61.220001,61.400002,60.75,59.65448,down
2015-12-31,60.650002,60.810001,60.02,58.879618,down
2016-01-04,58.77,58.830002,57.599998,57.143537,down
2016-01-05,58.790001,58.790001,57.98,57.526066,up
2016-01-06,57.700001,58.529999,57.639999,57.016031,down
2016-01-07,56.880001,57.91,56.16,55.603624,down
2016-01-08,57.41,57.73,56.529999,55.544776,down
2016-01-11,57.0,58.119999,56.779999,56.71197,up
2016-01-12,58.389999,59.529999,58.18,58.320542,up
2016-01-13,59.799999,60.0,57.799999,56.761011,down
2016-01-14,57.509998,59.43,56.919998,57.84974,up
2016-01-15,57.07,58.389999,56.75,56.888521,down
2016-01-19,58.669998,59.389999,58.119999,57.42798,up
2016-01-20,57.57,57.959999,54.939999,55.829216,down
2016-01-21,57.84,59.380001,57.669998,57.898782,up
2016-01-22,57.549999,59.400002,57.41,58.036098,up
2016-01-25,59.360001,59.380001,57.610001,56.604078,down
2016-01-26,57.919998,58.869999,57.799999,57.486832,up
2016-01-27,58.869999,58.959999,57.259998,56.525613,down
2016-01-28,58.290001,59.419998,58.0,58.153801,up
2016-01-29,59.779999,60.880001,59.639999,59.605439,up
2016-02-01,60.66,61.790001,60.27,60.223367,up
2016-02-02,60.66,60.900002,60.18,59.731342,down
2016-02-03,60.880001,61.130001,58.5,58.580011,down
2016-02-04,59.41,59.450001,57.990002,57.359801,down
2016-02-05,58.099998,58.200001,54.25,53.620443,down
2016-02-08,53.09,54.470001,52.630001,53.276026,down
2016-02-09,53.189999,55.290001,53.169998,53.551557,up
2016-02-10,55.279999,56.349998,55.009998,54.260068,up
2016-02-11,53.889999,55.389999,53.549999,54.043578,down
2016-02-12,55.560001,56.040001,55.040001,54.968579,up
2016-02-16,56.790001,56.849998,55.98,55.509802,up
2016-02-17,56.700001,57.66,56.16,56.710334,up
2016-02-18,57.57,57.57,56.669998,56.051024,down
2016-02-19,56.919998,57.860001,56.52,56.749693,up
2016-02-22,58.630001,58.950001,58.169998,57.930544,up
2016-02-23,58.450001,58.900002,58.0,57.527087,down
2016-02-24,57.209999,58.349998,56.279999,57.182674,down
2016-02-25,58.459999,58.75,58.0,57.81246,up
2016-02-26,59.0,59.209999,57.919998,57.409003,down
2016-02-29,58.25,59.150002,58.099998,57.281076,down
2016-03-01,58.77,60.200001,58.5,59.081875,up
2016-03-02,59.830002,60.0,58.830002,58.609535,down
2016-03-03,59.119999,59.200001,58.200001,58.097833,down
2016-03-04,59.139999,59.189999,58.23,57.763258,down
2016-03-07,58.439999,58.669998,57.310001,57.074428,down
2016-03-08,57.580002,58.23,57.259998,56.68081,down
2016-03-09,57.779999,57.970001,56.790001,56.159269,down
2016-03-10,57.509998,57.860001,56.919998,56.602089,up
2016-03-11,58.099998,58.099998,56.57,56.670971,up
2016-03-14,57.580002,58.779999,57.5,57.714057,up
2016-03-15,58.32,59.16,58.169998,58.137195,up
2016-03-16,58.650002,59.82,58.650002,58.717777,up
2016-03-17,59.470001,59.98,59.369999,58.599693,down
2016-03-18,59.91,60.450001,59.43,58.7473,up
2016-03-21,59.560001,59.860001,59.02,58.156873,down
2016-03-22,59.0,59.549999,58.57,58.432407,up
2016-03-23,59.139999,59.400002,58.689999,57.891185,down
2016-03-24,58.700001,58.790001,58.279999,57.428684,down
2016-03-28,58.560001,59.470001,58.400002,58.019108,up
2016-03-29,58.82,59.740002,58.82,58.599693,up
2016-03-30,60.0,60.259998,59.509998,59.052351,up
2016-03-31,59.77,60.209999,59.68,58.7473,down
2016-04-01,59.610001,61.169998,59.41,60.046235,up
2016-04-04,61.099998,61.18,60.080002,59.288523,down
2016-04-05,59.880001,60.23,59.439999,59.081875,down
2016-04-06,60.02,60.91,59.91,59.859269,up
2016-04-07,60.59,61.540001,60.540001,60.193839,up
2016-04-08,61.5,61.639999,60.700001,60.065917,down
2016-04-11,61.220001,61.5,60.779999,59.928151,down
2016-04-12,58.950001,59.68,58.369999,58.550491,down
2016-04-13,60.32,61.080002,59.75,59.24916,up
2016-04-14,60.259998,60.400002,59.91,59.170439,down
2016-04-15,60.240002,60.619999,60.009998,59.544372,up
2016-04-18,60.689999,61.07,60.360001,59.918309,up
2016-04-19,61.16,61.25,60.48,59.928151,up
2016-04-20,61.040001,61.43,60.849998,59.928151,down
2016-04-21,60.900002,61.099998,60.48,59.672298,down
2016-04-22,59.009998,59.099998,57.029999,56.759535,down
2016-04-25,57.619999,57.959999,57.580002,56.848099,up
2016-04-26,58.049999,58.669998,57.560001,56.798898,down
2016-04-27,57.509998,57.650002,56.619999,55.991984,down
2016-04-28,56.59,57.360001,56.32,55.51964,down
2016-04-29,56.02,56.43,55.290001,55.332674,down
2016-05-02,56.290001,57.369999,56.110001,56.444642,up
2016-05-03,56.700001,57.060001,56.139999,55.546031,down
2016-05-04,55.98,56.650002,55.799999,55.684278,up
2016-05-05,56.369999,56.77,56.009998,55.546031,down
2016-05-06,55.959999,56.32,55.380001,55.605281,up
2016-05-09,56.32,56.93,56.23,55.931149,up
2016-05-10,56.849998,57.599998,56.709999,56.770514,up
2016-05-11,57.130001,57.389999,56.09,55.526281,down
2016-05-12,56.57,56.790001,55.82,55.595404,up
2016-05-13,56.43,56.599998,55.73,55.121412,down
2016-05-16,55.700001,55.77,55.200001,54.83504,down
2016-05-17,55.380001,55.639999,54.509998,54.193177,down
2016-05-18,54.759998,55.169998,54.380001,54.114177,down
2016-05-19,54.43,54.619999,54.189999,53.867306,down
2016-05-20,54.880001,55.369999,54.580002,53.936429,up
2016-05-23,54.619999,54.82,54.290001,53.916679,down
2016-05-24,54.740002,55.619999,54.68,54.746167,up
2016-05-25,55.200001,55.459999,54.950001,54.459799,down
2016-05-26,55.549999,55.869999,54.950001,54.598046,up
2016-05-27,55.360001,55.549999,55.099998,54.459799,down
2016-05-31,55.5,55.5,54.700001,54.203051,down
2016-06-01,54.759998,55.490002,54.720001,54.133927,down
2016-06-02,54.900002,55.0,54.459999,53.936429,down
2016-06-03,54.709999,55.080002,54.400002,53.926556,down
2016-06-06,54.720001,55.869999,54.689999,54.894291,up
2016-06-07,55.650002,56.099998,55.279999,54.607919,down
2016-06-08,55.5,55.5,54.900002,54.528922,down
2016-06-09,55.150002,55.610001,55.060001,54.884418,up
2016-06-10,54.919998,55.200001,54.5,54.1833,down
2016-06-13,54.790001,55.599998,54.759998,54.351175,up
2016-06-14,55.049999,55.580002,55.009998,54.874541,up
2016-06-15,55.639999,56.09,55.27,54.657293,down
2016-06-16,54.900002,55.59,54.41,54.83504,up
2016-06-17,55.610001,55.619999,55.040001,54.617796,down
2016-06-20,55.77,56.279999,55.380001,54.68692,up
2016-06-21,55.52,56.029999,55.450001,55.111539,up
2016-06-22,55.880001,55.98,55.490002,54.914041,down
2016-06-23,55.98,56.200001,55.900002,55.427534,up
2016-06-24,54.049999,55.57,54.009998,53.99568,down
2016-06-27,54.200001,54.48,53.41,53.018068,down
2016-06-28,54.099998,54.900002,53.950001,54.16355,up
2016-06-29,55.419998,56.950001,55.360001,56.0299,up
2016-06-30,56.810001,57.189999,56.52,56.405142,up
2016-07-01,57.040001,57.360001,56.849998,56.276771,down
2016-07-05,56.810001,56.959999,56.549999,56.059523,down
2016-07-06,56.52,57.110001,56.32,56.039773,down
2016-07-07,56.66,57.0,56.470001,56.197771,up
2016-07-08,56.919998,57.0,56.360001,55.802775,down
2016-07-11,56.799999,56.919998,56.060001,55.615154,down
2016-07-12,56.650002,57.599998,56.509998,56.760637,up
2016-07-13,56.799999,57.259998,56.349998,55.773152,down
2016-07-14,57.0,57.68,56.970001,56.869261,up
2016-07-15,57.689999,57.740002,57.130001,56.691513,down
2016-07-18,57.59,57.59,56.849998,56.207644,down
2016-07-19,56.849998,57.139999,56.549999,56.049646,down
2016-07-20,57.0,57.66,56.709999,56.819887,up
2016-07-21,57.619999,57.669998,57.040001,56.879134,up
2016-07-22,57.599998,58.240002,57.200001,57.175383,up
2016-07-25,57.720001,58.09,57.5,57.224756,up
2016-07-26,58.580002,58.84,58.200001,57.580251,up
2016-07-27,58.380001,58.400002,57.669998,57.126005,down
2016-07-28,57.880001,58.310001,57.740002,57.4815,up
2016-07-29,58.18,58.43,57.919998,57.323503,down
2016-08-01,58.0,58.049999,57.43,56.908761,down
2016-08-02,57.25,57.34,56.540001,56.215115,down
2016-08-03,56.459999,56.59,55.720001,55.432284,down
2016-08-04,56.049999,56.290001,55.380001,54.917003,down
2016-08-05,55.799999,56.119999,55.52,55.39265,up
2016-08-08,55.970001,55.990002,55.169998,54.85755,down
2016-08-09,55.389999,55.709999,55.18,54.699002,down
2016-08-10,55.369999,55.709999,55.110001,55.115189,up
2016-08-11,55.75,55.959999,55.459999,54.966552,down
2016-08-12,55.27,55.75,55.23,54.966552,down
2016-08-15,55.650002,55.700001,55.18,54.748548,down
2016-08-16,55.25,55.57,54.919998,54.867458,up
2016-08-17,55.77,55.919998,55.43,55.293555,up
2016-08-18,55.779999,55.900002,55.490002,55.026005,down
2016-08-19,55.459999,55.560001,54.849998,54.44136,down
2016-08-22,54.98,55.919998,54.950001,55.343101,up
2016-08-23,56.169998,56.540001,56.0,55.888112,up
2016-08-24,57.0,57.98,56.950001,56.571848,up
2016-08-25,57.040001,57.450001,56.900002,56.770033,up
2016-08-26,57.48,57.830002,57.0,56.770033,down
2016-08-29,57.220001,57.48,56.610001,56.284479,down
2016-08-30,56.66,56.75,56.009998,55.888112,down
2016-08-31,56.310001,56.419998,55.91,55.719653,down
2016-09-01,56.299999,56.560001,55.830002,55.798928,up
2016-09-02,56.52,56.650002,55.990002,55.670107,down
2016-09-06,56.18,56.419998,55.689999,55.51156,down
2016-09-07,56.189999,56.599998,56.119999,55.808836,up
2016-09-08,56.099998,56.150002,55.200001,54.798093,down
2016-09-09,55.139999,55.200001,54.299999,53.856715,down
2016-09-12,53.919998,54.790001,53.919998,54.213448,up
2016-09-13,54.389999,54.549999,53.75,53.490074,down
2016-09-14,54.259998,54.349998,53.799999,53.410802,down
2016-09-15,53.959999,54.130001,53.540001,53.618895,up
2016-09-16,53.939999,54.09,53.41,53.252254,down
2016-09-19,53.959999,53.970001,52.900002,52.528876,down
2016-09-20,53.400002,53.439999,53.049999,52.816245,up
2016-09-21,53.43,54.029999,53.279999,53.490074,up
2016-09-22,54.200001,54.599998,53.970001,53.896353,up
2016-09-23,54.0,54.560001,54.0,53.93599,up
2016-09-26,54.279999,54.34,53.860001,53.549531,down
2016-09-27,54.0,54.209999,53.82,53.698167,up
2016-09-28,53.880001,54.080002,53.529999,53.490074,down
2016-09-29,53.880001,54.0,52.91,52.964885,down
2016-09-30,53.650002,54.389999,53.560001,53.648622,up
2016-10-03,54.099998,54.150002,53.669998,53.351345,down
2016-10-04,54.130001,54.130001,53.41,53.044157,down
2016-10-05,53.5,53.759998,53.279999,52.865791,down
2016-10-06,53.299999,53.48,53.029999,52.657698,down
2016-10-07,53.369999,53.610001,53.0,52.974793,up
2016-10-10,53.529999,53.599998,53.27,52.816245,down
2016-10-11,53.130001,53.400002,52.740002,52.439693,down
2016-10-12,53.009998,53.470001,52.779999,52.677517,up
2016-10-13,52.880001,53.130001,52.669998,52.469423,down
2016-10-14,53.119999,53.369999,52.959999,52.598245,up
2016-10-17,52.939999,53.150002,52.689999,52.281145,down
2016-10-18,53.240002,53.32,52.59,52.132509,down
2016-10-19,52.91,53.740002,52.900002,52.667609,up
2016-10-20,53.360001,53.740002,52.91,53.103614,up
2016-10-21,53.419998,53.700001,53.25,53.143252,up
2016-10-24,53.900002,54.459999,53.889999,53.688259,up
2016-10-25,54.099998,54.169998,53.5,53.182886,down
2016-10-26,53.599998,53.84,53.360001,53.143252,down
2016-10-27,53.599998,53.830002,53.130001,53.103614,down
2016-10-28,53.650002,53.84,53.110001,53.044157,down
2016-10-31,53.700001,53.700001,53.060001,52.588333,down
2016-11-01,53.139999,53.209999,52.09,52.023507,down
2016-11-02,52.34,53.459999,52.310001,52.49915,up
2016-11-03,52.990002,53.0,51.34,51.300133,down
2016-11-04,51.43,53.740002,50.84,52.271238,up
2016-11-07,53.5,54.68,53.189999,53.995447,up
2016-11-08,54.400002,54.790001,54.119999,54.124265,up
2016-11-09,53.200001,54.82,52.799999,54.084631,down
2016-11-10,54.639999,54.82,53.509998,53.083795,down
2016-11-11,53.43,53.990002,53.25,53.440528,up
2016-11-14,53.93,54.470001,53.5,53.727897,up
2016-11-15,54.09,54.689999,53.900002,54.345115,up
2016-11-16,54.330002,55.52,54.259998,55.1913,up
2016-11-17,55.220001,55.900002,55.060001,55.599461,up
2016-11-18,55.720001,56.119999,55.419998,55.519822,down
2016-11-21,55.509998,56.16,55.509998,55.848339,up
2016-11-22,56.32,57.150002,55.880001,56.863764,up
2016-11-23,56.91,57.639999,56.900002,57.331657,up
2016-11-25,57.700001,57.700001,57.259998,57.172375,down
2016-11-28,57.0,57.860001,56.759998,57.331657,up
2016-11-29,57.639999,58.209999,57.5,57.909053,up
2016-11-30,58.189999,58.25,57.860001,57.709953,down
2016-12-01,57.34,58.52,57.200001,58.247528,up
2016-12-02,56.650002,57.75,56.57,56.95336,down
2016-12-05,56.959999,57.84,56.959999,57.24206,up
2016-12-06,57.66,57.700001,57.139999,57.182328,down
2016-12-07,57.540001,58.849998,57.450001,58.496407,up
2016-12-08,59.0,59.25,58.41,58.386903,down
2016-12-09,58.919998,58.950001,58.43,58.486453,up
2016-12-12,58.540001,58.790001,58.34,58.506364,up
2016-12-13,58.990002,59.540001,58.66,59.043942,up
2016-12-14,59.029999,59.25,58.599998,58.486453,down
2016-12-15,57.970001,58.209999,57.52,57.451118,down
2016-12-16,58.009998,58.07,57.560001,57.401343,down
2016-12-19,57.439999,57.98,57.439999,57.391389,down
2016-12-20,57.810001,58.060001,57.32,57.441164,up
2016-12-21,57.5,57.869999,57.41,57.182328,down
2016-12-22,57.310001,57.400002,56.720001,56.853811,down
2016-12-23,57.290001,57.360001,56.889999,56.754257,down
2016-12-27,56.990002,57.389999,56.810001,56.604932,down
2016-12-28,56.799999,56.900002,56.25,56.097218,down
2016-12-29,56.349998,56.470001,56.139999,56.067354,down
2016-12-30,56.279999,56.450001,55.400002,55.270943,down
2017-01-03,55.91,55.950001,55.040001,55.101704,down
2017-01-04,55.560001,56.200001,55.380001,55.738836,up
2017-01-05,56.080002,56.529999,55.810001,56.206725,up
2017-01-06,56.630001,57.27,56.080002,56.873721,up
2017-01-09,57.259998,58.34,57.25,57.938921,up
2017-01-10,58.220001,58.259998,57.830002,57.620357,down
2017-01-11,57.799999,58.119999,57.59,57.839367,up
2017-01-12,58.0,58.130001,57.639999,57.769682,down
2017-01-13,58.029999,58.099998,57.650002,57.590489,down
2017-01-17,57.619999,58.25,57.41,57.739818,up
2017-01-18,58.32,58.580002,58.029999,58.1878,up
2017-01-19,58.310001,58.450001,57.720001,57.63031,down
2017-01-20,58.139999,58.200001,57.41,57.401343,down
2017-01-23,57.419998,57.900002,57.150002,57.500892,up
2017-01-24,57.93,58.5,57.759998,58.177842,up
2017-01-25,58.669998,58.93,58.450001,58.436678,up
2017-01-26,58.700001,59.0,58.259998,58.197753,down
2017-01-27,55.75,56.59,55.650002,55.86825,down
2017-01-30,56.0,56.240002,55.580002,55.649239,down
2017-01-31,55.799999,55.869999,54.880001,54.97229,down
2017-02-01,55.490002,55.5,53.810001,53.658211,down
2017-02-02,54.040001,54.389999,53.849998,53.628343,down
2017-02-03,54.209999,55.099998,54.009998,54.813007,up
2017-02-06,55.009998,55.75,54.900002,55.48,up
2017-02-07,55.790001,55.84,55.18,55.240002,down
2017-02-08,55.189999,55.5,55.099998,55.220001,down
2017-02-09,55.23,56.119999,55.209999,55.810001,up
2017-02-10,55.73,56.400002,55.560001,56.220001,up
2017-02-13,56.5,56.66,56.029999,56.110001,down
2017-02-14,56.02,56.610001,56.02,56.580002,up
2017-02-15,56.560001,56.880001,56.310001,56.860001,up
2017-02-16,56.959999,56.990002,56.529999,56.73,down
2017-02-17,56.799999,57.57,56.709999,57.349998,up
2017-02-21,57.41,57.810001,57.400002,57.540001,up
2017-02-22,57.52,57.849998,57.349998,57.57,up
2017-02-23,57.599998,57.790001,57.389999,57.639999,up
2017-02-24,57.610001,57.709999,57.150002,57.48,down
2017-02-27,57.240002,57.299999,56.66,56.779999,down
2017-02-28,56.709999,57.060001,56.549999,56.869999,up
2017-03-01,57.27,57.400002,56.939999,57.139999,up
2017-03-02,57.07,57.189999,56.849998,57.119999,down
2017-03-03,56.700001,57.259998,56.700001,57.099998,down
2017-03-06,56.779999,56.810001,56.330002,56.68,down
2017-03-07,56.580002,56.75,56.02,56.200001,down
2017-03-08,56.150002,56.349998,55.540001,55.740002,down
2017-03-09,55.75,55.799999,54.810001,55.189999,down
2017-03-10,55.389999,55.400002,54.419998,54.529999,down
2017-03-13,54.57,54.880001,54.400002,54.630001,up
2017-03-14,54.619999,54.740002,54.189999,54.27,down
2017-03-15,54.389999,54.650002,54.09,54.540001,up
2017-03-16,54.849998,54.990002,54.66,54.799999,up
2017-03-17,55.040001,56.130001,54.950001,55.779999,up
2017-03-20,55.869999,56.049999,55.509998,55.810001,up
2017-03-21,56.049999,56.450001,55.490002,55.540001,down
2017-03-22,55.68,56.040001,55.509998,55.889999,up
2017-03-23,56.150002,56.43,55.779999,55.849998,down
2017-03-24,56.110001,57.380001,55.900002,56.810001,up
2017-03-27,56.66,57.450001,56.459999,57.23,up
2017-03-28,57.099998,57.52,57.029999,57.349998,up
2017-03-29,57.169998,57.849998,57.130001,57.540001,up
2017-03-30,57.450001,58.299999,57.419998,58.16,up
2017-03-31,58.110001,58.66,58.060001,58.389999,up
2017-04-03,58.279999,58.470001,57.889999,58.439999,up
2017-04-04,58.369999,58.41,58.009998,58.32,down
2017-04-05,57.959999,59.27,57.810001,58.220001,down
2017-04-06,58.130001,58.360001,57.73,57.919998,down
2017-04-07,57.799999,58.25,57.549999,58.02,up
2017-04-10,58.0,58.209999,57.73,57.950001,down
2017-04-11,57.740002,58.16,57.380001,57.880001,down
2017-04-12,57.880001,57.900002,57.48,57.580002,down
2017-04-13,57.610001,57.790001,57.450001,57.509998,down
