2013-11-08,45.93,46.939999,40.689999,41.650002,down
2013-11-11,40.5,43.0,39.400002,42.900002,up
2013-11-12,43.66,43.779999,41.830002,41.900002,down
2013-11-13,41.029999,42.869999,40.759998,42.599998,up
2013-11-14,42.34,45.669998,42.240002,44.689999,up
2013-11-15,45.25,45.27,43.43,43.98,down
2013-11-18,43.5,43.950001,40.849998,41.139999,down
2013-11-19,41.389999,41.900002,40.0,41.75,up
2013-11-20,41.400002,41.75,40.509998,41.049999,down
2013-11-21,41.25,42.490002,40.369999,42.060001,up
2013-11-22,41.810001,42.279999,40.970001,41.0,down
2013-11-25,41.080002,41.139999,38.799999,39.060001,down
2013-11-26,39.16,40.549999,38.919998,40.18,up
2013-11-27,40.470001,41.400002,40.349998,40.900002,up
2013-11-29,41.400002,41.580002,40.900002,41.57,up
2013-12-02,41.790001,42.0,40.400002,40.779999,down
2013-12-03,40.689999,41.599998,40.540001,41.369999,up
2013-12-04,41.27,43.919998,41.27,43.689999,up
2013-12-05,43.450001,46.349998,42.830002,45.619999,up
2013-12-06,45.75,45.799999,44.540001,44.950001,down
2013-12-09,45.59,49.84,45.02,49.139999,up
2013-12-10,48.900002,52.580002,48.700001,51.990002,up
2013-12-11,52.400002,53.869999,51.0,52.34,up
2013-12-12,52.200001,55.869999,50.689999,55.330002,up
2013-12-13,56.200001,59.41,55.450001,59.0,up
2013-12-16,57.860001,60.240002,55.759998,56.610001,down
2013-12-17,56.970001,57.380001,54.619999,56.450001,down
2013-12-18,57.0,57.0,54.23,55.509998,down
2013-12-19,55.080002,57.75,55.0,57.490002,up
2013-12-20,58.509998,60.25,58.009998,60.009998,up
2013-12-23,59.849998,64.989998,59.700001,64.540001,up
2013-12-24,66.339996,70.870003,65.559998,69.959999,up
2013-12-26,72.879997,74.730003,69.129997,73.309998,up
2013-12-27,70.099998,71.25,63.689999,63.75,down
2013-12-30,60.27,63.709999,58.57,60.509998,down
2013-12-31,62.360001,65.220001,61.650002,63.650002,up
2014-01-02,65.0,67.5,64.400002,67.5,up
2014-01-03,69.0,70.43,68.43,69.0,up
2014-01-06,64.830002,66.870003,63.5,66.290001,down
2014-01-07,67.669998,67.730003,61.389999,61.459999,down
2014-01-08,58.709999,61.259998,57.919998,59.290001,down
2014-01-09,59.540001,60.810001,55.59,57.049999,down
2014-01-10,57.5,58.759998,55.869999,57.0,down
2014-01-13,59.98,60.380001,57.290001,57.82,up
2014-01-14,58.880001,59.02,57.360001,58.209999,up
2014-01-15,59.110001,61.75,58.32,61.57,up
2014-01-16,61.450001,62.400002,60.459999,60.57,down
2014-01-17,63.599998,64.690002,61.59,62.200001,up
2014-01-21,63.330002,63.439999,61.5,62.529999,up
2014-01-22,63.110001,63.799999,61.759998,62.439999,down
2014-01-23,61.450001,62.810001,60.880001,62.799999,up
2014-01-24,62.169998,63.619999,61.299999,61.740002,down
2014-01-27,61.77,61.77,56.099998,57.91,down
2014-01-28,57.439999,60.849998,57.349998,60.439999,up
2014-01-29,59.619999,60.950001,58.599998,59.450001,down
2014-01-30,63.98,65.239998,62.799999,63.470001,up
2014-01-31,63.389999,65.370003,62.650002,64.5,up
2014-02-03,65.919998,66.480003,64.209999,65.25,up
2014-02-04,66.25,66.370003,64.5,66.32,up
2014-02-05,67.160004,67.239998,64.800003,65.970001,down
2014-02-06,50.610001,53.900002,49.990002,50.029999,down
2014-02-07,51.23,54.919998,50.75,54.349998,up
2014-02-10,54.5,54.59,52.34,52.919998,down
2014-02-11,53.200001,54.400002,53.099998,54.0,up
2014-02-12,55.049999,57.0,54.759998,56.849998,up
2014-02-13,56.07,58.98,55.459999,56.470001,down
2014-02-14,57.02,57.860001,56.700001,57.439999,up
2014-02-18,57.880001,58.639999,56.77,58.18,up
2014-02-19,58.470001,58.950001,54.619999,55.5,down
2014-02-20,55.82,57.080002,54.650002,56.630001,up
2014-02-21,57.099998,57.200001,55.700001,55.919998,down
2014-02-24,56.029999,56.490002,55.299999,55.779999,down
2014-02-25,55.889999,55.950001,54.5,54.959999,down
2014-02-26,55.0,56.990002,54.900002,55.869999,up
2014-02-27,56.34,56.689999,55.400002,55.77,down
2014-02-28,55.93,56.0,54.130001,54.91,down
2014-03-03,53.889999,54.400002,52.900002,53.709999,down
2014-03-04,54.25,55.279999,54.119999,54.279999,up
2014-03-05,54.529999,55.029999,53.75,54.380001,up
2014-03-06,54.91,56.09,54.700001,54.830002,up
2014-03-07,55.18,55.200001,53.310001,53.529999,down
2014-03-10,54.09,54.59,53.380001,53.880001,up
2014-03-11,54.16,55.84,53.799999,54.02,up
2014-03-12,54.25,55.299999,53.880001,54.5,up
2014-03-13,54.900002,55.450001,53.200001,53.57,down
2014-03-14,53.400002,53.91,51.799999,51.919998,down
2014-03-17,52.080002,52.490002,51.349998,52.049999,up
2014-03-18,52.029999,52.209999,50.290001,51.130001,down
2014-03-19,50.799999,51.98,50.709999,51.240002,up
2014-03-20,51.0,51.66,49.639999,50.119999,down
2014-03-21,50.240002,50.919998,49.509998,50.919998,up
2014-03-24,50.689999,50.939999,47.77,48.77,down
2014-03-25,49.349998,49.700001,47.580002,47.880001,down
2014-03-26,48.060001,48.299999,44.25,44.43,down
2014-03-27,45.09,46.400002,43.310001,46.32,up
2014-03-28,46.650002,47.34,45.700001,47.299999,up
2014-03-31,47.549999,47.75,46.43,46.669998,down
2014-04-01,46.709999,47.59,46.18,46.98,up
2014-04-02,47.400002,47.439999,45.509998,45.73,down
2014-04-03,45.48,45.610001,43.380001,44.049999,down
2014-04-04,44.200001,44.869999,42.369999,43.139999,down
2014-04-07,42.869999,44.599998,42.259998,42.450001,down
2014-04-08,43.419998,43.419998,41.549999,41.779999,down
2014-04-09,42.23,43.060001,41.77,42.490002,up
2014-04-10,42.849998,43.25,40.93,41.34,down
2014-04-11,40.790001,41.099998,39.68,40.049999,down
2014-04-14,41.400002,41.950001,40.119999,40.869999,up
2014-04-15,41.279999,45.549999,40.759998,45.52,up
2014-04-16,45.419998,45.560001,43.540001,44.419998,down
2014-04-17,44.66,46.549999,43.91,45.009998,up
2014-04-21,44.959999,46.299999,44.639999,46.130001,up
2014-04-22,46.23,47.09,45.799999,46.02,down
2014-04-23,45.880001,46.169998,44.869999,45.950001,down
2014-04-24,46.709999,46.790001,43.630001,44.82,down
2014-04-25,44.290001,44.439999,41.310001,41.610001,down
2014-04-28,41.759998,42.349998,39.299999,40.73,down
2014-04-29,40.529999,43.970001,40.169998,42.619999,up
2014-04-30,37.66,38.98,37.240002,38.970001,down
2014-05-01,39.009998,40.77,38.970001,39.09,up
2014-05-02,39.200001,39.860001,38.700001,39.02,down
2014-05-05,38.52,39.599998,38.049999,38.75,down
2014-05-06,35.610001,36.099998,31.719999,31.85,down
2014-05-07,31.969999,32.0,29.51,30.66,down
2014-05-08,31.48,32.98,31.129999,31.959999,up
2014-05-09,32.23,33.110001,31.75,32.049999,up
2014-05-12,33.080002,34.099998,32.400002,33.939999,up
2014-05-13,33.84,34.060001,32.889999,33.389999,down
2014-05-14,33.349998,33.830002,32.619999,32.849998,down
2014-05-15,33.02,33.290001,32.16,32.77,down
2014-05-16,32.950001,33.209999,32.02,32.259998,down
2014-05-19,32.049999,32.439999,31.639999,32.07,down
2014-05-20,32.0,32.389999,31.52,31.77,down
2014-05-21,31.85,31.950001,31.15,31.75,down
2014-05-22,31.33,32.25,30.52,31.52,down
2014-05-23,31.51,31.68,30.450001,30.5,down
2014-05-27,30.940001,31.200001,30.379999,30.51,up
2014-05-28,31.5,33.84,31.09,33.77,up
2014-05-29,34.669998,35.139999,33.880001,34.0,up
2014-05-30,33.73,33.860001,32.110001,32.439999,down
2014-06-02,32.889999,33.200001,31.620001,31.75,down
2014-06-03,31.73,32.689999,31.65,32.580002,up
2014-06-04,32.490002,33.32,31.85,32.900002,up
2014-06-05,33.669998,34.889999,33.110001,33.889999,up
2014-06-06,34.139999,34.41,33.220001,33.330002,down
2014-06-09,33.240002,34.549999,33.09,34.470001,up
2014-06-10,34.73,35.5,34.66,35.369999,up
2014-06-11,35.07,35.970001,34.93,35.540001,up
2014-06-12,35.060001,37.27,35.060001,36.790001,up
2014-06-13,36.849998,37.25,35.900002,36.900002,up
2014-06-16,36.700001,38.169998,36.439999,38.02,up
2014-06-17,38.029999,38.549999,37.299999,38.02,down
2014-06-18,38.16,38.830002,37.75,38.740002,up
2014-06-19,38.73,39.299999,38.32,38.900002,up
2014-06-20,38.82,39.240002,37.77,39.240002,up
2014-06-23,39.07,39.580002,38.73,39.52,up
2014-06-24,39.439999,39.639999,38.259998,38.48,down
2014-06-25,38.240002,39.59,38.009998,39.459999,up
2014-06-26,40.049999,42.0,39.810001,41.439999,up
2014-06-27,40.700001,41.150002,40.110001,40.93,down
2014-06-30,40.810001,41.34,40.349998,40.970001,up
2014-07-01,42.060001,42.950001,41.91,42.049999,up
2014-07-02,42.830002,42.830002,41.419998,41.77,down
2014-07-03,41.939999,42.0,40.830002,41.330002,down
2014-07-07,41.080002,41.450001,40.139999,40.23,down
2014-07-08,39.959999,40.040001,36.84,37.41,down
2014-07-09,37.82,38.349998,37.349998,38.060001,up
2014-07-10,36.490002,38.099998,36.110001,37.84,down
2014-07-11,38.150002,38.790001,38.0,38.330002,up
2014-07-14,38.57,39.380001,38.200001,38.310001,down
2014-07-15,38.59,38.990002,37.619999,37.880001,down
2014-07-16,38.310001,38.52,37.099998,37.43,down
2014-07-17,36.799999,37.169998,36.380001,36.869999,down
2014-07-18,36.810001,37.080002,35.950001,37.049999,up
2014-07-21,37.23,38.290001,36.849998,38.049999,up
2014-07-22,38.310001,38.599998,37.450001,37.650002,down
2014-07-23,37.650002,38.189999,37.560001,37.75,up
2014-07-24,38.709999,39.0,37.849998,38.709999,up
2014-07-25,38.200001,38.799999,38.02,38.16,down
2014-07-28,38.299999,38.439999,37.560001,37.93,down
2014-07-29,38.110001,38.919998,37.990002,38.59,up
2014-07-30,47.009998,48.0,45.650002,46.299999,up
2014-07-31,44.619999,45.84,44.299999,45.189999,down
2014-08-01,45.009998,45.540001,43.810001,44.130001,down
2014-08-04,43.700001,44.529999,43.439999,43.470001,down
2014-08-05,43.25,44.48,43.02,43.830002,up
2014-08-06,43.389999,44.040001,42.75,43.459999,down
2014-08-07,43.369999,44.369999,42.889999,43.0,down
2014-08-08,43.02,43.360001,42.509998,43.130001,up
2014-08-11,43.48,43.599998,42.709999,43.27,up
2014-08-12,44.380001,44.720001,43.610001,43.810001,up
2014-08-13,44.119999,44.34,43.619999,44.150002,up
2014-08-14,44.400002,45.34,44.040001,45.330002,up
2014-08-15,45.470001,45.5,44.439999,44.759998,down
2014-08-18,45.060001,45.330002,44.77,45.119999,up
2014-08-19,45.240002,45.450001,45.029999,45.09,down
2014-08-20,44.93,45.209999,44.759998,45.060001,down
2014-08-21,45.290001,45.349998,44.84,45.110001,up
2014-08-22,45.040001,46.139999,44.799999,45.98,up
2014-08-25,46.220001,46.360001,45.700001,46.099998,up
2014-08-26,46.099998,48.200001,46.040001,48.169998,up
2014-08-27,48.240002,48.459999,47.18,48.060001,down
2014-08-28,47.98,49.880001,47.860001,49.43,up
2014-08-29,49.889999,50.349998,49.130001,49.75,up
2014-09-02,50.02,51.34,49.900002,51.02,up
2014-09-03,51.830002,51.849998,49.049999,49.330002,down
2014-09-04,49.689999,50.860001,49.220001,50.240002,up
2014-09-05,50.09,50.880001,49.52,50.700001,up
2014-09-08,51.799999,52.68,51.68,52.0,up
2014-09-09,52.23,52.400002,50.220001,50.610001,down
2014-09-10,52.110001,53.330002,51.849998,52.91,up
2014-09-11,52.549999,53.639999,52.18,52.639999,down
2014-09-12,52.549999,52.82,52.02,52.110001,down
2014-09-15,51.599998,51.93,47.560001,49.380001,down
2014-09-16,48.700001,50.91,48.400002,50.830002,up
2014-09-17,50.970001,51.599998,50.16,50.700001,down
2014-09-18,50.970001,51.880001,50.529999,50.880001,up
2014-09-19,50.779999,53.0,50.18,53.0,up
2014-09-22,52.380001,52.900002,51.360001,51.939999,down
2014-09-23,51.459999,52.560001,51.02,52.169998,up
2014-09-24,52.549999,53.34,52.130001,52.959999,up
2014-09-25,52.709999,53.23,51.27,51.450001,down
2014-09-26,51.970001,52.610001,51.700001,51.889999,up
2014-09-29,51.09,52.18,50.880001,51.740002,down
2014-09-30,52.0,52.189999,51.169998,51.580002,down
2014-10-01,51.080002,51.290001,49.150002,50.060001,down
2014-10-02,51.029999,52.099998,50.009998,51.849998,up
2014-10-03,52.75,54.73,52.110001,53.939999,up
2014-10-06,53.939999,54.450001,53.23,53.490002,down
2014-10-07,53.119999,54.990002,53.099998,53.529999,up
2014-10-08,53.619999,55.669998,52.599998,55.419998,up
2014-10-09,55.290001,55.990002,54.919998,55.290001,down
2014-10-10,54.57,55.66,50.299999,50.400002,down
2014-10-13,50.540001,51.91,48.259998,48.490002,down
2014-10-14,49.060001,49.529999,47.080002,48.580002,up
2014-10-15,47.110001,50.52,46.380001,49.990002,up
2014-10-16,48.34,49.82,47.169998,48.23,down
2014-10-17,49.720001,50.25,48.650002,48.77,up
2014-10-20,49.07,50.889999,48.799999,50.700001,up
2014-10-21,51.759998,52.150002,50.299999,50.630001,down
2014-10-22,51.130001,51.84,49.0,49.080002,down
2014-10-23,50.130001,50.400002,49.200001,49.669998,up
2014-10-24,50.16,50.189999,49.150002,49.950001,up
2014-10-27,50.02,50.240002,47.18,48.560001,down
2014-10-28,42.25,44.580002,41.759998,43.779999,down
2014-10-29,43.849998,44.16,41.810001,42.080002,down
2014-10-30,41.560001,42.48,39.939999,41.799999,down
2014-10-31,42.689999,42.849998,41.34,41.470001,down
2014-11-03,40.549999,41.200001,40.16,40.209999,down
2014-11-04,40.029999,41.099998,39.75,40.900002,up
2014-11-05,41.689999,41.799999,40.130001,40.369999,down
2014-11-06,40.189999,41.349998,40.099998,40.84,up
2014-11-07,40.740002,40.740002,39.700001,40.310001,down
2014-11-10,40.34,40.689999,39.419998,39.59,down
2014-11-11,39.310001,39.84,38.810001,39.59,down
2014-11-12,39.939999,42.939999,39.599998,42.540001,up
2014-11-13,43.549999,43.950001,39.950001,40.040001,down
2014-11-14,40.02,41.849998,39.77,41.849998,up
2014-11-17,41.459999,41.68,40.41,40.470001,down
2014-11-18,40.689999,41.169998,39.950001,40.610001,up
2014-11-19,40.349998,40.470001,39.209999,39.709999,down
2014-11-20,39.490002,40.549999,39.32,39.810001,up
2014-11-21,40.25,40.279999,39.799999,40.029999,up
2014-11-24,39.990002,40.470001,39.580002,40.189999,up
2014-11-25,40.119999,40.299999,39.560001,39.759998,down
2014-11-26,39.830002,41.560001,39.740002,41.130001,up
2014-11-28,41.09,42.080002,40.830002,41.740002,up
2014-12-01,41.290001,41.290001,39.0,39.040001,down
2014-12-02,39.400002,39.400002,38.330002,38.91,down
2014-12-03,39.0,39.419998,38.380001,39.060001,up
2014-12-04,38.799999,39.66,38.619999,38.790001,down
2014-12-05,38.970001,39.07,38.349998,38.490002,down
2014-12-08,38.080002,38.119999,35.75,36.290001,down
2014-12-09,34.970001,37.09,34.619999,37.049999,up
2014-12-10,36.91,37.779999,36.25,36.349998,down
2014-12-11,36.450001,37.23,36.25,36.700001,up
2014-12-12,36.310001,37.709999,36.099998,37.099998,up
2014-12-15,38.130001,38.380001,36.73,36.849998,down
2014-12-16,36.5,36.709999,35.09,35.130001,down
2014-12-17,35.560001,35.900002,34.950001,35.57,up
2014-12-18,36.130001,37.27,35.950001,36.73,up
2014-12-19,36.700001,37.450001,36.5,37.080002,up
2014-12-22,37.5,38.82,37.310001,38.43,up
2014-12-23,38.580002,39.25,37.459999,37.57,down
2014-12-24,37.669998,38.349998,37.560001,37.610001,up
2014-12-26,37.759998,38.099998,37.540001,37.599998,down
2014-12-29,37.389999,37.509998,36.380001,36.419998,down
2014-12-30,36.02,36.240002,35.459999,35.860001,down
2014-12-31,35.889999,36.490002,35.470001,35.869999,up
2015-01-02,36.23,36.740002,35.540001,36.560001,up
2015-01-05,36.259998,37.110001,35.639999,36.380001,down
2015-01-06,36.27,39.450001,36.040001,38.759998,up
2015-01-07,39.099998,39.099998,37.060001,37.279999,down
2015-01-08,37.419998,39.189999,37.09,39.09,up
2015-01-09,39.220001,40.34,38.259998,40.169998,up
2015-01-12,40.279999,40.950001,39.299999,39.369999,down
2015-01-13,39.740002,40.349998,39.23,39.650002,up
2015-01-14,38.889999,40.18,38.799999,39.849998,up
2015-01-15,39.700001,39.700001,36.860001,36.93,down
2015-01-16,37.18,38.130001,36.849998,37.310001,up
2015-01-20,37.59,38.139999,36.540001,37.57,up
2015-01-21,37.650002,38.27,37.330002,37.830002,up
2015-01-22,37.98,39.25,37.549999,39.07,up
2015-01-23,39.48,39.970001,38.779999,39.419998,up
2015-01-26,39.330002,40.130001,39.040001,40.099998,up
2015-01-27,39.560001,39.610001,38.380001,38.919998,down
2015-01-28,38.43,38.779999,37.029999,37.150002,down
2015-01-29,37.389999,37.57,36.07,36.68,down
2015-01-30,36.650002,38.150002,36.41,37.529999,up
2015-02-02,37.700001,38.07,36.919998,37.459999,down
2015-02-03,38.0,40.189999,37.689999,39.790001,up
2015-02-04,40.049999,40.830002,39.82,40.720001,up
2015-02-05,42.040001,42.470001,40.91,41.259998,up
2015-02-06,46.119999,48.5,45.799999,48.009998,up
2015-02-09,46.73,47.689999,46.5,47.32,down
2015-02-10,47.349998,47.389999,45.57,46.259998,down
2015-02-11,46.27,47.779999,46.110001,47.5,up
2015-02-12,47.98,48.450001,46.880001,47.950001,up
2015-02-13,47.93,48.82,47.57,48.5,up
2015-02-17,48.200001,49.09,47.889999,48.029999,down
2015-02-18,48.0,48.790001,47.360001,47.82,down
2015-02-19,47.84,48.939999,47.419998,48.700001,up
2015-02-20,48.759998,49.880001,48.650002,49.110001,up
2015-02-23,49.02,49.240002,48.349998,48.470001,down
2015-02-24,48.330002,49.299999,48.060001,48.689999,up
2015-02-25,48.799999,49.18,48.25,48.549999,down
2015-02-26,48.810001,50.009998,48.639999,49.41,up
2015-02-27,49.189999,49.900002,47.959999,48.080002,down
2015-03-02,48.259998,48.299999,47.310001,48.150002,up
2015-03-03,48.130001,48.799999,47.439999,47.709999,down
2015-03-04,47.509998,47.849998,46.41,47.57,down
2015-03-05,47.59,48.43,47.200001,47.349998,down
2015-03-06,47.259998,48.07,46.57,46.75,down
2015-03-09,47.220001,48.080002,47.130001,47.59,up
2015-03-10,47.23,47.259998,45.790001,45.84,down
2015-03-11,45.66,46.740002,45.130001,46.27,up
2015-03-12,46.57,47.32,46.509998,47.07,up
2015-03-13,46.939999,47.720001,46.450001,46.66,down
2015-03-16,46.900002,47.07,46.049999,46.43,down
2015-03-17,46.66,47.290001,46.439999,46.93,up
2015-03-18,46.75,47.389999,46.16,47.200001,up
2015-03-19,46.959999,48.150002,46.450001,47.93,up
2015-03-20,48.360001,49.150002,48.25,48.439999,up
2015-03-23,48.240002,49.25,47.869999,48.459999,up
2015-03-24,48.669998,51.790001,48.540001,51.470001,up
2015-03-25,51.5,51.869999,49.310001,49.5,down
2015-03-26,49.650002,50.900002,49.400002,49.919998,up
2015-03-27,50.349998,50.889999,49.939999,50.009998,up
2015-03-30,50.450001,50.709999,48.66,49.889999,down
2015-03-31,49.619999,51.240002,49.540001,50.080002,up
2015-04-01,51.0,51.689999,50.169998,50.470001,up
2015-04-02,50.639999,50.950001,49.880001,50.419998,down
2015-04-06,50.029999,51.16,49.869999,50.84,up
2015-04-07,51.009998,53.279999,50.860001,52.869999,up
2015-04-08,53.32,53.490002,51.950001,52.299999,down
2015-04-09,52.150002,52.990002,51.540001,52.169998,down
2015-04-10,52.290001,52.450001,51.380001,51.939999,down
2015-04-13,51.990002,52.290001,51.450001,51.619999,down
2015-04-14,51.75,51.810001,50.68,51.200001,down
2015-04-15,51.330002,51.869999,50.91,51.299999,up
2015-04-16,51.299999,52.34,51.139999,52.029999,up
2015-04-17,51.709999,52.16,50.189999,50.66,down
2015-04-20,51.07,51.48,50.509998,51.400002,up
2015-04-21,51.68,51.849998,51.099998,51.32,down
2015-04-22,51.48,52.09,51.32,51.73,up
2015-04-23,51.869999,52.200001,51.220001,51.41,down
2015-04-24,51.849998,51.959999,50.240002,50.82,down
2015-04-27,50.84,52.540001,50.82,51.66,up
2015-04-28,52.16,52.220001,38.380001,42.27,down
2015-04-29,40.209999,41.09,38.07,38.490002,down
2015-04-30,39.279999,39.740002,38.48,38.959999,up
2015-05-01,39.189999,39.240002,37.369999,37.84,down
2015-05-04,38.720001,38.959999,37.549999,37.880001,up
2015-05-05,38.0,38.610001,37.360001,37.419998,down
2015-05-06,37.689999,37.779999,36.52,37.259998,down
2015-05-07,37.240002,37.880001,36.950001,37.709999,up
2015-05-08,38.02,38.200001,37.549999,37.59,down
2015-05-11,37.580002,37.860001,37.200001,37.310001,down
2015-05-12,37.290001,37.799999,37.060001,37.48,up
2015-05-13,37.66,38.200001,37.529999,37.720001,up
2015-05-14,37.93,38.09,37.27,37.330002,down
2015-05-15,37.360001,37.799999,37.0,37.099998,down
2015-05-18,37.099998,37.57,36.900002,37.279999,up
2015-05-19,37.139999,37.880001,36.900002,37.5,up
2015-05-20,37.490002,37.939999,36.540001,36.779999,down
2015-05-21,36.810001,36.939999,36.389999,36.68,down
2015-05-22,36.700001,36.98,36.57,36.599998,down
2015-05-26,36.669998,36.830002,36.369999,36.509998,down
2015-05-27,36.5,36.650002,36.099998,36.41,down
2015-05-28,36.490002,37.330002,36.369999,36.830002,up
2015-05-29,37.049999,37.07,36.529999,36.669998,down
2015-06-01,36.689999,36.830002,36.43,36.630001,down
2015-06-02,36.450001,36.599998,36.16,36.400002,down
2015-06-03,36.509998,37.169998,36.48,37.0,up
2015-06-04,37.169998,37.790001,36.509998,36.709999,down
2015-06-05,36.790001,37.23,36.650002,37.0,up
2015-06-08,36.91,36.98,36.41,36.459999,down
2015-06-09,36.5,36.5,35.57,35.880001,down
2015-06-10,36.009998,36.169998,35.599998,35.849998,down
2015-06-11,35.919998,36.169998,35.790001,35.84,down
2015-06-12,36.900002,37.25,35.549999,35.900002,up
2015-06-15,35.240002,35.259998,34.310001,34.669998,down
2015-06-16,34.23,35.200001,33.509998,34.82,up
2015-06-17,34.990002,35.119999,34.169998,34.689999,down
2015-06-18,34.630001,35.040001,34.450001,34.66,down
2015-06-19,34.970001,36.279999,34.849998,35.860001,up
2015-06-22,35.950001,36.0,35.34,35.549999,down
2015-06-23,35.779999,36.200001,34.959999,35.369999,down
2015-06-24,35.400002,35.75,35.099998,35.169998,down
2015-06-25,35.360001,35.360001,34.970001,35.169998,down
2015-06-26,34.970001,35.330002,34.669998,35.259998,up
2015-06-29,34.470001,35.09,34.150002,34.209999,down
2015-06-30,34.5,36.419998,34.439999,36.220001,up
2015-07-01,36.049999,36.110001,35.240002,35.400002,down
2015-07-02,35.400002,35.970001,35.099998,35.720001,up
2015-07-06,35.169998,35.689999,35.0,35.43,down
2015-07-07,35.349998,35.720001,34.549999,35.52,up
2015-07-08,35.41,36.049999,34.669998,34.759998,down
2015-07-09,35.169998,35.43,34.310001,34.360001,down
2015-07-10,34.68,35.119999,34.459999,34.91,up
2015-07-13,34.990002,36.139999,34.75,35.779999,up
2015-07-14,35.779999,38.82,35.77,36.720001,up
2015-07-15,36.66,37.09,35.549999,35.66,down
2015-07-16,35.889999,36.450001,35.75,36.099998,up
2015-07-17,36.459999,36.66,35.599998,35.669998,down
2015-07-20,35.75,35.990002,35.209999,35.810001,up
2015-07-21,35.82,36.75,35.709999,36.630001,up
2015-07-22,36.23,36.369999,35.509998,36.09,down
2015-07-23,36.0,36.73,35.950001,36.189999,up
2015-07-24,36.41,36.41,35.299999,35.419998,down
2015-07-27,35.110001,35.150002,33.880001,34.700001,down
2015-07-28,34.700001,36.669998,34.139999,36.540001,up
2015-07-29,32.59,33.240002,31.059999,31.24,down
2015-07-30,31.1,31.83,31.049999,31.469999,up
2015-07-31,31.379999,31.620001,30.85,31.01,down
2015-08-03,30.85,31.09,28.690001,29.27,down
2015-08-04,29.110001,29.9,28.9,29.34,up
2015-08-05,29.41,29.5,28.43,28.48,down
2015-08-06,28.4,28.43,27.23,27.540001,down
2015-08-07,27.799999,27.9,26.870001,27.040001,down
2015-08-10,28.09,29.629999,27.82,29.5,up
2015-08-11,29.01,29.889999,28.530001,29.620001,up
2015-08-12,29.110001,29.5,28.51,29.389999,down
2015-08-13,29.6,29.6,28.440001,28.540001,down
2015-08-14,28.5,29.27,28.450001,29.059999,up
2015-08-17,29.190001,29.34,28.93,29.059999,down
2015-08-18,28.91,29.0,28.299999,28.299999,down
2015-08-19,28.059999,28.09,27.16,27.610001,down
2015-08-20,27.15,27.48,25.92,26.0,down
2015-08-21,25.65,26.74,25.51,25.870001,down
2015-08-24,23.610001,26.23,21.01,25.17,down
2015-08-25,26.290001,26.33,24.379999,24.379999,down
2015-08-26,24.799999,25.290001,23.83,25.030001,up
2015-08-27,25.440001,26.799999,25.24,26.459999,up
2015-08-28,26.190001,26.93,26.059999,26.83,up
2015-08-31,27.639999,28.49,27.35,27.790001,up
2015-09-01,27.23,28.120001,26.77,27.030001,down
2015-09-02,27.469999,27.83,26.870001,27.82,up
2015-09-03,28.030001,29.0,27.809999,28.299999,up
2015-09-04,27.950001,28.549999,27.799999,28.15,down
2015-09-08,28.15,28.200001,27.01,27.18,down
2015-09-09,27.17,27.85,26.42,27.18,down
2015-09-10,27.07,27.83,26.950001,27.709999,up
2015-09-11,27.629999,27.65,27.17,27.389999,down
2015-09-14,27.209999,27.549999,26.799999,26.9,down
2015-09-15,27.040001,27.549999,27.0,27.17,up
2015-09-16,27.139999,28.0,27.0,27.75,up
2015-09-17,27.540001,27.93,27.030001,27.41,down
2015-09-18,27.040001,28.25,26.99,27.959999,up
2015-09-21,27.98,28.09,27.190001,27.379999,down
2015-09-22,27.049999,27.48,26.620001,26.83,down
2015-09-23,26.969999,27.280001,26.58,26.790001,down
2015-09-24,26.51,26.639999,25.4,26.6,down
2015-09-25,26.84,26.91,25.139999,25.290001,down
2015-09-28,24.959999,25.610001,24.6,25.26,down
2015-09-29,25.23,25.76,24.92,25.59,up
2015-09-30,25.940001,27.33,25.879999,26.940001,up
2015-10-01,26.469999,26.84,24.65,24.68,down
2015-10-02,24.5,26.48,24.34,26.309999,up
2015-10-05,26.99,28.25,26.33,28.15,up
2015-10-06,28.16,28.4,26.75,27.620001,down
2015-10-07,28.35,29.950001,28.01,29.83,up
2015-10-08,29.57,31.5,29.030001,30.32,up
2015-10-09,30.9,31.41,30.280001,30.85,up
2015-10-12,30.299999,30.77,28.6,28.75,down
2015-10-13,29.549999,30.68,28.84,29.059999,up
2015-10-14,29.459999,29.82,28.379999,29.379999,up
2015-10-15,29.459999,30.280001,29.01,29.709999,up
2015-10-16,30.08,31.4,29.360001,31.15,up
2015-10-19,31.15,31.6,30.57,30.91,down
2015-10-20,30.940001,31.389999,30.41,30.91,down
2015-10-21,29.5,29.66,28.65,29.299999,down
2015-10-22,29.24,29.799999,28.74,29.15,down
2015-10-23,29.969999,30.719999,29.610001,30.280001,up
2015-10-26,30.629999,31.219999,30.48,30.889999,up
2015-10-27,31.02,31.870001,30.65,31.34,up
2015-10-28,28.129999,31.34,27.76,30.870001,down
2015-10-29,30.58,30.700001,28.93,29.059999,down
2015-10-30,29.129999,29.57,28.35,28.459999,down
2015-11-02,28.540001,29.290001,28.049999,29.200001,up
2015-11-03,29.09,29.629999,29.040001,29.129999,down
2015-11-04,29.360001,30.15,29.23,29.360001,up
2015-11-05,29.469999,29.549999,28.450001,28.66,down
2015-11-06,28.58,28.700001,28.049999,28.280001,down
2015-11-09,28.07,28.209999,26.68,27.09,down
2015-11-10,26.809999,27.17,26.25,27.049999,down
2015-11-11,27.08,27.139999,26.370001,26.5,down
2015-11-12,26.08,26.610001,25.85,26.129999,down
2015-11-13,25.889999,26.16,25.16,25.18,down
2015-11-16,25.33,25.780001,25.0,25.41,up
2015-11-17,25.540001,25.690001,24.9,25.23,down
2015-11-18,25.17,26.09,25.16,25.9,up
2015-11-19,25.940001,26.58,25.93,26.32,up
2015-11-20,26.32,26.700001,26.030001,26.27,down
2015-11-23,26.110001,26.27,25.02,25.200001,down
2015-11-24,25.17,25.549999,25.02,25.52,up
2015-11-25,25.620001,26.41,25.59,26.059999,up
2015-11-27,25.98,26.07,25.67,25.75,down
2015-11-30,25.780001,25.82,25.059999,25.4,down
2015-12-01,25.389999,25.58,25.0,25.530001,up
2015-12-02,25.309999,25.719999,25.17,25.4,down
2015-12-03,25.48,26.059999,24.91,25.9,up
2015-12-04,25.809999,25.85,25.01,25.02,down
2015-12-07,24.99,25.16,24.129999,24.459999,down
2015-12-08,24.040001,25.1,23.540001,24.99,up
2015-12-09,24.98,24.98,24.190001,24.309999,down
2015-12-10,24.360001,26.25,24.34,25.91,up
2015-12-11,25.91,26.200001,24.799999,24.84,down
2015-12-14,24.68,24.940001,23.700001,24.92,up
2015-12-15,24.52,24.690001,23.700001,23.950001,down
2015-12-16,23.959999,24.48,23.799999,24.299999,up
2015-12-17,24.469999,24.75,23.290001,23.309999,down
2015-12-18,23.35,23.440001,22.66,22.99,down
2015-12-21,23.02,23.040001,21.99,22.139999,down
2015-12-22,22.26,22.67,22.09,22.559999,up
2015-12-23,22.68,22.950001,22.370001,22.67,up
2015-12-24,22.700001,23.059999,22.549999,22.969999,up
2015-12-28,22.9,23.32,22.5,22.530001,down
2015-12-29,22.629999,22.82,22.309999,22.469999,down
2015-12-30,22.450001,22.940001,22.209999,22.23,down
2015-12-31,22.17,23.280001,22.15,23.139999,up
2016-01-04,22.639999,22.84,22.110001,22.559999,down
2016-01-05,22.790001,23.0,21.85,21.92,down
2016-01-06,21.620001,22.18,21.18,21.389999,down
2016-01-07,21.0,21.48,20.200001,20.26,down
2016-01-08,20.51,20.719999,19.6,19.98,down
2016-01-11,20.120001,20.200001,19.26,19.65,down
2016-01-12,19.870001,20.41,19.32,19.620001,down
2016-01-13,19.700001,19.76,18.469999,18.68,down
2016-01-14,18.549999,19.16,17.27,19.0,up
2016-01-15,18.23,18.530001,17.610001,17.940001,down
2016-01-19,18.18,18.18,16.43,16.690001,down
2016-01-20,16.16,19.040001,15.48,17.379999,up
2016-01-21,17.440001,18.32,16.799999,17.83,up
2016-01-22,18.290001,18.559999,17.73,17.84,up
2016-01-25,16.799999,17.450001,16.51,17.02,down
2016-01-26,17.219999,17.280001,16.4,17.01,down
2016-01-27,17.01,17.620001,16.77,16.780001,down
2016-01-28,17.209999,17.34,16.450001,16.49,down
2016-01-29,16.639999,17.07,16.51,16.799999,up
2016-02-01,17.889999,18.77,17.299999,17.91,up
2016-02-02,17.219999,17.27,16.01,16.08,down
2016-02-03,16.33,16.74,15.55,16.559999,up
2016-02-04,16.4,17.18,16.290001,16.91,up
2016-02-05,16.610001,16.639999,15.62,15.72,down
2016-02-08,15.51,15.55,14.73,14.9,down
2016-02-09,14.62,15.55,14.31,14.4,down
2016-02-10,14.55,15.28,14.52,14.98,up
2016-02-11,14.07,14.79,13.91,14.31,down
2016-02-12,14.54,15.94,14.53,15.88,up
2016-02-16,16.09,16.4,15.67,16.360001,up
2016-02-17,16.469999,17.6,16.43,17.459999,up
2016-02-18,18.1,18.549999,17.52,18.43,up
2016-02-19,18.16,18.879999,17.77,18.309999,down
2016-02-22,18.620001,18.68,17.76,18.299999,down
2016-02-23,18.559999,18.959999,18.1,18.299999,down
2016-02-24,18.0,18.09,17.110001,18.0,down
2016-02-25,17.93,17.950001,17.309999,17.59,down
2016-02-26,17.719999,18.030001,17.5,17.940001,up
2016-02-29,17.959999,18.57,17.780001,18.120001,up
2016-03-01,18.469999,18.48,17.59,17.85,down
2016-03-02,17.85,18.74,17.719999,18.540001,up
2016-03-03,18.530001,19.440001,18.48,19.309999,up
2016-03-04,19.450001,20.32,19.059999,19.360001,up
2016-03-07,19.110001,19.73,18.77,19.17,down
2016-03-08,19.1,19.15,18.33,18.33,down
2016-03-09,18.610001,18.74,17.52,17.66,down
2016-03-10,17.690001,17.77,16.379999,16.610001,down
2016-03-11,16.77,16.940001,16.459999,16.809999,up
2016-03-14,16.809999,17.32,16.790001,17.120001,up
2016-03-15,17.0,17.040001,16.139999,16.190001,down
2016-03-16,16.33,16.77,16.129999,16.700001,up
2016-03-17,16.65,17.15,16.620001,16.85,up
2016-03-18,17.08,17.379999,16.76,16.85,down
2016-03-21,16.83,17.049999,16.68,16.889999,up
2016-03-22,16.75,17.01,16.700001,16.860001,down
2016-03-23,16.860001,16.91,16.01,16.01,down
2016-03-24,15.94,15.99,15.57,15.91,down
2016-03-28,15.98,16.01,15.4,15.6,down
2016-03-29,15.69,15.99,15.33,15.97,up
2016-03-30,16.16,16.719999,16.01,16.360001,up
2016-03-31,16.4,16.84,16.209999,16.549999,up
2016-04-01,16.41,16.43,15.83,15.98,down
2016-04-04,16.0,17.540001,15.96,17.09,up
2016-04-05,17.59,17.83,16.889999,17.049999,down
2016-04-06,17.120001,17.48,16.9,17.26,up
2016-04-07,16.879999,17.59,16.85,16.98,down
2016-04-08,17.120001,17.25,16.41,16.65,down
2016-04-11,16.74,16.98,16.41,16.51,down
2016-04-12,16.5,16.77,16.15,16.57,up
2016-04-13,16.68,17.4,16.68,17.370001,up
2016-04-14,17.379999,17.700001,17.139999,17.530001,up
2016-04-15,17.52,17.91,17.309999,17.58,up
2016-04-18,17.709999,17.719999,17.059999,17.309999,down
2016-04-19,17.370001,17.389999,16.68,16.92,down
2016-04-20,16.940001,17.52,16.9,17.4,up
2016-04-21,17.48,17.77,17.42,17.51,up
2016-04-22,17.33,17.51,17.02,17.23,down
2016-04-25,17.200001,17.75,16.879999,17.09,down
2016-04-26,17.209999,17.98,17.08,17.75,up
2016-04-27,15.15,15.28,14.81,14.86,down
2016-04-28,14.85,15.09,14.62,14.64,down
2016-04-29,14.7,14.93,14.32,14.62,down
2016-05-02,14.73,14.77,14.17,14.4,down
2016-05-03,14.22,14.25,13.9,14.01,down
2016-05-04,13.95,14.88,13.92,14.84,up
2016-05-05,14.93,14.98,14.08,14.12,down
2016-05-06,14.12,14.4,13.98,14.4,up
2016-05-09,14.28,14.47,14.15,14.2,down
2016-05-10,14.17,14.69,14.16,14.63,up
2016-05-11,14.61,14.86,14.44,14.59,down
2016-05-12,14.63,14.68,14.0,14.08,down
2016-05-13,14.06,14.28,14.0,14.1,up
2016-05-16,14.09,14.37,14.06,14.29,up
2016-05-17,14.21,14.59,14.13,14.34,up
2016-05-18,14.35,14.57,14.05,14.14,down
2016-05-19,14.15,14.31,14.04,14.15,up
2016-05-20,14.2,14.51,14.16,14.43,up
2016-05-23,14.4,14.6,14.33,14.41,down
2016-05-24,14.22,14.22,13.73,14.03,down
2016-05-25,14.07,14.57,14.06,14.41,up
2016-05-26,14.45,14.48,14.19,14.3,down
2016-05-27,14.25,15.1,14.23,15.1,up
2016-05-31,15.12,15.49,15.08,15.22,up
2016-06-01,15.22,15.22,14.62,15.02,down
2016-06-02,15.04,15.26,14.85,15.2,up
2016-06-03,15.11,15.35,14.96,15.2,down
2016-06-06,15.22,15.45,15.18,15.27,up
2016-06-07,15.36,15.37,14.91,15.0,down
2016-06-08,15.07,15.12,14.81,14.95,down
2016-06-09,14.84,14.86,14.59,14.6,down
2016-06-10,14.45,14.45,14.0,14.02,down
2016-06-13,14.63,15.3,14.51,14.55,up
2016-06-14,14.82,15.42,14.8,15.36,up
2016-06-15,15.71,16.440001,15.71,15.96,up
2016-06-16,15.9,15.95,15.4,15.87,down
2016-06-17,16.16,16.370001,15.96,16.1,up
2016-06-20,16.34,16.639999,16.15,16.34,up
2016-06-21,16.48,16.559999,16.17,16.32,down
2016-06-22,16.27,16.32,16.049999,16.129999,down
2016-06-23,16.299999,17.07,16.280001,17.040001,up
2016-06-24,16.24,16.9,16.200001,16.440001,down
2016-06-27,16.290001,16.4,15.46,15.84,down
2016-06-28,16.24,16.639999,16.16,16.42,up
2016-06-29,16.6,17.01,16.43,16.83,up
2016-06-30,16.799999,17.0,16.73,16.91,up
2016-07-01,16.93,17.5,16.9,17.280001,up
2016-07-05,17.25,17.280001,16.76,17.139999,down
2016-07-06,17.02,17.34,16.809999,17.200001,up
2016-07-07,17.24,17.68,17.24,17.370001,up
2016-07-08,17.530001,18.16,17.469999,18.08,up
2016-07-11,17.59,17.879999,17.52,17.709999,down
2016-07-12,17.98,18.379999,17.92,18.1,up
2016-07-13,18.209999,18.32,17.5,17.74,down
2016-07-14,18.02,18.280001,17.91,17.959999,up
2016-07-15,17.98,18.18,17.809999,18.08,up
2016-07-18,18.290001,18.75,18.049999,18.65,up
2016-07-19,18.51,18.9,18.27,18.33,down
2016-07-20,18.52,18.76,18.450001,18.559999,up
2016-07-21,18.57,18.799999,18.35,18.389999,down
2016-07-22,18.120001,18.389999,17.76,18.370001,down
2016-07-25,18.43,18.700001,18.17,18.65,up
2016-07-26,18.52,18.65,18.16,18.450001,down
2016-07-27,16.34,16.59,15.69,15.77,down
2016-07-28,15.89,16.34,15.88,16.309999,up
2016-07-29,16.389999,16.74,16.24,16.639999,up
2016-08-01,16.65,16.85,16.4,16.639999,down
2016-08-02,16.610001,16.700001,16.200001,16.42,down
2016-08-03,16.34,17.879999,16.33,17.610001,up
2016-08-04,17.57,18.309999,17.360001,18.129999,up
2016-08-05,18.190001,18.58,18.139999,18.26,up
2016-08-08,18.25,18.48,17.93,18.200001,down
2016-08-09,18.17,18.790001,17.969999,18.68,up
2016-08-10,18.67,19.57,18.559999,19.040001,up
2016-08-11,19.17,19.83,19.110001,19.780001,up
2016-08-12,19.709999,19.709999,19.01,19.540001,down
2016-08-15,19.85,21.1,19.83,20.860001,up
2016-08-16,20.780001,20.790001,20.290001,20.4,down
2016-08-17,20.43,20.440001,19.9,20.17,down
2016-08-18,19.559999,19.6,18.92,19.0,down
2016-08-19,18.959999,19.309999,18.76,18.98,down
2016-08-22,18.950001,18.959999,18.52,18.549999,down
2016-08-23,18.65,18.93,18.65,18.690001,up
2016-08-24,18.799999,18.969999,18.200001,18.25,down
2016-08-25,18.33,18.65,18.23,18.32,up
2016-08-26,18.4,18.530001,18.1,18.299999,down
2016-08-29,18.389999,18.549999,18.299999,18.469999,up
2016-08-30,18.59,18.690001,18.32,18.379999,down
2016-08-31,18.389999,19.6,18.379999,19.209999,up
2016-09-01,19.370001,20.139999,19.27,19.5,up
2016-09-02,19.620001,19.870001,19.35,19.549999,up
2016-09-06,19.74,20.139999,19.48,19.93,up
2016-09-07,20.049999,20.65,19.799999,19.870001,down
2016-09-08,18.809999,19.309999,18.59,18.700001,down
2016-09-09,18.4,18.82,17.92,18.110001,down
2016-09-12,17.959999,18.24,17.68,18.15,up
2016-09-13,17.99,18.1,17.52,17.76,down
2016-09-14,17.93,18.389999,17.9,18.08,up
2016-09-15,18.299999,18.42,18.059999,18.299999,up
2016-09-16,18.9,19.25,18.74,19.110001,up
2016-09-19,19.219999,19.24,18.280001,18.360001,down
2016-09-20,18.299999,18.639999,18.23,18.389999,up
2016-09-21,18.440001,18.5,18.129999,18.49,up
2016-09-22,18.52,18.92,18.440001,18.629999,up
2016-09-23,21.5,22.889999,21.110001,22.620001,up
2016-09-26,21.790001,23.57,21.65,23.370001,up
2016-09-27,23.209999,23.98,22.9,23.719999,up
2016-09-28,23.42,23.629999,22.440001,22.959999,down
2016-09-29,22.92,23.360001,22.860001,23.01,up
2016-09-30,23.02,23.25,22.82,23.049999,up
2016-10-03,23.780001,24.25,23.459999,24.0,up
2016-10-04,23.75,23.790001,23.34,23.52,down
2016-10-05,24.32,25.25,24.129999,24.870001,up
2016-10-06,20.459999,21.0,19.6,19.870001,down
2016-10-07,19.950001,20.530001,19.65,19.85,down
2016-10-10,17.49,18.24,16.93,17.559999,down
2016-10-11,18.18,18.200001,17.65,18.0,up
2016-10-12,18.190001,18.190001,17.809999,18.049999,up
2016-10-13,17.860001,17.99,17.67,17.790001,down
2016-10-14,17.879999,18.049999,16.280001,16.879999,down
2016-10-17,16.76,16.98,16.43,16.73,down
2016-10-18,16.860001,17.129999,16.790001,16.83,up
2016-10-19,16.940001,17.26,16.879999,17.07,up
2016-10-20,17.040001,17.07,16.82,16.9,down
2016-10-21,16.950001,18.35,16.74,18.09,up
2016-10-24,17.6,18.370001,17.49,18.030001,down
2016-10-25,17.82,17.84,17.15,17.26,down
2016-10-26,17.58,17.66,17.17,17.290001,up
2016-10-27,17.290001,18.120001,17.07,17.4,up
2016-10-28,17.700001,18.0,17.5,17.66,up
2016-10-31,17.65,18.040001,17.639999,17.950001,up
2016-11-01,17.84,18.0,17.26,17.49,down
2016-11-02,17.43,17.950001,17.379999,17.610001,up
2016-11-03,17.549999,17.860001,17.26,17.58,down
2016-11-04,17.52,18.34,17.5,18.02,up
2016-11-07,18.110001,18.690001,18.110001,18.41,up
2016-11-08,18.219999,18.559999,17.77,18.379999,down
2016-11-09,17.959999,19.24,17.91,19.129999,up
2016-11-10,19.040001,19.299999,18.030001,18.370001,down
2016-11-11,18.35,18.73,18.07,18.549999,up
2016-11-14,18.75,19.200001,18.5,19.139999,up
2016-11-15,19.15,19.51,18.91,18.98,down
2016-11-16,18.98,19.15,18.59,18.629999,down
2016-11-17,18.700001,18.959999,18.530001,18.549999,down
2016-11-18,18.73,18.91,18.639999,18.73,up
2016-11-21,18.719999,18.91,18.59,18.6,down
2016-11-22,18.66,18.870001,18.51,18.629999,up
2016-11-23,18.450001,18.59,18.08,18.219999,down
2016-11-25,18.27,18.309999,18.030001,18.059999,down
2016-11-28,18.0,18.299999,17.85,18.299999,up
2016-11-29,18.219999,18.68,18.129999,18.190001,down
2016-11-30,18.200001,18.799999,18.18,18.49,up
2016-12-01,18.82,18.83,17.74,18.030001,down
2016-12-02,18.0,18.16,17.860001,17.93,down
2016-12-05,17.959999,18.360001,17.870001,18.23,up
2016-12-06,18.309999,18.5,18.129999,18.23,down
2016-12-07,18.26,19.549999,18.200001,19.48,up
2016-12-08,19.5,19.709999,19.08,19.639999,up
2016-12-09,19.559999,19.84,19.379999,19.65,up
2016-12-12,19.48,19.700001,18.9,18.93,down
2016-12-13,18.969999,19.59,18.940001,19.370001,up
2016-12-14,19.4,19.620001,18.889999,18.93,down
2016-12-15,18.940001,19.15,18.709999,18.790001,down
2016-12-16,18.76,18.889999,18.530001,18.629999,down
2016-12-19,18.6,18.700001,18.219999,18.24,down
2016-12-20,18.23,18.32,17.870001,17.92,down
2016-12-21,17.52,17.549999,17.01,17.08,down
2016-12-22,16.82,16.889999,16.27,16.41,down
2016-12-23,16.34,16.67,16.16,16.5,up
2016-12-27,16.52,16.870001,16.42,16.610001,up
2016-12-28,16.629999,16.73,16.290001,16.389999,down
2016-12-29,16.389999,16.65,16.299999,16.389999,down
2016-12-30,16.309999,16.57,16.219999,16.299999,down
2017-01-03,16.309999,16.450001,16.209999,16.440001,up
2017-01-04,16.5,16.940001,16.5,16.860001,up
2017-01-05,16.91,17.27,16.799999,17.09,up
2017-01-06,17.24,17.43,17.110001,17.17,up
2017-01-09,17.219999,17.559999,17.190001,17.5,up
2017-01-10,17.51,17.780001,17.32,17.370001,down
2017-01-11,17.459999,17.6,17.17,17.299999,down
2017-01-12,17.129999,17.389999,16.959999,17.379999,up
2017-01-13,17.379999,17.66,17.23,17.25,down
2017-01-17,17.07,17.09,16.860001,16.959999,down
2017-01-18,17.01,17.139999,16.83,17.110001,up
2017-01-19,17.09,17.15,16.75,16.790001,down
2017-01-20,16.82,16.9,16.459999,16.58,down
2017-01-23,16.57,16.809999,16.459999,16.610001,up
2017-01-24,16.610001,16.66,16.33,16.52,down
2017-01-25,16.700001,16.790001,16.59,16.73,up
2017-01-26,16.860001,17.07,16.790001,16.809999,up
2017-01-27,16.91,16.969999,16.530001,16.57,down
2017-01-30,16.57,17.1,16.41,16.940001,up
2017-01-31,16.950001,17.74,16.91,17.620001,up
2017-02-01,17.84,17.92,17.1,17.24,down
2017-02-02,17.33,17.860001,17.120001,17.780001,up
2017-02-03,17.719999,17.85,17.440001,17.610001,down
2017-02-06,17.700001,17.969999,17.41,17.93,up
2017-02-07,18.0,18.67,17.99,18.26,up
2017-02-08,18.77,18.77,18.049999,18.719999,up
2017-02-09,18.719999,18.719999,16.26,16.41,down
2017-02-10,15.96,16.0,15.5,15.58,down
2017-02-13,15.63,15.99,15.51,15.81,up
2017-02-14,15.92,16.6,15.85,16.52,up
2017-02-15,16.85,16.889999,16.299999,16.74,up
2017-02-16,16.690001,16.790001,16.32,16.35,down
2017-02-17,16.360001,16.629999,16.360001,16.620001,up
2017-02-21,16.639999,16.690001,16.299999,16.42,down
2017-02-22,16.4,16.51,16.01,16.08,down
2017-02-23,16.120001,16.27,15.9,16.030001,down
2017-02-24,15.95,15.99,15.85,15.98,down
2017-02-27,15.93,16.129999,15.72,16.059999,up
2017-02-28,16.0,16.040001,15.74,15.77,down
2017-03-01,15.87,15.9,15.59,15.79,up
2017-03-02,15.77,16.0,15.72,15.79,down
2017-03-03,15.84,16.1,15.68,15.75,down
2017-03-06,15.75,15.78,15.5,15.56,down
2017-03-07,15.52,15.73,15.16,15.18,down
2017-03-08,15.19,15.36,15.08,15.24,up
2017-03-09,15.24,15.39,15.03,15.22,down
2017-03-10,15.23,15.27,14.94,15.12,down
2017-03-13,15.1,15.27,15.1,15.21,up
2017-03-14,15.2,15.58,15.15,15.32,up
2017-03-15,15.25,15.3,14.85,15.03,down
2017-03-16,15.08,15.28,15.04,15.19,up
2017-03-17,15.2,15.23,15.03,15.08,down
2017-03-20,15.11,15.11,14.82,15.09,up
2017-03-21,15.08,15.1,14.5,14.54,down
2017-03-22,14.5,14.99,14.32,14.98,up
2017-03-23,14.99,15.05,14.73,14.93,down
2017-03-24,15.06,15.37,15.03,15.14,up
2017-03-27,15.02,15.06,14.75,14.99,down
2017-03-28,15.0,15.17,14.8,14.94,down
2017-03-29,14.86,15.06,14.7,15.04,up
2017-03-30,15.05,15.08,14.9,14.92,down
2017-03-31,14.93,15.06,14.91,14.95,up
2017-04-03,14.97,14.98,14.65,14.84,down
2017-04-04,14.75,14.76,14.58,14.69,down
2017-04-05,14.61,14.82,14.41,14.53,down
2017-04-06,14.53,14.62,14.3,14.39,down
2017-04-07,14.36,14.43,14.25,14.29,down
2017-04-10,14.3,14.46,14.2,14.36,up
2017-04-11,14.3,14.4,14.2,14.31,down
2017-04-12,14.34,14.78,14.26,14.42,up
2017-04-13,14.49,14.5,14.22,14.3,down
