2012-01-04,16.120001,16.16,15.74,15.78,down
2012-01-05,15.6,15.69,15.44,15.64,down
2012-01-06,15.64,15.66,15.4,15.52,down
2012-01-09,15.59,15.61,15.35,15.46,down
2012-01-10,15.57,15.71,15.5,15.51,up
2012-01-11,15.56,15.62,15.35,15.53,up
2012-01-12,15.58,15.73,15.45,15.66,up
2012-01-13,15.65,15.67,15.43,15.48,down
2012-01-17,15.63,15.66,15.39,15.43,down
2012-01-18,15.87,16.0,15.69,15.92,up
2012-01-19,15.9,16.15,15.89,16.120001,up
2012-01-20,16.110001,16.110001,15.85,15.96,down
2012-01-23,15.85,15.93,15.64,15.68,down
2012-01-24,15.57,15.81,15.55,15.69,up
2012-01-25,15.6,15.71,15.46,15.56,down
2012-01-26,15.63,15.69,15.42,15.53,down
2012-01-27,15.5,15.8,15.46,15.74,up
2012-01-30,15.61,15.65,15.5,15.55,down
2012-01-31,15.54,15.62,15.41,15.47,down
2012-02-01,15.57,15.8,15.53,15.73,up
2012-02-02,15.76,15.82,15.69,15.72,down
2012-02-03,15.94,15.98,15.83,15.92,up
2012-02-06,15.94,15.95,15.76,15.82,down
2012-02-07,15.84,15.89,15.74,15.83,up
2012-02-08,15.96,15.97,15.72,15.78,down
2012-02-09,16.1,16.1,15.9,16.0,up
2012-02-10,16.02,16.309999,16.0,16.139999,up
2012-02-13,16.129999,16.24,16.049999,16.120001,down
2012-02-14,16.07,16.1,14.92,15.37,down
2012-02-15,15.23,15.3,15.08,15.12,down
2012-02-16,15.25,15.38,15.1,15.36,up
2012-02-17,15.41,15.44,15.0,15.01,down
2012-02-21,15.04,15.07,14.75,14.75,down
2012-02-22,14.68,14.75,14.43,14.5,down
2012-02-23,14.55,14.81,14.37,14.78,up
2012-02-24,14.86,14.97,14.83,14.89,up
2012-02-27,14.74,14.91,14.72,14.86,down
2012-02-28,14.93,14.99,14.76,14.9,up
2012-02-29,14.89,14.93,14.78,14.83,down
2012-03-01,14.89,14.96,14.79,14.93,up
2012-03-02,14.89,14.92,14.66,14.72,down
2012-03-05,14.66,14.95,14.52,14.62,down
2012-03-06,14.61,14.69,14.35,14.42,down
2012-03-07,14.48,14.71,14.44,14.62,up
2012-03-08,14.7,14.77,14.52,14.62,down
2012-03-09,14.63,14.7,14.61,14.63,up
2012-03-12,14.66,14.76,14.48,14.49,down
2012-03-13,14.54,14.62,14.39,14.55,up
2012-03-14,14.54,14.64,14.42,14.63,up
2012-03-15,14.64,14.98,14.57,14.89,up
2012-03-16,14.95,15.18,14.92,15.18,up
2012-03-19,15.08,15.22,14.92,15.15,down
2012-03-20,15.0,15.61,14.92,15.41,up
2012-03-21,15.42,15.61,15.17,15.51,up
2012-03-22,15.51,15.56,15.38,15.49,down
2012-03-23,15.52,15.59,15.31,15.39,down
2012-03-26,15.46,15.56,15.36,15.54,up
2012-03-27,15.53,15.55,15.41,15.43,down
2012-03-28,15.45,15.48,15.14,15.32,down
2012-03-29,15.19,15.34,15.11,15.3,down
2012-03-30,15.37,15.42,15.18,15.22,down
2012-04-02,15.19,15.51,15.11,15.46,up
2012-04-03,15.36,15.43,15.06,15.18,down
2012-04-04,15.15,15.34,15.0,15.27,up
2012-04-05,15.14,15.26,15.0,15.07,down
2012-04-09,15.0,15.25,14.96,15.1,up
2012-04-10,15.08,15.18,14.91,14.99,down
2012-04-11,15.08,15.08,14.84,14.88,down
2012-04-12,14.9,15.1,14.84,15.06,up
2012-04-13,14.99,15.18,14.86,14.87,down
2012-04-16,15.0,15.04,14.73,14.79,down
2012-04-17,14.82,15.18,14.82,15.01,up
2012-04-18,15.4,15.57,15.3,15.49,up
2012-04-19,15.44,15.57,15.36,15.4,down
2012-04-20,15.41,15.7,15.39,15.6,up
2012-04-23,15.41,15.47,15.29,15.33,down
2012-04-24,15.33,15.52,15.33,15.43,up
2012-04-25,15.43,15.51,15.38,15.5,up
2012-04-26,15.44,15.55,15.38,15.53,up
2012-04-27,15.51,15.62,15.49,15.57,up
2012-04-30,15.55,15.57,15.45,15.54,down
2012-05-01,15.51,15.73,15.5,15.63,up
2012-05-02,15.58,15.77,15.54,15.67,up
2012-05-03,15.65,15.65,15.33,15.4,down
2012-05-04,15.25,15.29,15.09,15.15,down
2012-05-07,15.34,15.49,15.16,15.35,up
2012-05-08,15.31,15.44,15.09,15.36,up
2012-05-09,15.17,15.45,15.03,15.3,down
2012-05-10,15.4,15.54,15.3,15.44,up
2012-05-11,14.88,15.44,14.8,15.19,down
2012-05-14,15.48,15.77,15.4,15.5,up
2012-05-15,15.47,15.55,15.34,15.4,down
2012-05-16,15.4,15.57,15.26,15.28,down
2012-05-17,15.26,15.37,14.85,14.87,down
2012-05-18,15.78,15.87,15.36,15.42,up
2012-05-21,16.0,16.0,15.1,15.58,up
2012-05-22,15.58,15.61,15.19,15.29,down
2012-05-23,15.19,15.43,15.14,15.38,up
2012-05-24,15.34,15.51,15.22,15.35,down
2012-05-25,15.4,15.48,15.28,15.36,up
2012-05-29,15.4,15.55,15.28,15.47,up
2012-05-30,15.3,15.34,15.16,15.25,down
2012-05-31,15.23,15.37,15.12,15.24,down
2012-06-01,15.04,15.12,14.85,14.92,down
2012-06-04,14.9,15.03,14.81,15.01,up
2012-06-05,15.0,15.14,14.91,15.1,up
2012-06-06,15.14,15.41,15.14,15.36,up
2012-06-07,15.47,15.5,15.33,15.36,down
2012-06-08,15.52,15.68,15.4,15.65,up
2012-06-11,15.73,15.73,15.27,15.3,down
2012-06-12,15.35,15.52,15.26,15.47,up
2012-06-13,15.47,15.49,15.27,15.34,down
2012-06-14,15.3,15.46,15.25,15.36,up
2012-06-15,15.44,15.44,15.33,15.36,down
2012-06-18,15.33,15.54,15.27,15.49,up
2012-06-19,15.52,15.69,15.51,15.65,up
2012-06-20,15.69,15.75,15.58,15.74,up
2012-06-21,15.74,15.8,15.47,15.52,down
2012-06-22,15.53,15.7,15.52,15.61,up
2012-06-25,15.51,15.55,15.31,15.44,down
2012-06-26,15.4,15.47,15.19,15.35,down
2012-06-27,15.41,15.63,15.38,15.52,up
2012-06-28,15.41,15.48,15.29,15.45,down
2012-06-29,15.61,15.83,15.53,15.83,up
2012-07-02,15.8,15.94,15.76,15.84,up
2012-07-03,15.83,15.99,15.82,15.98,up
2012-07-05,15.9,15.99,15.81,15.85,down
2012-07-06,15.8,15.91,15.68,15.78,down
2012-07-09,15.78,15.84,15.7,15.75,down
2012-07-10,15.83,15.98,15.71,15.82,up
2012-07-11,15.82,15.94,15.68,15.8,down
2012-07-12,15.63,15.81,15.54,15.69,down
2012-07-13,15.7,15.84,15.69,15.74,up
2012-07-16,15.69,15.8,15.6,15.65,down
2012-07-17,15.85,15.89,15.42,15.6,down
2012-07-18,15.64,15.75,15.51,15.7,up
2012-07-19,15.71,15.86,15.64,15.73,up
2012-07-20,15.75,15.94,15.68,15.92,up
2012-07-23,15.7,15.81,15.59,15.76,down
2012-07-24,15.74,15.76,15.23,15.43,down
2012-07-25,15.52,15.64,15.4,15.5,up
2012-07-26,15.69,15.88,15.62,15.8,up
2012-07-27,15.88,16.17,15.84,16.110001,up
2012-07-30,16.15,16.15,15.9,15.98,down
2012-07-31,16.0,16.059999,15.81,15.84,down
2012-08-01,15.86,16.07,15.83,15.99,up
2012-08-02,15.86,16.0,15.64,15.75,down
2012-08-03,15.89,16.030001,15.82,15.97,up
2012-08-06,16.0,16.07,15.95,16.040001,up
2012-08-07,16.09,16.370001,16.07,16.219999,up
2012-08-08,16.15,16.32,16.09,16.17,down
2012-08-09,16.16,16.16,15.98,16.01,down
2012-08-10,15.25,15.35,15.01,15.15,down
2012-08-13,15.03,15.21,15.0,15.02,down
2012-08-14,15.04,15.05,14.69,14.73,down
2012-08-15,14.77,14.86,14.65,14.76,up
2012-08-16,14.81,15.01,14.75,14.99,up
2012-08-17,15.02,15.07,14.85,15.03,up
2012-08-20,14.99,15.05,14.88,14.96,down
2012-08-21,14.95,15.01,14.88,14.97,up
2012-08-22,14.95,14.99,14.86,14.92,down
2012-08-23,14.9,14.97,14.82,14.87,down
2012-08-24,14.82,14.94,14.77,14.92,up
2012-08-27,14.92,14.93,14.77,14.85,down
2012-08-28,14.84,14.87,14.69,14.72,down
2012-08-29,14.73,14.94,14.7,14.84,up
2012-08-30,14.81,14.84,14.64,14.67,down
2012-08-31,14.79,14.82,14.59,14.65,down
2012-09-04,14.64,14.98,14.59,14.89,up
2012-09-05,14.86,15.14,14.85,15.09,up
2012-09-06,15.13,15.15,14.96,15.11,up
2012-09-07,15.12,15.29,15.1,15.22,up
2012-09-10,15.19,15.28,15.11,15.11,down
2012-09-11,15.09,15.25,15.06,15.16,up
2012-09-12,15.3,15.55,15.28,15.4,up
2012-09-13,15.38,15.69,15.37,15.6,up
2012-09-14,15.7,15.84,15.62,15.77,up
2012-09-17,15.81,15.84,15.63,15.68,down
2012-09-18,15.65,16.17,15.6,15.91,up
2012-09-19,15.96,16.129999,15.84,15.86,down
2012-09-20,15.76,15.86,15.65,15.79,down
2012-09-21,15.72,15.82,15.66,15.74,down
2012-09-24,15.69,16.040001,15.6,16.0,up
2012-09-25,16.09,16.09,15.67,15.68,down
2012-09-26,15.71,15.81,15.55,15.61,down
2012-09-27,15.9,16.200001,15.79,16.040001,up
2012-09-28,16.01,16.09,15.93,15.98,down
2012-10-01,16.0,16.09,15.77,15.83,down
2012-10-02,16.030001,16.040001,15.88,15.94,up
2012-10-03,16.0,16.24,15.99,16.209999,up
2012-10-04,16.219999,16.35,16.15,16.27,up
2012-10-05,16.27,16.379999,16.09,16.09,down
2012-10-08,16.02,16.16,16.0,16.030001,down
2012-10-09,16.030001,16.049999,15.81,15.85,down
2012-10-10,15.83,15.99,15.8,15.83,down
2012-10-11,15.94,16.02,15.84,15.92,up
2012-10-12,15.9,16.02,15.86,15.88,down
2012-10-15,15.85,15.87,15.65,15.68,down
2012-10-16,15.82,15.98,15.76,15.92,up
2012-10-17,15.85,16.120001,15.83,16.09,up
2012-10-18,16.23,16.24,15.83,16.0,down
2012-10-19,16.0,16.030001,15.83,15.84,down
2012-10-22,15.81,15.95,15.74,15.77,down
2012-10-23,16.530001,16.790001,16.26,16.67,up
2012-10-24,16.780001,16.799999,16.48,16.549999,down
2012-10-25,16.719999,16.77,16.49,16.610001,up
2012-10-26,16.540001,16.82,16.52,16.790001,up
2012-10-31,16.809999,16.889999,16.6,16.84,up
2012-11-01,16.9,17.049999,16.860001,16.950001,up
2012-11-02,17.0,17.139999,16.950001,17.110001,up
2012-11-05,17.1,17.43,17.01,17.370001,up
2012-11-06,17.440001,17.530001,17.32,17.459999,up
2012-11-07,17.24,17.559999,17.18,17.389999,down
2012-11-08,17.299999,17.5,17.23,17.24,down
2012-11-09,17.219999,17.52,17.18,17.26,up
2012-11-12,17.18,17.559999,17.17,17.51,up
2012-11-13,17.42,17.85,17.379999,17.85,up
2012-11-14,17.9,18.08,17.75,17.83,down
2012-11-15,17.82,18.16,17.74,17.889999,up
2012-11-16,17.91,18.02,17.76,17.860001,down
2012-11-19,18.02,18.370001,17.870001,18.360001,up
2012-11-20,18.440001,18.5,18.190001,18.24,down
2012-11-21,18.24,18.5,18.200001,18.4,up
2012-11-23,18.5,18.59,18.4,18.57,up
2012-11-26,18.879999,19.0,18.700001,18.76,up
2012-11-27,18.870001,19.16,18.799999,18.93,up
2012-11-28,18.780001,18.950001,18.530001,18.91,down
2012-11-29,18.950001,19.030001,18.85,18.870001,down
2012-11-30,18.9,18.950001,18.690001,18.77,down
2012-12-03,18.549999,18.84,18.34,18.549999,down
2012-12-04,18.639999,18.959999,18.6,18.93,up
2012-12-05,18.98,19.030001,18.77,18.889999,down
2012-12-06,18.780001,19.280001,18.77,19.200001,up
2012-12-07,19.16,19.299999,19.059999,19.200001,down
2012-12-10,19.18,19.469999,19.15,19.43,up
2012-12-11,19.530001,19.629999,19.43,19.52,up
2012-12-12,19.559999,19.6,19.34,19.379999,down
2012-12-13,19.440001,19.540001,19.26,19.35,down
2012-12-14,19.4,19.719999,19.4,19.639999,up
2012-12-17,19.719999,19.74,19.530001,19.690001,up
2012-12-18,19.719999,19.76,19.58,19.620001,down
2012-12-19,19.59,19.690001,19.58,19.6,down
2012-12-20,19.58,19.709999,19.41,19.690001,up
2012-12-21,19.49,19.49,19.23,19.35,down
2012-12-24,19.450001,19.66,19.379999,19.65,up
2012-12-26,19.700001,19.75,19.52,19.57,down
2012-12-27,19.540001,19.67,19.440001,19.6,up
2012-12-28,19.440001,19.57,19.280001,19.5,down
2012-12-31,19.43,19.969999,19.4,19.9,up
2013-01-02,20.200001,20.32,20.01,20.08,up
2013-01-03,20.049999,20.1,19.719999,19.780001,down
2013-01-04,19.76,19.950001,19.719999,19.860001,up
2013-01-07,19.559999,19.58,19.280001,19.4,down
2013-01-08,19.32,19.68,19.299999,19.66,up
2013-01-09,19.73,19.75,19.219999,19.32,down
2013-01-10,19.190001,19.379999,18.93,18.99,down
2013-01-11,19.049999,19.379999,18.889999,19.290001,up
2013-01-14,19.33,19.540001,19.25,19.43,up
2013-01-15,19.280001,19.540001,19.280001,19.52,up
2013-01-16,19.91,20.139999,19.620001,20.07,up
2013-01-17,20.139999,20.209999,20.0,20.129999,up
2013-01-18,20.07,20.17,19.969999,20.02,down
2013-01-22,19.91,19.950001,19.719999,19.9,down
2013-01-23,19.98,20.190001,19.91,20.110001,up
2013-01-24,20.08,20.52,20.07,20.440001,up
2013-01-25,20.43,20.48,20.23,20.370001,down
2013-01-28,20.5,20.5,20.200001,20.309999,down
2013-01-29,20.870001,20.879999,19.68,19.700001,down
2013-01-30,19.92,20.120001,19.690001,20.120001,up
2013-01-31,19.92,19.99,19.57,19.629999,down
2013-02-01,19.77,19.83,19.58,19.76,up
2013-02-04,19.76,19.809999,19.309999,19.34,down
2013-02-05,19.49,19.780001,19.42,19.66,up
2013-02-06,19.629999,19.9,19.59,19.85,up
2013-02-07,20.1,20.43,19.93,20.32,up
2013-02-08,20.379999,20.610001,20.299999,20.5,up
2013-02-11,20.440001,20.98,20.389999,20.9,up
2013-02-12,20.940001,21.4,20.889999,21.209999,up
2013-02-13,21.15,21.43,21.07,21.15,down
2013-02-14,21.1,21.26,21.059999,21.18,up
2013-02-15,21.15,21.25,20.9,21.02,down
2013-02-19,21.030001,21.41,20.969999,21.290001,up
2013-02-20,21.309999,21.450001,20.9,20.92,down
2013-02-21,20.92,21.0,20.74,20.83,down
2013-02-22,20.870001,21.309999,20.85,21.219999,up
2013-02-25,21.26,21.32,20.719999,20.73,down
2013-02-26,20.68,20.85,20.58,20.76,up
2013-02-27,20.809999,21.309999,20.690001,21.16,up
2013-02-28,21.059999,21.57,21.049999,21.309999,up
2013-03-01,21.360001,22.280001,21.26,21.940001,up
2013-03-04,22.370001,22.74,22.200001,22.700001,up
2013-03-05,22.91,23.08,22.610001,22.950001,up
2013-03-06,23.08,23.09,22.709999,22.799999,down
2013-03-07,22.92,23.0,22.65,22.700001,down
2013-03-08,22.92,22.959999,22.709999,22.9,up
2013-03-11,22.799999,23.0,22.57,22.6,down
2013-03-12,22.51,22.58,22.190001,22.4,down
2013-03-13,22.48,22.48,22.16,22.34,down
2013-03-14,22.469999,22.75,22.41,22.43,up
2013-03-15,22.34,22.389999,21.969999,22.07,down
2013-03-18,21.9,22.17,21.870001,22.01,down
2013-03-19,22.059999,22.33,21.889999,22.17,up
2013-03-20,22.030001,22.33,21.950001,22.1,down
2013-03-21,22.389999,22.950001,22.360001,22.860001,up
2013-03-22,22.879999,23.26,22.719999,23.26,up
2013-03-25,23.41,23.879999,23.309999,23.379999,up
2013-03-26,23.459999,23.620001,23.35,23.59,up
2013-03-27,23.540001,23.83,23.41,23.59,down
2013-03-28,23.629999,23.77,23.450001,23.530001,down
2013-04-01,23.309999,23.620001,23.190001,23.5,down
2013-04-02,23.77,23.9,23.6,23.780001,up
2013-04-03,23.780001,23.879999,23.24,23.379999,down
2013-04-04,23.49,23.719999,23.360001,23.52,up
2013-04-05,23.18,23.41,23.01,23.299999,down
2013-04-08,23.24,23.48,23.129999,23.48,up
2013-04-09,23.559999,24.0,23.440001,23.83,up
2013-04-10,24.0,24.32,23.950001,24.200001,up
2013-04-11,24.41,24.57,24.309999,24.49,up
2013-04-12,24.58,24.799999,24.34,24.690001,up
2013-04-15,24.719999,24.99,23.83,23.98,down
2013-04-16,24.059999,24.26,23.76,23.790001,down
2013-04-17,23.450001,24.1,23.129999,23.700001,down
2013-04-18,23.66,23.700001,22.700001,23.26,down
2013-04-19,23.120001,23.629999,22.83,23.469999,up
2013-04-22,23.709999,23.959999,23.469999,23.950001,up
2013-04-23,23.959999,24.450001,23.959999,24.379999,up
2013-04-24,24.450001,24.969999,24.440001,24.75,up
2013-04-25,24.93,25.290001,24.879999,25.200001,up
2013-04-26,25.139999,25.370001,24.58,24.68,down
2013-04-29,24.85,24.91,24.35,24.43,down
2013-04-30,24.379999,24.790001,24.360001,24.73,up
2013-05-01,24.67,24.719999,24.26,24.299999,down
2013-05-02,24.34,24.969999,24.18,24.969999,up
2013-05-03,25.129999,25.25,24.99,25.07,up
2013-05-06,25.049999,25.34,24.92,25.17,up
2013-05-07,26.01,26.790001,25.549999,26.07,up
2013-05-08,26.17,26.66,25.959999,26.41,up
2013-05-09,26.41,26.49,26.139999,26.24,down
2013-05-10,26.32,26.860001,26.309999,26.83,up
2013-05-13,26.76,26.83,26.360001,26.389999,down
2013-05-14,26.75,26.870001,26.52,26.639999,up
2013-05-15,26.629999,27.68,26.549999,27.34,up
2013-05-16,27.43,27.43,26.57,26.58,down
2013-05-17,26.780001,26.98,26.459999,26.52,down
2013-05-20,26.68,27.049999,26.209999,26.58,up
2013-05-21,26.9,27.129999,26.719999,27.0,up
2013-05-22,27.07,27.190001,26.440001,26.540001,down
2013-05-23,25.950001,26.27,25.700001,26.02,down
2013-05-24,25.9,26.48,25.65,26.33,up
2013-05-28,26.65,26.77,25.98,26.07,down
2013-05-29,25.9,26.040001,25.32,25.809999,down
2013-05-30,25.83,26.5,25.799999,26.33,up
2013-05-31,26.200001,26.6,26.09,26.299999,down
2013-06-03,26.370001,26.620001,26.129999,26.389999,up
2013-06-04,26.459999,26.57,25.969999,26.26,down
2013-06-05,26.110001,26.25,25.690001,25.75,down
2013-06-06,25.879999,26.209999,25.66,26.209999,up
2013-06-07,26.389999,27.09,26.280001,27.040001,up
2013-06-10,27.040001,27.120001,26.700001,26.74,down
2013-06-11,26.43,26.879999,26.32,26.4,down
2013-06-12,26.5,26.530001,25.889999,25.889999,down
2013-06-13,25.790001,26.459999,25.709999,26.370001,up
2013-06-14,26.32,26.549999,26.16,26.280001,down
2013-06-17,26.290001,26.85,26.24,26.540001,up
2013-06-18,26.57,26.889999,26.51,26.66,up
2013-06-19,26.6,26.780001,26.23,26.24,down
2013-06-20,26.030001,26.049999,25.23,25.35,down
2013-06-21,25.290001,25.43,24.940001,25.190001,down
2013-06-24,24.98,25.09,23.82,24.07,down
2013-06-25,24.290001,25.01,24.23,24.959999,up
2013-06-26,25.219999,25.68,25.01,25.290001,up
2013-06-27,25.469999,25.98,25.440001,25.469999,up
2013-06-28,25.43,25.540001,24.889999,25.129999,down
2013-07-01,25.26,25.540001,25.18,25.24,up
2013-07-02,25.27,25.5,24.9,24.99,down
2013-07-03,24.84,25.639999,24.82,25.59,up
2013-07-05,25.85,26.26,25.52,25.68,up
2013-07-08,25.719999,25.99,25.49,25.530001,down
2013-07-09,25.74,26.700001,25.74,26.68,up
2013-07-10,26.879999,27.07,26.190001,26.559999,down
2013-07-11,26.950001,27.190001,26.940001,27.040001,up
2013-07-12,27.08,27.440001,27.01,27.23,up
2013-07-15,27.469999,27.469999,27.059999,27.34,up
2013-07-16,27.299999,27.450001,26.73,26.879999,down
2013-07-17,27.66,29.73,27.52,29.66,up
2013-07-18,29.57,29.83,28.73,29.66,down
2013-07-19,29.41,29.719999,29.040001,29.110001,down
2013-07-22,28.08,28.42,27.629999,27.860001,down
2013-07-23,28.030001,28.040001,27.209999,27.360001,down
2013-07-24,27.540001,27.92,27.23,27.84,up
2013-07-25,27.73,28.459999,27.65,28.27,up
2013-07-26,28.0,28.34,27.74,28.110001,down
2013-07-29,27.950001,28.33,27.799999,27.93,down
2013-07-30,28.09,28.23,27.860001,28.049999,up
2013-07-31,27.92,28.209999,27.57,28.09,up
2013-08-01,28.35,28.450001,27.91,27.959999,down
2013-08-02,28.07,28.09,27.549999,27.65,down
2013-08-05,27.709999,27.799999,27.450001,27.67,up
2013-08-06,27.67,27.75,27.15,27.32,down
2013-08-07,27.309999,27.51,27.059999,27.389999,up
2013-08-08,27.549999,27.620001,27.23,27.48,up
2013-08-09,27.41,27.700001,27.200001,27.68,up
2013-08-12,27.549999,28.370001,27.5,28.35,up
2013-08-13,28.379999,28.6,28.23,28.34,down
2013-08-14,28.190001,28.209999,28.0,28.049999,down
2013-08-15,27.83,27.83,27.120001,27.139999,down
2013-08-16,27.0,27.6,27.0,27.32,up
2013-08-19,27.27,27.440001,26.91,26.91,down
2013-08-20,26.92,27.309999,26.9,27.120001,up
2013-08-21,27.09,27.49,27.0,27.059999,down
2013-08-22,27.6,28.01,27.370001,27.9,up
2013-08-23,28.299999,28.32,27.809999,27.99,up
2013-08-26,27.99,28.040001,27.700001,27.700001,down
2013-08-27,27.24,27.459999,26.75,27.0,down
2013-08-28,26.9,27.24,26.83,27.110001,up
2013-08-29,27.030001,27.450001,27.030001,27.299999,up
2013-08-30,27.389999,27.440001,26.82,27.120001,down
2013-09-03,27.379999,27.870001,27.370001,27.780001,up
2013-09-04,27.700001,28.120001,27.6,28.07,up
2013-09-05,28.1,28.35,27.91,28.23,up
2013-09-06,28.35,28.5,27.82,28.17,down
2013-09-09,28.32,29.32,28.32,29.24,up
2013-09-10,29.43,29.629999,29.08,29.48,up
2013-09-11,29.379999,29.41,28.969999,29.190001,down
2013-09-12,29.719999,30.27,29.5,29.65,up
2013-09-13,29.469999,29.469999,28.799999,29.26,down
2013-09-16,29.639999,30.040001,29.51,29.620001,up
2013-09-17,29.639999,30.0,29.309999,30.0,up
2013-09-18,30.01,30.459999,29.85,30.440001,up
2013-09-19,30.530001,31.049999,30.34,31.030001,up
2013-09-20,31.049999,31.1,30.76,30.93,down
2013-09-23,31.030001,31.030001,30.02,30.26,down
2013-09-24,30.549999,31.66,30.540001,31.27,up
2013-09-25,31.4,32.029999,31.120001,31.34,up
2013-09-26,31.65,33.0,31.58,32.75,up
2013-09-27,33.330002,33.849998,32.759998,33.549999,up
2013-09-30,33.040001,33.75,32.68,33.169998,down
2013-10-01,33.360001,34.439999,33.299999,34.310001,up
2013-10-02,34.150002,34.700001,33.900002,34.139999,down
2013-10-03,34.32,34.360001,33.200001,33.880001,down
2013-10-04,33.959999,35.060001,33.959999,34.889999,up
2013-10-07,34.459999,34.689999,34.080002,34.139999,down
2013-10-08,34.459999,34.5,32.099998,32.93,down
2013-10-09,33.07,33.330002,31.790001,33.009998,up
2013-10-10,33.490002,33.91,33.330002,33.869999,up
2013-10-11,33.669998,34.369999,33.610001,34.150002,up
2013-10-14,33.799999,34.099998,33.68,34.0,down
2013-10-15,34.200001,34.32,33.060001,33.380001,down
2013-10-16,33.900002,34.110001,32.830002,33.09,down
2013-10-17,32.880001,33.009998,32.310001,32.740002,down
2013-10-18,33.169998,33.75,33.110001,33.43,up
2013-10-21,33.650002,34.349998,33.650002,34.060001,up
2013-10-22,34.240002,34.599998,33.580002,33.939999,down
2013-10-23,33.759998,33.84,33.02,33.099998,down
2013-10-24,33.16,33.310001,32.810001,33.080002,down
2013-10-25,32.310001,32.950001,32.0,32.25,down
2013-10-28,32.09,32.700001,31.700001,32.349998,up
2013-10-29,33.07,34.0,32.82,33.169998,up
2013-10-30,33.330002,33.48,32.380001,32.57,down
2013-10-31,32.43,33.119999,32.279999,32.939999,up
2013-11-01,33.150002,33.349998,33.0,33.18,up
2013-11-04,33.200001,33.66,33.009998,33.189999,up
2013-11-05,33.029999,33.080002,32.549999,32.970001,down
2013-11-06,33.07,33.299999,32.709999,32.880001,down
2013-11-07,32.990002,33.049999,32.060001,32.110001,down
2013-11-08,32.23,33.119999,32.200001,33.119999,up
2013-11-11,33.57,33.990002,33.25,33.82,up
2013-11-12,34.0,34.52,33.880001,34.07,up
2013-11-13,33.82,35.119999,33.630001,35.099998,up
2013-11-14,35.07,35.889999,34.759998,35.689999,up
2013-11-15,35.799999,35.939999,35.299999,35.470001,down
2013-11-18,35.650002,36.189999,34.509998,34.98,down
2013-11-19,35.029999,35.169998,34.509998,34.630001,down
2013-11-20,35.43,36.220001,35.220001,35.619999,up
2013-11-21,36.23,36.66,36.220001,36.299999,up
2013-11-22,36.189999,36.630001,35.959999,36.490002,up
2013-11-25,36.779999,36.849998,35.959999,36.290001,down
2013-11-26,36.32,36.75,36.110001,36.639999,up
2013-11-27,36.700001,37.119999,36.509998,36.959999,up
2013-11-29,36.91,37.349998,36.900002,36.98,up
2013-12-02,37.040001,37.150002,36.68,37.009998,up
2013-12-03,36.77,37.07,36.34,36.560001,down
2013-12-04,36.470001,38.150002,36.25,38.130001,up
2013-12-05,38.240002,39.310001,38.049999,38.869999,up
2013-12-06,39.240002,39.279999,38.529999,38.860001,down
2013-12-09,39.130001,39.200001,38.57,38.869999,up
2013-12-10,38.919998,40.25,38.919998,40.220001,up
2013-12-11,39.900002,40.16,38.919998,39.16,down
2013-12-12,39.02,40.0,39.0,39.349998,up
2013-12-13,39.610001,40.200001,39.560001,39.73,up
2013-12-16,39.970001,40.27,39.599998,39.73,down
2013-12-17,39.990002,40.0,39.400002,39.509998,down
2013-12-18,39.529999,40.040001,38.82,40.040001,up
2013-12-19,40.040001,40.380001,39.91,40.200001,up
2013-12-20,40.389999,40.599998,40.110001,40.119999,down
2013-12-23,40.25,40.799999,40.130001,40.77,up
2013-12-24,40.91,40.950001,40.66,40.849998,up
2013-12-26,41.0,41.049999,40.220001,40.650002,down
2013-12-27,40.720001,40.75,40.32,40.490002,down
2013-12-30,40.459999,40.580002,39.849998,40.200001,down
2013-12-31,40.169998,40.5,40.0,40.439999,up
2014-01-02,40.369999,40.490002,39.310001,39.59,down
2014-01-03,40.16,40.439999,39.82,40.119999,up
2014-01-06,40.049999,40.32,39.75,39.93,down
2014-01-07,40.080002,41.200001,40.080002,40.919998,up
2014-01-08,41.290001,41.720001,41.02,41.02,up
2014-01-09,41.330002,41.349998,40.610001,40.919998,down
2014-01-10,40.950001,41.349998,40.82,41.23,up
2014-01-13,41.16,41.220001,39.799999,39.990002,down
2014-01-14,40.209999,41.139999,40.040001,41.139999,up
2014-01-15,41.060001,41.310001,40.759998,41.07,down
2014-01-16,40.43,40.75,40.110001,40.34,down
2014-01-17,40.119999,40.439999,39.470001,40.009998,down
2014-01-21,39.98,40.049999,38.860001,39.52,down
2014-01-22,39.66,40.400002,39.32,40.18,up
2014-01-23,39.310001,39.77,39.139999,39.389999,down
2014-01-24,38.669998,38.98,37.619999,37.91,down
2014-01-27,37.599998,37.939999,36.619999,36.650002,down
2014-01-28,36.830002,38.32,36.52,38.220001,up
2014-01-29,35.77,36.310001,34.82,34.889999,down
2014-01-30,34.889999,35.810001,34.450001,35.310001,up
2014-01-31,34.689999,36.330002,34.549999,36.009998,up
2014-02-03,35.939999,36.009998,34.66,34.900002,down
2014-02-04,35.110001,35.860001,34.860001,35.66,up
2014-02-05,35.599998,35.939999,34.990002,35.490002,down
2014-02-06,35.650002,36.75,35.610001,36.240002,up
2014-02-07,36.650002,37.27,36.240002,37.23,up
2014-02-10,38.0,38.130001,37.25,37.759998,up
2014-02-11,38.150002,38.860001,38.09,38.5,up
2014-02-12,38.599998,38.91,38.029999,38.110001,down
2014-02-13,37.919998,38.689999,37.790001,38.52,up
2014-02-14,38.43,38.450001,38.110001,38.23,down
2014-02-18,38.310001,38.59,38.09,38.310001,up
2014-02-19,38.060001,38.330002,37.68,37.810001,down
2014-02-20,37.830002,38.040001,37.299999,37.790001,down
2014-02-21,37.900002,37.959999,37.220001,37.290001,down
2014-02-24,37.23,37.709999,36.82,37.419998,up
2014-02-25,37.48,37.580002,37.02,37.259998,down
2014-02-26,37.349998,38.099998,37.34,37.619999,up
2014-02-27,37.799999,38.48,37.740002,38.470001,up
2014-02-28,38.549999,39.380001,38.220001,38.669998,up
2014-03-03,37.650002,38.66,37.43,38.25,down
2014-03-04,38.759998,39.790001,38.68,39.630001,up
2014-03-05,39.830002,40.150002,39.189999,39.5,down
2014-03-06,39.599998,39.98,39.5,39.66,up
2014-03-07,39.709999,39.91,38.450001,38.700001,down
2014-03-10,38.630001,38.779999,37.91,38.049999,down
2014-03-11,38.25,38.299999,37.43,37.560001,down
2014-03-12,37.209999,37.610001,36.48,37.5,down
2014-03-13,38.049999,38.419998,36.810001,37.23,down
2014-03-14,36.689999,38.189999,36.450001,37.599998,up
2014-03-17,39.0,39.360001,38.610001,39.110001,up
2014-03-18,39.0,39.509998,38.799999,39.450001,up
2014-03-19,39.66,39.939999,38.509998,38.610001,down
2014-03-20,38.369999,38.470001,37.419998,37.77,down
2014-03-21,38.099998,38.27,37.73,37.939999,up
2014-03-24,38.0,38.040001,36.279999,36.68,down
2014-03-25,37.0,37.07,35.860001,35.93,down
2014-03-26,36.240002,36.740002,35.450001,35.450001,down
2014-03-27,35.5,36.150002,35.049999,35.59,up
2014-03-28,35.77,36.73,35.529999,35.900002,up
2014-03-31,36.459999,36.580002,35.73,35.900002,down
2014-04-01,36.16,36.860001,36.150002,36.490002,up
2014-04-02,36.68,36.860001,36.560001,36.639999,up
2014-04-03,36.66,36.790001,35.509998,35.759998,down
2014-04-04,36.009998,36.049999,33.830002,34.259998,down
2014-04-07,34.110001,34.369999,32.529999,33.07,down
2014-04-08,33.099998,34.43,33.02,33.830002,up
2014-04-09,34.189999,35.0,33.950001,34.869999,up
2014-04-10,34.880001,34.98,33.09,33.400002,down
2014-04-11,32.639999,33.48,32.150002,32.869999,down
2014-04-14,33.549999,34.040001,33.040001,33.450001,up
2014-04-15,33.93,34.279999,32.639999,34.209999,up
2014-04-16,36.98,37.299999,35.810001,36.349998,up
2014-04-17,36.290001,36.599998,35.549999,36.380001,up
2014-04-21,36.599998,36.650002,35.889999,36.400002,up
2014-04-22,36.709999,36.849998,36.110001,36.139999,down
2014-04-23,36.080002,36.189999,35.400002,35.439999,down
2014-04-24,35.82,35.82,34.77,35.240002,down
2014-04-25,35.029999,35.099998,34.290001,34.48,down
2014-04-28,34.669998,35.0,33.650002,33.990002,down
2014-04-29,34.369999,35.889999,34.119999,35.830002,up
2014-04-30,35.889999,36.439999,35.25,35.950001,up
2014-05-01,36.259998,36.689999,36.0,36.509998,up
2014-05-02,36.59,37.119999,36.209999,36.869999,up
2014-05-05,36.68,37.049999,36.299999,36.91,up
2014-05-06,36.939999,37.169998,36.48,36.490002,down
2014-05-07,35.990002,35.990002,33.669998,34.07,down
2014-05-08,33.880001,34.57,33.610001,33.919998,down
2014-05-09,34.009998,34.099998,33.41,33.759998,down
2014-05-12,33.990002,34.599998,33.869999,34.450001,up
2014-05-13,34.43,34.689999,34.169998,34.400002,down
2014-05-14,34.48,34.650002,33.98,34.169998,down
2014-05-15,34.18,34.189999,33.400002,33.799999,down
2014-05-16,33.66,33.66,33.099998,33.41,down
2014-05-19,33.41,33.990002,33.279999,33.889999,up
2014-05-20,33.990002,34.470001,33.669998,33.869999,down
2014-05-21,34.0,34.389999,33.889999,34.360001,up
2014-05-22,34.599998,34.860001,34.259998,34.700001,up
2014-05-23,34.849998,35.080002,34.509998,35.02,up
2014-05-27,35.0,35.130001,34.73,35.119999,up
2014-05-28,35.150002,35.169998,34.419998,34.779999,down
2014-05-29,34.900002,35.099998,34.669998,34.900002,up
2014-05-30,34.919998,34.93,34.130001,34.650002,down
2014-06-02,34.689999,34.950001,34.279999,34.869999,up
2014-06-03,34.799999,34.970001,34.580002,34.650002,down
2014-06-04,34.48,34.830002,34.259998,34.73,up
2014-06-05,34.790001,34.990002,34.360001,34.939999,up
2014-06-06,35.060001,36.080002,35.049999,35.919998,up
2014-06-09,35.860001,36.32,35.540001,36.040001,up
2014-06-10,35.869999,36.52,35.860001,36.310001,up
2014-06-11,36.25,36.84,36.110001,36.630001,up
2014-06-12,36.5,36.790001,36.34,36.779999,up
2014-06-13,36.880001,37.060001,36.639999,36.939999,up
2014-06-16,35.0,35.490002,34.77,34.810001,down
2014-06-17,34.799999,34.939999,34.299999,34.43,down
2014-06-18,34.669998,35.009998,34.259998,34.939999,up
2014-06-19,35.139999,35.200001,34.52,34.68,down
2014-06-20,34.810001,34.810001,33.970001,34.049999,down
2014-06-23,34.130001,34.220001,33.369999,33.639999,down
2014-06-24,33.790001,33.990002,33.349998,33.48,down
2014-06-25,33.380001,33.650002,33.099998,33.25,down
2014-06-26,33.25,33.75,33.02,33.66,up
2014-06-27,33.849998,34.549999,33.700001,34.25,up
2014-06-30,34.93,35.259998,34.849998,35.130001,up
2014-07-01,35.5,35.700001,35.209999,35.349998,up
2014-07-02,35.619999,35.91,35.400002,35.880001,up
2014-07-03,36.07,36.150002,35.900002,36.139999,up
2014-07-07,36.150002,36.23,35.48,35.52,down
2014-07-08,35.639999,35.66,34.279999,34.529999,down
2014-07-09,34.68,35.07,34.68,34.849998,up
2014-07-10,34.330002,34.970001,34.099998,34.93,up
2014-07-11,34.950001,35.560001,34.779999,35.43,up
2014-07-14,35.799999,35.950001,35.450001,35.700001,up
2014-07-15,35.720001,35.939999,35.200001,35.610001,down
2014-07-16,34.419998,34.450001,33.720001,33.790001,down
2014-07-17,33.82,33.900002,32.98,33.209999,down
2014-07-18,33.18,33.349998,32.93,33.330002,up
2014-07-21,33.349998,33.639999,33.16,33.279999,down
2014-07-22,33.48,33.84,33.400002,33.599998,up
2014-07-23,33.779999,34.919998,33.68,34.709999,up
2014-07-24,35.09,36.549999,35.040001,36.169998,up
2014-07-25,36.0,36.330002,35.75,36.119999,down
2014-07-28,36.23,36.23,35.509998,35.900002,down
2014-07-29,35.91,36.16,35.669998,35.68,down
2014-07-30,35.939999,36.990002,35.799999,36.599998,up
2014-07-31,36.259998,36.490002,35.68,35.810001,down
2014-08-01,35.689999,36.080002,35.310001,35.619999,down
2014-08-04,35.709999,36.66,35.650002,36.529999,up
2014-08-05,36.32,36.419998,35.619999,35.700001,down
2014-08-06,35.580002,35.939999,35.439999,35.790001,up
2014-08-07,36.0,36.0,35.529999,35.66,down
2014-08-08,35.73,35.959999,35.400002,35.91,up
2014-08-11,36.099998,36.150002,35.75,35.790001,down
2014-08-12,35.799999,35.990002,35.150002,35.52,down
2014-08-13,35.959999,36.450001,35.77,36.189999,up
2014-08-14,36.32,36.419998,36.169998,36.360001,up
2014-08-15,36.200001,36.57,36.119999,36.470001,up
2014-08-18,36.77,37.77,36.75,37.380001,up
2014-08-19,37.560001,37.939999,37.5,37.830002,up
2014-08-20,37.610001,37.75,37.310001,37.5,down
2014-08-21,37.650002,37.75,37.310001,37.639999,up
2014-08-22,37.700001,38.200001,37.639999,38.009998,up
2014-08-25,38.139999,38.220001,37.540001,37.709999,down
2014-08-26,37.759998,37.919998,37.560001,37.790001,up
2014-08-27,38.299999,38.720001,37.830002,38.18,up
2014-08-28,38.09,38.57,37.900002,38.310001,up
2014-08-29,38.57,38.669998,38.200001,38.509998,up
2014-09-02,38.900002,39.299999,38.790001,39.27,up
2014-09-03,39.490002,39.599998,38.689999,38.869999,down
2014-09-04,39.139999,39.34,38.959999,39.189999,up
2014-09-05,39.049999,39.799999,39.049999,39.59,up
2014-09-08,40.34,41.82,40.259998,41.810001,up
2014-09-09,42.009998,42.060001,40.599998,40.779999,down
2014-09-10,41.049999,41.23,40.330002,41.139999,up
2014-09-11,41.02,41.560001,40.93,41.259998,up
2014-09-12,41.73,43.200001,41.5,42.880001,up
2014-09-15,43.98,44.009998,42.139999,42.549999,down
2014-09-16,42.610001,42.959999,41.689999,42.709999,up
2014-09-17,42.369999,42.959999,42.299999,42.59,down
2014-09-18,43.049999,43.32,41.419998,42.09,down
2014-09-19,42.439999,43.189999,39.549999,40.93,down
2014-09-22,39.77,40.040001,38.220001,38.650002,down
2014-09-23,38.150002,39.27,37.900002,39.049999,up
2014-09-24,39.259998,40.099998,38.91,39.880001,up
2014-09-25,39.560001,39.799999,38.82,38.950001,down
2014-09-26,39.009998,40.799999,39.0,40.66,up
2014-09-29,40.41,41.09,40.16,40.52,down
2014-09-30,40.580002,41.23,40.439999,40.75,up
2014-10-01,40.66,41.240002,40.110001,40.32,down
2014-10-02,40.240002,40.639999,39.689999,40.5,up
2014-10-03,40.790001,41.689999,40.650002,41.029999,up
2014-10-06,41.200001,41.73,41.040001,41.52,up
2014-10-07,41.060001,41.290001,40.779999,40.93,down
2014-10-08,41.0,41.290001,40.099998,41.080002,up
2014-10-09,40.900002,41.25,40.419998,41.099998,up
2014-10-10,40.73,41.07,39.59,39.599998,down
2014-10-13,39.52,40.07,38.290001,38.380001,down
2014-10-14,38.66,39.0,37.709999,37.970001,down
2014-10-15,37.27,38.080002,36.200001,37.82,down
2014-10-16,36.950001,38.5,36.919998,38.119999,up
2014-10-17,38.740002,38.98,38.310001,38.450001,up
2014-10-20,38.470001,39.400002,38.25,39.279999,up
2014-10-21,39.650002,40.48,39.459999,40.18,up
2014-10-22,42.419998,42.880001,41.77,42.0,up
2014-10-23,42.400002,42.830002,42.259998,42.599998,up
2014-10-24,42.529999,43.650002,42.400002,43.5,up
2014-10-27,43.310001,44.82,43.290001,44.700001,up
2014-10-28,45.009998,46.150002,44.880001,45.869999,up
2014-10-29,45.939999,45.98,45.130001,45.43,down
2014-10-30,45.209999,45.84,45.130001,45.630001,up
2014-10-31,46.16,46.52,45.669998,46.049999,up
2014-11-03,46.049999,46.720001,45.939999,46.34,up
2014-11-04,45.990002,47.130001,45.740002,47.080002,up
2014-11-05,47.619999,48.279999,47.32,47.459999,up
2014-11-06,47.369999,47.98,46.599998,47.93,up
2014-11-07,47.900002,48.669998,47.860001,48.549999,up
2014-11-10,48.799999,49.630001,48.790001,49.41,up
2014-11-11,48.57,49.18,48.099998,49.049999,down
2014-11-12,49.330002,50.630001,49.220001,50.599998,up
2014-11-13,50.959999,51.169998,49.950001,50.5,down
2014-11-14,50.52,51.950001,50.470001,51.75,up
2014-11-17,51.830002,52.419998,50.939999,52.369999,up
2014-11-18,52.279999,52.619999,51.34,51.75,down
2014-11-19,51.240002,51.369999,50.0,50.580002,down
2014-11-20,50.599998,52.23,50.27,51.25,up
2014-11-21,51.990002,52.25,50.990002,51.040001,down
2014-11-24,51.25,51.830002,51.07,51.830002,up
2014-11-25,51.98,52.189999,51.599998,51.720001,down
2014-11-26,51.560001,52.259998,51.52,51.93,up
2014-11-28,51.869999,52.0,51.639999,51.740002,down
2014-12-01,51.43,51.43,49.66,50.099998,down
2014-12-02,50.27,51.119999,50.009998,50.669998,up
2014-12-03,50.709999,50.970001,50.200001,50.279999,down
2014-12-04,50.189999,50.669998,49.900002,50.41,up
2014-12-05,51.029999,51.25,50.509998,50.990002,up
2014-12-08,50.52,50.900002,49.220001,49.619999,down
2014-12-09,48.75,50.529999,48.290001,50.509998,up
2014-12-10,50.330002,50.689999,49.189999,49.209999,down
2014-12-11,49.540001,50.580002,49.43,49.939999,up
2014-12-12,49.540001,51.169998,49.48,50.240002,up
2014-12-15,50.419998,50.919998,49.5,49.82,down
2014-12-16,49.5,50.080002,48.810001,48.849998,down
2014-12-17,49.02,50.25,48.900002,50.119999,up
2014-12-18,50.93,51.150002,50.439999,50.91,up
2014-12-19,51.060001,51.470001,50.830002,50.880001,down
2014-12-22,50.990002,51.599998,50.950001,51.150002,up
2014-12-23,51.459999,51.459999,49.93,50.02,down
2014-12-24,50.189999,50.919998,50.189999,50.650002,up
2014-12-26,50.650002,51.060001,50.610001,50.860001,up
2014-12-29,50.669998,51.009998,50.509998,50.529999,down
2014-12-30,50.349998,51.27,50.349998,51.220001,up
2014-12-31,51.540001,51.68,50.459999,50.509998,down
2015-01-02,50.66,50.779999,49.470001,50.169998,down
2015-01-05,49.709999,49.880001,48.91,49.130001,down
2015-01-06,49.200001,49.880001,48.330002,49.209999,up
2015-01-07,49.619999,49.639999,48.509998,48.59,down
2015-01-08,48.990002,50.23,48.720001,50.23,up
2015-01-09,50.279999,50.41,49.619999,49.720001,down
2015-01-12,49.919998,49.93,48.560001,48.799999,down
2015-01-13,49.150002,49.48,47.400002,48.299999,down
2015-01-14,47.700001,48.09,47.07,47.509998,down
2015-01-15,47.540001,47.75,46.200001,46.23,down
2015-01-16,46.060001,46.59,45.849998,46.470001,up
2015-01-20,46.790001,47.889999,46.77,47.630001,up
2015-01-21,47.599998,48.380001,47.32,48.18,up
2015-01-22,48.43,49.080002,48.009998,48.889999,up
2015-01-23,48.740002,49.23,48.630001,48.950001,up
2015-01-26,49.57,49.790001,49.07,49.439999,up
2015-01-27,49.139999,49.279999,47.66,47.990002,down
2015-01-28,49.799999,50.32,46.299999,46.459999,down
2015-01-29,43.560001,43.799999,41.799999,43.73,down
2015-01-30,43.75,44.849998,43.509998,43.990002,up
2015-02-02,44.43,44.759998,43.880001,44.689999,up
2015-02-03,45.099998,45.25,44.380001,44.700001,up
2015-02-04,44.799999,44.98,43.880001,44.049999,down
2015-02-05,44.080002,44.259998,43.029999,43.549999,down
2015-02-06,43.57,43.66,42.669998,42.939999,down
2015-02-09,42.610001,43.150002,42.540001,42.57,down
2015-02-10,42.900002,43.18,42.66,43.07,up
2015-02-11,43.18,43.259998,42.759998,42.959999,down
2015-02-12,43.07,44.16,42.860001,43.93,up
2015-02-13,44.119999,44.59,44.0,44.419998,up
2015-02-17,44.369999,44.540001,43.349998,43.529999,down
2015-02-18,43.560001,43.82,43.299999,43.650002,up
2015-02-19,43.650002,44.419998,43.5,44.369999,up
2015-02-20,44.299999,44.360001,43.759998,44.110001,down
2015-02-23,43.990002,43.990002,43.419998,43.529999,down
2015-02-24,43.450001,43.52,42.91,43.380001,down
2015-02-25,43.209999,44.720001,43.209999,44.43,up
2015-02-26,44.599998,44.759998,44.259998,44.450001,up
2015-02-27,44.380001,44.57,44.049999,44.279999,down
2015-03-02,44.060001,44.43,43.700001,44.110001,down
2015-03-03,43.700001,43.950001,42.419998,42.619999,down
2015-03-04,42.080002,44.380001,41.970001,43.990002,up
2015-03-05,44.18,44.310001,43.5,44.16,up
2015-03-06,43.98,44.240002,43.400002,43.439999,down
2015-03-09,43.599998,43.93,42.669998,42.98,down
2015-03-10,42.57,42.919998,42.18,42.68,down
2015-03-11,42.77,42.990002,42.360001,42.5,down
2015-03-12,42.700001,43.360001,42.580002,42.950001,up
2015-03-13,42.84,42.98,42.439999,42.869999,down
2015-03-16,42.93,43.880001,42.75,43.509998,up
2015-03-17,43.540001,44.16,43.459999,43.790001,up
2015-03-18,43.580002,44.709999,43.43,44.669998,up
2015-03-19,44.900002,45.450001,44.810001,44.98,up
2015-03-20,45.369999,45.580002,44.91,45.040001,up
2015-03-23,45.25,45.540001,44.709999,44.720001,down
2015-03-24,44.639999,44.779999,44.279999,44.419998,down
2015-03-25,44.59,44.93,44.130001,44.200001,down
2015-03-26,43.779999,44.669998,43.68,44.470001,up
2015-03-27,45.200001,45.669998,45.009998,45.099998,up
2015-03-30,45.360001,45.419998,44.82,44.950001,down
2015-03-31,44.82,45.200001,44.419998,44.439999,down
2015-04-01,44.450001,44.599998,43.950001,44.130001,down
2015-04-02,44.240002,44.360001,43.68,44.150002,up
2015-04-06,43.82,44.029999,43.610001,43.669998,down
2015-04-07,43.790001,44.220001,43.560001,43.610001,down
2015-04-08,43.860001,45.189999,43.799999,45.169998,up
2015-04-09,45.700001,46.169998,45.16,45.630001,up
2015-04-10,45.790001,45.790001,45.0,45.18,down
2015-04-13,45.25,45.59,44.720001,44.77,down
2015-04-14,44.82,45.639999,44.790001,45.529999,up
2015-04-15,45.459999,45.830002,45.23,45.73,up
2015-04-16,45.82,46.130001,45.529999,45.779999,up
2015-04-17,45.299999,45.439999,44.25,44.450001,down
2015-04-20,44.73,44.91,44.41,44.66,up
2015-04-21,45.150002,45.18,44.450001,44.490002,down
2015-04-22,44.580002,44.849998,43.669998,43.98,down
2015-04-23,43.919998,44.060001,43.580002,43.700001,down
2015-04-24,43.73,44.709999,43.689999,44.52,up
2015-04-27,44.650002,45.099998,44.25,44.360001,down
2015-04-28,44.34,44.57,43.939999,44.34,down
2015-04-29,43.880001,44.049999,43.09,43.279999,down
2015-04-30,43.119999,43.310001,42.259998,42.57,down
2015-05-01,42.549999,42.68,42.09,42.509998,down
2015-05-04,42.5,42.549999,41.830002,42.040001,down
2015-05-05,41.860001,42.0,40.810001,41.299999,down
2015-05-06,41.310001,41.73,41.209999,41.66,up
2015-05-07,44.93,44.98,43.549999,43.869999,up
2015-05-08,44.34,44.549999,44.0,44.09,up
2015-05-11,43.82,44.139999,43.59,43.599998,down
2015-05-12,44.299999,44.310001,43.689999,43.84,up
2015-05-13,44.029999,44.669998,43.98,44.400002,up
2015-05-14,44.529999,44.990002,44.450001,44.950001,up
2015-05-15,45.0,45.07,44.689999,44.75,down
2015-05-18,44.52,44.57,44.040001,44.360001,down
2015-05-19,44.380001,44.66,39.119999,40.98,down
2015-05-20,42.279999,43.040001,42.16,42.790001,up
2015-05-21,43.060001,43.869999,43.049999,43.68,up
2015-05-22,43.580002,44.0,43.470001,43.490002,down
2015-05-26,43.41,43.5,42.580002,42.849998,down
2015-05-27,42.599998,43.439999,42.279999,43.380001,up
2015-05-28,43.060001,43.419998,42.93,43.07,down
2015-05-29,43.450001,43.59,42.810001,42.939999,down
2015-06-01,43.049999,43.630001,42.91,43.349998,up
2015-06-02,43.18,43.619999,42.919998,43.150002,down
2015-06-03,43.299999,43.779999,42.98,43.209999,up
2015-06-04,43.09,43.439999,42.759998,42.880001,down
2015-06-05,42.830002,43.259998,42.700001,42.810001,down
2015-06-08,42.720001,42.889999,42.0,42.009998,down
2015-06-09,41.919998,41.950001,41.02,41.630001,down
2015-06-10,41.700001,42.310001,41.689999,42.060001,up
2015-06-11,42.09,42.209999,40.549999,40.939999,down
2015-06-12,40.77,41.110001,40.459999,40.529999,down
2015-06-15,40.240002,40.669998,40.209999,40.470001,down
2015-06-16,40.349998,41.400002,40.02,40.639999,up
2015-06-17,40.799999,41.52,40.779999,40.959999,up
2015-06-18,41.040001,41.27,40.790001,40.91,down
2015-06-19,40.900002,40.93,40.369999,40.509998,down
2015-06-22,40.66,40.889999,40.540001,40.73,up
2015-06-23,40.740002,40.799999,40.509998,40.650002,down
2015-06-24,40.68,41.23,40.580002,40.939999,up
2015-06-25,41.099998,41.389999,40.900002,41.07,up
2015-06-26,40.830002,40.869999,39.93,40.060001,down
2015-06-29,39.490002,39.779999,38.849998,38.91,down
2015-06-30,39.389999,39.650002,39.189999,39.290001,up
2015-07-01,39.459999,39.779999,39.150002,39.330002,up
2015-07-02,39.259998,39.639999,39.189999,39.380001,up
2015-07-06,38.759998,39.119999,38.459999,38.610001,down
2015-07-07,38.240002,38.380001,36.580002,38.23,down
2015-07-08,37.200001,37.490002,36.939999,37.23,down
2015-07-09,38.23,38.68,37.52,37.610001,up
2015-07-10,38.349998,38.419998,37.779999,37.919998,up
2015-07-13,38.25,38.799999,38.099998,38.759998,up
2015-07-14,38.650002,39.029999,38.439999,38.630001,down
2015-07-15,38.509998,38.799999,38.150002,38.380001,down
2015-07-16,38.700001,38.959999,38.599998,38.91,up
2015-07-17,39.189999,39.790001,38.93,39.68,up
2015-07-20,39.98,39.98,39.259998,39.540001,down
2015-07-21,39.610001,39.849998,39.349998,39.73,up
2015-07-22,38.57,39.630001,38.259998,39.240002,down
2015-07-23,39.299999,39.779999,39.060001,39.209999,down
2015-07-24,39.580002,39.580002,38.669998,38.849998,down
2015-07-27,38.310001,38.310001,37.650002,37.84,down
2015-07-28,37.639999,37.919998,37.27,37.720001,down
2015-07-29,37.919998,37.919998,37.380001,37.669998,down
2015-07-30,37.5,37.689999,37.299999,37.419998,down
2015-07-31,37.560001,37.57,36.619999,36.669998,down
2015-08-03,36.669998,36.98,36.369999,36.689999,up
2015-08-04,36.610001,37.209999,36.599998,37.119999,up
2015-08-05,37.32,37.709999,37.23,37.25,up
2015-08-06,37.34,37.52,36.299999,36.459999,down
2015-08-07,36.52,36.759998,36.150002,36.669998,up
2015-08-10,36.869999,37.689999,36.869999,37.150002,up
2015-08-11,36.740002,36.77,35.73,36.029999,down
2015-08-12,34.290001,34.77,33.849998,34.490002,down
2015-08-13,35.080002,36.610001,34.82,35.93,up
2015-08-14,35.82,36.349998,35.720001,36.240002,up
2015-08-17,36.240002,36.240002,35.77,36.099998,down
2015-08-18,35.779999,36.189999,35.599998,35.689999,down
2015-08-19,35.669998,35.669998,35.029999,35.189999,down
2015-08-20,34.77,34.950001,33.869999,34.099998,down
2015-08-21,33.580002,34.02,32.91,32.93,down
2015-08-24,29.02,32.279999,29.0,31.309999,down
2015-08-25,32.98,33.029999,31.540001,31.74,up
2015-08-26,32.459999,32.619999,31.110001,32.52,up
2015-08-27,33.360001,33.77,32.950001,33.689999,up
2015-08-28,33.32,33.57,32.93,33.139999,down
2015-08-31,32.91,32.990002,32.23,32.240002,down
2015-09-01,31.49,32.099998,31.23,31.6,down
2015-09-02,32.009998,32.029999,31.379999,31.77,up
2015-09-03,31.860001,32.740002,31.799999,32.540001,up
2015-09-04,32.0,32.290001,31.440001,31.58,down
2015-09-08,32.200001,32.830002,30.860001,30.9,down
2015-09-09,30.4,31.799999,30.35,31.52,up
2015-09-10,31.35,31.59,31.030001,31.15,down
2015-09-11,31.09,31.43,30.629999,31.43,up
2015-09-14,30.68,30.92,30.0,30.32,down
2015-09-15,29.719999,31.23,29.41,31.040001,up
2015-09-16,31.139999,31.77,30.99,31.4,up
2015-09-17,31.309999,31.33,30.809999,30.93,down
2015-09-18,30.51,30.799999,30.41,30.74,down
2015-09-21,31.200001,31.74,30.879999,31.17,up
2015-09-22,30.780001,30.92,30.17,30.4,down
2015-09-23,30.559999,30.57,29.629999,29.74,down
2015-09-24,29.469999,29.57,28.85,29.34,down
2015-09-25,29.66,29.709999,28.91,29.129999,down
2015-09-28,29.030001,29.219999,27.200001,27.6,down
2015-09-29,28.58,29.23,27.85,28.26,up
2015-09-30,28.65,29.110001,28.49,28.91,up
2015-10-01,28.950001,29.0,28.440001,28.91,down
2015-10-02,28.620001,30.709999,28.43,30.709999,up
2015-10-05,30.799999,31.200001,30.35,30.85,up
2015-10-06,30.790001,31.190001,30.66,30.959999,up
2015-10-07,31.309999,31.99,31.209999,31.870001,up
2015-10-08,31.790001,32.5,31.73,32.369999,up
2015-10-09,32.349998,32.689999,31.99,32.52,up
2015-10-12,32.709999,33.02,32.549999,32.860001,up
2015-10-13,32.560001,32.830002,32.32,32.34,down
2015-10-14,32.279999,32.490002,31.77,32.09,down
2015-10-15,32.419998,33.490002,32.400002,33.48,up
2015-10-16,33.639999,33.860001,33.16,33.369999,down
2015-10-19,33.259998,33.630001,33.18,33.5,up
2015-10-20,33.490002,33.59,32.77,32.830002,down
2015-10-21,32.060001,32.43,31.01,31.120001,down
2015-10-22,31.26,31.9,31.209999,31.67,up
2015-10-23,32.650002,33.360001,32.240002,33.169998,up
2015-10-26,33.130001,33.490002,33.0,33.400002,up
2015-10-27,34.970001,35.470001,33.880001,34.299999,up
2015-10-28,34.299999,35.27,34.299999,35.189999,up
2015-10-29,34.869999,35.150002,34.700001,35.049999,down
2015-10-30,35.139999,35.700001,35.049999,35.619999,up
2015-11-02,35.459999,35.48,35.07,35.27,down
2015-11-03,35.150002,35.34,34.650002,34.720001,down
2015-11-04,34.889999,35.240002,34.75,35.07,up
2015-11-05,35.02,35.299999,34.16,35.119999,up
2015-11-06,34.939999,35.200001,33.459999,34.200001,down
2015-11-09,34.07,34.080002,33.080002,33.68,down
2015-11-10,33.450001,34.130001,33.259998,33.990002,up
2015-11-11,34.209999,34.23,33.029999,33.380001,down
2015-11-12,33.200001,33.849998,33.130001,33.23,down
2015-11-13,32.779999,33.040001,32.169998,32.189999,down
2015-11-16,32.23,32.990002,32.119999,32.950001,up
2015-11-17,33.009998,33.119999,32.619999,32.860001,down
2015-11-18,32.889999,33.02,32.32,32.98,up
2015-11-19,33.209999,33.5,32.580002,32.630001,down
2015-11-20,32.860001,33.299999,32.689999,33.110001,up
2015-11-23,33.0,33.869999,32.869999,33.360001,up
2015-11-24,33.09,33.189999,32.610001,32.959999,down
2015-11-25,32.77,33.52,32.75,33.16,up
2015-11-27,32.790001,33.09,32.439999,32.939999,down
2015-11-30,33.029999,33.830002,32.849998,33.810001,up
2015-12-01,33.869999,33.889999,33.470001,33.709999,down
2015-12-02,35.0,36.389999,34.77,35.650002,up
2015-12-03,35.59,35.720001,34.099998,34.34,down
2015-12-04,34.34,35.200001,34.18,34.91,up
2015-12-07,34.759998,34.919998,34.470001,34.68,down
2015-12-08,34.240002,34.98,34.029999,34.849998,up
2015-12-09,35.799999,35.84,33.150002,34.400002,down
2015-12-10,34.490002,34.73,33.91,34.630001,up
2015-12-11,34.009998,34.150002,32.82,32.91,down
2015-12-14,32.939999,33.27,32.209999,32.59,down
2015-12-15,32.529999,33.389999,32.5,33.029999,up
2015-12-16,33.150002,33.880001,32.91,33.779999,up
2015-12-17,33.810001,34.080002,33.110001,33.23,down
2015-12-18,33.099998,33.630001,32.869999,32.950001,down
2015-12-21,33.119999,33.299999,32.689999,32.970001,up
2015-12-22,32.990002,34.209999,32.970001,34.189999,up
2015-12-23,34.240002,34.580002,33.990002,34.450001,up
2015-12-24,34.189999,34.740002,34.099998,34.110001,down
2015-12-28,33.900002,33.91,33.349998,33.599998,down
2015-12-29,33.630001,34.169998,33.599998,34.040001,up
2015-12-30,33.849998,34.040001,33.349998,33.369999,down
2015-12-31,33.220001,33.689999,33.18,33.259998,down
2016-01-04,32.119999,32.349998,31.139999,31.4,down
2016-01-05,31.549999,32.330002,31.530001,32.200001,up
2016-01-06,31.67,32.459999,31.6,32.16,down
2016-01-07,30.969999,31.190001,30.02,30.16,down
2016-01-08,30.51,31.540001,30.0,30.629999,up
2016-01-11,30.65,30.75,29.74,30.17,down
2016-01-12,30.58,30.969999,30.209999,30.690001,up
2016-01-13,30.889999,31.17,29.33,29.440001,down
2016-01-14,29.690001,30.57,28.709999,30.32,up
2016-01-15,29.280001,29.77,28.59,29.139999,down
2016-01-19,29.84,30.0,29.309999,29.74,up
2016-01-20,28.98,29.110001,27.440001,28.780001,down
2016-01-21,28.75,29.799999,28.190001,29.309999,up
2016-01-22,29.969999,30.52,29.309999,29.75,up
2016-01-25,29.959999,30.389999,29.66,29.780001,up
2016-01-26,29.76,30.190001,29.620001,29.98,up
2016-01-27,29.9,30.530001,29.450001,29.690001,down
2016-01-28,30.59,30.629999,28.6,28.75,down
2016-01-29,29.1,29.51,28.51,29.51,up
2016-02-01,29.27,29.790001,28.790001,29.57,up
2016-02-02,29.32,30.23,28.129999,29.059999,down
2016-02-03,28.450001,28.610001,26.57,27.68,down
2016-02-04,27.91,29.23,27.709999,29.15,up
2016-02-05,29.059999,29.139999,27.73,27.969999,down
2016-02-08,27.610001,27.969999,26.48,27.049999,down
2016-02-09,26.639999,27.690001,26.51,26.82,down
2016-02-10,27.110001,27.809999,26.84,27.1,up
2016-02-11,26.459999,26.969999,26.15,26.76,down
2016-02-12,27.120001,27.32,26.719999,27.040001,up
2016-02-16,27.98,29.440001,27.940001,29.280001,up
2016-02-17,29.469999,29.66,29.059999,29.370001,up
2016-02-18,29.559999,30.139999,29.389999,29.42,up
2016-02-19,30.190001,30.23,29.700001,30.040001,up
2016-02-22,30.65,31.209999,30.389999,31.17,up
2016-02-23,31.200001,31.379999,30.51,30.67,down
2016-02-24,30.41,31.120001,29.799999,30.950001,up
2016-02-25,30.74,31.360001,30.24,31.360001,up
2016-02-26,31.68,31.9,31.219999,31.370001,up
2016-02-29,31.309999,32.459999,31.309999,31.790001,up
2016-03-01,32.040001,32.849998,32.040001,32.799999,up
2016-03-02,32.810001,33.240002,32.77,32.91,up
2016-03-03,32.709999,33.209999,32.419998,32.880001,down
2016-03-04,32.91,33.93,32.759998,33.860001,up
2016-03-07,33.68,34.380001,33.59,33.959999,up
2016-03-08,33.66,33.82,32.84,32.93,down
2016-03-09,33.09,33.52,32.779999,33.509998,up
2016-03-10,33.59,33.599998,32.09,32.82,down
2016-03-11,33.290001,33.860001,32.84,33.810001,up
2016-03-14,33.75,34.09,33.509998,33.580002,down
2016-03-15,33.32,33.459999,33.110001,33.259998,down
2016-03-16,33.029999,34.080002,33.0,34.009998,up
2016-03-17,33.880001,34.549999,33.869999,34.279999,up
2016-03-18,34.540001,35.209999,34.380001,35.169998,up
2016-03-21,35.0,36.099998,35.0,35.470001,up
2016-03-22,34.68,35.610001,34.68,35.41,down
2016-03-23,35.43,35.700001,34.709999,34.799999,down
2016-03-24,34.450001,34.869999,33.93,34.860001,up
2016-03-28,35.389999,35.450001,34.619999,35.23,up
2016-03-29,35.049999,36.43,35.009998,36.32,up
2016-03-30,36.610001,37.279999,36.439999,36.560001,up
2016-03-31,36.509998,37.02,36.5,36.810001,up
2016-04-01,36.540001,36.880001,36.310001,36.48,down
2016-04-04,36.549999,37.5,36.540001,37.02,up
2016-04-05,36.700001,36.919998,36.220001,36.41,down
2016-04-06,36.400002,37.0,36.310001,36.66,up
2016-04-07,35.860001,37.25,35.720001,36.169998,down
2016-04-08,36.849998,36.919998,35.619999,36.07,down
2016-04-11,36.380001,36.849998,36.32,36.48,up
2016-04-12,36.650002,36.830002,36.279999,36.66,up
2016-04-13,36.939999,37.349998,36.900002,37.310001,up
2016-04-14,37.470001,37.5,36.849998,37.169998,down
2016-04-15,37.130001,37.150002,36.419998,36.509998,down
2016-04-18,36.240002,37.0,35.880001,36.52,up
2016-04-19,36.459999,36.73,36.110001,36.330002,down
2016-04-20,37.099998,38.189999,37.0,37.84,up
2016-04-21,37.919998,38.119999,37.349998,37.669998,down
2016-04-22,37.5,38.09,37.16,37.48,down
2016-04-25,37.470001,37.540001,37.18,37.23,down
2016-04-26,37.32,37.540001,36.91,37.110001,down
2016-04-27,37.52,37.59,36.630001,36.950001,down
2016-04-28,36.84,37.439999,36.509998,36.59,down
2016-04-29,36.509998,36.98,36.150002,36.599998,up
2016-05-02,36.650002,36.740002,36.32,36.529999,down
2016-05-03,36.25,36.41,35.91,36.009998,down
2016-05-04,35.810001,36.09,35.740002,36.0,down
2016-05-05,37.060001,37.450001,36.860001,36.939999,up
2016-05-06,36.549999,37.310001,36.490002,37.23,up
2016-05-09,36.970001,37.349998,36.919998,37.18,down
2016-05-10,37.169998,37.580002,37.139999,37.439999,up
2016-05-11,37.279999,37.630001,37.200001,37.369999,down
2016-05-12,37.389999,37.509998,36.790001,37.029999,down
2016-05-13,36.91,37.07,36.380001,36.48,down
2016-05-16,37.029999,37.790001,36.880001,37.48,up
2016-05-17,37.439999,37.700001,37.25,37.27,down
2016-05-18,37.09,37.5,36.889999,37.240002,down
2016-05-19,36.939999,37.23,36.669998,37.02,down
2016-05-20,36.049999,36.720001,35.880001,36.5,down
2016-05-23,36.459999,36.950001,36.43,36.66,up
2016-05-24,36.849998,37.630001,36.77,37.529999,up
2016-05-25,36.630001,36.959999,35.470001,35.59,down
2016-05-26,36.130001,36.849998,36.07,36.759998,up
2016-05-27,36.880001,37.880001,36.84,37.82,up
2016-05-31,37.73,38.080002,37.5,37.939999,up
2016-06-01,37.25,37.740002,36.560001,36.650002,down
2016-06-02,36.66,37.220001,36.580002,37.150002,up
2016-06-03,37.110001,37.110001,36.5,36.599998,down
2016-06-06,36.669998,37.200001,36.52,37.07,up
2016-06-07,36.900002,36.990002,36.630001,36.73,down
2016-06-08,36.84,37.299999,36.84,36.970001,up
2016-06-09,36.82,37.73,36.709999,37.349998,up
2016-06-10,36.970001,37.139999,36.59,36.830002,down
2016-06-13,36.700001,36.91,36.419998,36.470001,down
2016-06-14,36.630001,37.439999,36.630001,37.400002,up
2016-06-15,37.43,37.599998,37.099998,37.32,down
2016-06-16,37.389999,37.450001,36.540001,37.389999,up
2016-06-17,37.43,37.439999,36.810001,36.939999,down
2016-06-20,37.27,37.68,37.240002,37.290001,up
2016-06-21,37.369999,37.549999,37.200001,37.400002,up
2016-06-22,37.369999,37.52,37.169998,37.360001,down
2016-06-23,37.639999,37.779999,37.41,37.779999,up
2016-06-24,36.400002,36.950001,36.09,36.240002,down
2016-06-27,35.869999,36.009998,35.049999,35.220001,down
2016-06-28,35.580002,36.139999,35.5,36.040001,up
2016-06-29,36.25,37.080002,36.25,36.860001,up
2016-06-30,36.889999,37.580002,36.889999,37.560001,up
2016-07-01,37.560001,38.080002,37.43,37.990002,up
2016-07-05,37.68,37.77,37.169998,37.5,down
2016-07-06,37.43,37.560001,37.130001,37.509998,up
2016-07-07,37.57,37.759998,37.290001,37.52,up
2016-07-08,37.529999,37.84,37.060001,37.740002,up
2016-07-11,37.439999,38.150002,37.369999,37.959999,up
2016-07-12,38.0,38.330002,37.869999,37.889999,down
2016-07-13,37.990002,38.009998,37.459999,37.639999,down
2016-07-14,37.849998,38.349998,37.849998,37.959999,up
2016-07-15,38.16,38.189999,37.68,37.720001,down
2016-07-18,37.68,37.970001,37.5,37.950001,up
2016-07-19,37.77,38.490002,37.650002,38.169998,up
2016-07-20,38.360001,38.93,38.259998,38.900002,up
2016-07-21,39.009998,39.25,38.720001,38.849998,down
2016-07-22,38.900002,39.419998,38.779999,39.380001,up
2016-07-25,39.200001,39.209999,38.220001,38.32,down
2016-07-26,38.07,38.830002,37.900002,38.759998,up
2016-07-27,38.66,38.77,38.43,38.66,down
2016-07-28,38.580002,38.639999,38.23,38.52,down
2016-07-29,38.470001,38.52,38.080002,38.189999,down
2016-08-01,38.18,38.889999,38.099998,38.799999,up
2016-08-02,38.599998,38.669998,38.259998,38.57,down
2016-08-03,38.43,38.549999,38.279999,38.389999,down
2016-08-04,38.470001,39.029999,38.43,38.919998,up
2016-08-05,39.0,39.150002,38.900002,38.990002,up
2016-08-08,39.0,39.27,38.860001,39.240002,up
2016-08-09,39.240002,39.310001,39.099998,39.240002,down
2016-08-10,39.34,39.98,39.299999,39.93,up
2016-08-11,41.119999,41.73,40.93,41.27,up
2016-08-12,41.279999,42.98,41.279999,42.939999,up
2016-08-15,43.18,43.290001,42.43,42.669998,down
2016-08-16,42.299999,42.790001,41.950001,42.490002,down
2016-08-17,42.389999,42.75,42.389999,42.700001,up
2016-08-18,42.689999,42.970001,42.59,42.900002,up
2016-08-19,42.799999,43.119999,42.650002,43.02,up
2016-08-22,42.84,42.869999,42.330002,42.52,down
2016-08-23,42.610001,42.91,42.450001,42.599998,up
2016-08-24,42.5,42.77,41.790001,41.91,down
2016-08-25,41.830002,42.240002,41.73,42.029999,up
2016-08-26,42.150002,42.610001,41.939999,42.27,up
2016-08-29,42.200001,42.459999,42.080002,42.259998,down
2016-08-30,42.279999,42.740002,42.279999,42.580002,up
2016-08-31,42.459999,42.799999,42.459999,42.75,up
2016-09-01,42.779999,43.099998,42.720001,42.93,up
2016-09-02,43.27,43.599998,43.080002,43.279999,up
2016-09-06,43.5,44.849998,43.5,44.709999,up
2016-09-07,44.549999,44.919998,44.189999,44.349998,down
2016-09-08,44.07,44.720001,44.029999,44.360001,up
2016-09-09,43.919998,44.150002,42.82,42.919998,down
2016-09-12,42.279999,43.650002,42.18,43.459999,up
2016-09-13,43.189999,43.52,42.689999,43.040001,down
2016-09-14,42.91,43.619999,42.860001,43.459999,up
2016-09-15,43.41,44.049999,43.220001,43.990002,up
2016-09-16,43.939999,44.02,43.470001,43.669998,down
2016-09-19,43.919998,43.950001,43.0,43.189999,down
2016-09-20,43.240002,43.389999,42.66,42.790001,down
2016-09-21,42.889999,44.220001,42.889999,44.139999,up
2016-09-22,43.939999,44.869999,43.740002,44.150002,up
2016-09-23,43.5,43.759998,42.540001,42.799999,down
2016-09-26,42.380001,42.740002,41.849998,42.290001,down
2016-09-27,42.43,43.41,42.32,43.369999,up
2016-09-28,43.400002,43.720001,43.25,43.689999,up
2016-09-29,43.169998,43.299999,42.43,42.57,down
2016-09-30,42.740002,43.25,42.720001,43.099998,up
2016-10-03,42.950001,43.18,42.82,43.130001,up
2016-10-04,43.200001,43.5,42.959999,43.18,up
2016-10-05,43.23,43.869999,43.220001,43.709999,up
2016-10-06,43.639999,43.82,43.369999,43.68,down
2016-10-07,43.259998,43.68,43.119999,43.220001,down
2016-10-10,43.360001,44.07,43.25,43.919998,up
2016-10-11,43.869999,44.080002,42.490002,42.68,down
2016-10-12,42.599998,42.779999,42.049999,42.360001,down
2016-10-13,42.0,42.080002,41.169998,41.619999,down
2016-10-14,42.040001,42.25,41.41,41.439999,down
2016-10-17,41.349998,41.939999,41.240002,41.790001,up
2016-10-18,42.040001,42.610001,41.630001,41.68,down
2016-10-19,42.299999,42.939999,42.259998,42.73,up
2016-10-20,42.689999,42.689999,42.07,42.380001,down
2016-10-21,42.099998,42.200001,41.73,42.169998,down
2016-10-24,42.5,42.68,42.380001,42.59,up
2016-10-25,42.720001,42.75,42.43,42.549999,down
2016-10-26,42.259998,42.439999,41.950001,42.080002,down
2016-10-27,42.310001,42.490002,41.810001,41.869999,down
2016-10-28,42.029999,42.220001,41.709999,41.779999,down
2016-10-31,42.029999,42.16,41.549999,41.549999,down
2016-11-01,41.130001,41.34,40.689999,41.330002,down
2016-11-02,41.799999,42.16,40.360001,40.68,down
2016-11-03,40.619999,40.75,40.169998,40.23,down
2016-11-04,39.959999,40.669998,39.799999,40.279999,up
2016-11-07,41.169998,41.23,40.860001,41.049999,up
2016-11-08,40.970001,41.279999,40.68,41.16,up
2016-11-09,40.439999,41.389999,40.220001,41.209999,up
2016-11-10,41.549999,41.650002,39.540001,40.16,down
2016-11-11,39.84,40.52,39.369999,40.419998,up
2016-11-14,40.360001,40.389999,38.869999,39.299999,down
2016-11-15,39.610001,40.450001,39.580002,40.209999,up
2016-11-16,40.099998,41.049999,40.099998,40.98,up
2016-11-17,41.34,41.650002,41.200001,41.450001,up
2016-11-18,41.48,41.650002,40.900002,41.189999,down
2016-11-21,41.439999,41.48,40.939999,41.110001,down
2016-11-22,41.200001,41.400002,40.830002,41.009998,down
2016-11-23,40.91,40.98,40.549999,40.959999,down
2016-11-25,41.080002,41.080002,40.709999,40.869999,down
2016-11-28,40.849998,41.700001,40.740002,41.450001,up
2016-11-29,41.43,41.830002,41.119999,41.599998,up
2016-11-30,41.619999,41.669998,40.880001,41.02,down
2016-12-01,41.0,41.040001,39.529999,39.630001,down
2016-12-02,39.77,40.32,39.580002,40.07,up
2016-12-05,40.02,40.389999,39.849998,40.200001,up
2016-12-06,40.310001,40.419998,39.880001,39.970001,down
2016-12-07,39.98,40.57,39.75,40.52,up
2016-12-08,40.66,41.599998,40.419998,41.41,up
2016-12-09,41.52,41.799999,41.439999,41.759998,up
2016-12-12,41.450001,41.529999,41.130001,41.299999,down
2016-12-13,41.349998,41.790001,41.139999,41.470001,up
2016-12-14,41.439999,41.529999,40.830002,40.91,down
2016-12-15,40.0,40.0,38.25,38.41,down
2016-12-16,38.619999,39.220001,38.419998,38.610001,up
2016-12-19,38.66,38.790001,38.27,38.419998,down
2016-12-20,38.400002,39.18,38.240002,39.16,up
2016-12-21,39.080002,39.32,38.970001,39.150002,down
2016-12-22,38.689999,38.790001,38.259998,38.5,down
2016-12-23,38.459999,38.810001,38.369999,38.66,up
2016-12-27,38.59,39.07,38.5,38.919998,up
2016-12-28,39.119999,39.220001,38.709999,38.73,down
2016-12-29,38.759998,38.93,38.48,38.639999,down
2016-12-30,38.720001,39.0,38.43,38.669998,up
2017-01-03,39.110001,39.18,38.639999,38.900002,up
2017-01-04,39.0,40.25,38.919998,40.060001,up
2017-01-05,40.310001,41.369999,40.240002,41.34,up
2017-01-06,41.25,41.34,40.849998,41.23,down
2017-01-09,41.169998,41.66,41.130001,41.34,up
2017-01-10,41.889999,42.369999,41.540001,42.299999,up
2017-01-11,42.27,42.59,42.07,42.59,up
2017-01-12,42.34,42.459999,41.700001,42.110001,down
2017-01-13,42.110001,42.459999,42.02,42.27,up
2017-01-17,42.060001,42.18,41.84,41.990002,down
2017-01-18,42.150002,42.150002,41.799999,42.029999,up
2017-01-19,42.049999,42.189999,41.900002,42.09,up
2017-01-20,42.330002,42.540001,41.869999,42.049999,down
2017-01-23,41.950001,42.450001,41.84,42.400002,up
2017-01-24,43.650002,44.220001,43.43,43.900002,up
2017-01-25,44.110001,45.0,44.09,44.939999,up
2017-01-26,44.830002,45.080002,44.400002,44.549999,down
2017-01-27,44.540001,44.709999,44.23,44.419998,down
2017-01-30,44.220001,44.220001,43.709999,43.93,down
2017-01-31,43.779999,44.150002,43.669998,44.07,up
2017-02-01,44.25,44.259998,43.709999,43.779999,down
2017-02-02,43.630001,44.0,43.580002,43.689999,down
2017-02-03,43.900002,43.990002,43.66,43.709999,up
2017-02-06,43.619999,44.529999,43.560001,44.419998,up
2017-02-07,44.43,44.59,44.189999,44.369999,down
2017-02-08,44.5,45.189999,44.34,45.07,up
2017-02-09,44.950001,45.240002,44.82,45.080002,up
2017-02-10,45.150002,45.23,44.959999,45.029999,down
2017-02-13,45.080002,45.57,44.939999,45.459999,up
2017-02-14,45.380001,45.580002,44.900002,45.02,down
2017-02-15,45.029999,46.720001,44.639999,45.650002,up
2017-02-16,45.650002,45.689999,45.009998,45.16,down
2017-02-17,44.950001,45.34,44.790001,45.099998,down
2017-02-21,45.220001,45.610001,45.099998,45.5,up
2017-02-22,45.470001,46.349998,45.450001,45.98,up
2017-02-23,46.040001,46.139999,45.290001,45.41,down
2017-02-24,45.139999,45.549999,44.950001,45.549999,up
2017-02-27,45.450001,45.740002,45.240002,45.709999,up
2017-02-28,45.57,45.75,45.25,45.66,down
2017-03-01,45.889999,46.41,45.889999,46.240002,up
2017-03-02,46.02,46.130001,45.619999,45.939999,down
2017-03-03,45.880001,46.0,45.599998,45.91,down
2017-03-06,45.610001,45.689999,45.389999,45.639999,down
2017-03-07,45.5,45.919998,45.490002,45.73,up
2017-03-08,45.849998,46.189999,45.73,45.98,up
2017-03-09,45.869999,46.119999,45.68,45.939999,down
2017-03-10,46.200001,46.200001,45.75,45.98,up
2017-03-13,46.099998,47.0,46.099998,46.57,up
2017-03-14,46.41,46.759998,46.189999,46.369999,down
2017-03-15,46.549999,46.549999,45.900002,46.290001,down
2017-03-16,46.599998,46.619999,46.299999,46.610001,up
2017-03-17,46.73,46.900002,46.5,46.59,down
2017-03-20,46.619999,47.16,46.52,46.77,up
2017-03-21,47.0,47.189999,45.68,45.77,down
2017-03-22,45.610001,46.139999,45.599998,46.060001,up
2017-03-23,46.130001,46.779999,46.09,46.599998,up
2017-03-24,46.650002,46.869999,46.139999,46.400002,down
2017-03-27,45.919998,46.48,45.740002,46.400002,down
2017-03-28,46.330002,46.759998,46.240002,46.57,up
2017-03-29,46.52,46.84,46.299999,46.779999,up
2017-03-30,46.799999,47.049999,46.599998,46.619999,down
2017-03-31,46.52,46.700001,46.27,46.41,down
2017-04-03,46.5,46.849998,46.16,46.43,up
2017-04-04,46.299999,46.470001,46.119999,46.23,down
2017-04-05,46.41,46.919998,46.240002,46.380001,up
2017-04-06,46.380001,46.43,46.040001,46.279999,down
2017-04-07,46.23,46.529999,45.959999,46.439999,up
2017-04-10,46.490002,47.419998,46.400002,47.209999,up
2017-04-11,47.029999,47.209999,46.419998,46.790001,down
2017-04-12,46.799999,47.16,46.669998,46.830002,up
2017-04-13,46.849998,47.110001,46.610001,46.900002,up
